Title,Description,Periode,Urheber,Technik,Country,Region,City,Lat,Lon,Coord-Quality-Score,Fallback,Ext-Calls
"Pontresina, Bahnhof, Gesamtaussenansicht",Gesamtansicht des Bahnhofs mit Berninabahn und Pferdekutschen,1908,,,Switzerland,Kanton Graubünden,Pontresina,46.4906964,9.8963981,4,False,1
"Italia, Stresa, Hotel Regina Palace",Ansicht des Hotel Regina Palace in Stresa,1910,,,Italy,Piemonte,Stresa,45.8847147,8.5366051,4,False,1
"Italia, Stresa, Ortsteilansicht","Blick von einer Anhöhe aus über die Dächer von Stresa, im Hintergrund der Lago Maggiore",1910,,,Italy,Piemonte,Stresa,45.88158,8.53834,3,True,0
"Italia, Verbania, Pallanza, Ortsteilansicht",Blick auf die Uferpromenade von Pallanza von einer Anhöhe aus,1910,,,Italy,Piemonte,Pallanza,45.92298,8.55045,3,True,0
"Chli Schärhorn, Panorama",Blick vom Chli Schärhorn (Kleines Scheerhorn) zum Gross Schärhorn (Grosses Scheerhorn) und zum Tödi,1905,,,Switzerland,,Chli Schärhorn,46.8286207,8.824039,4,False,1
"Badus, Landschaft",Blick vom Val Maighels auf den Badus,1905,,,Switzerland,Oromiya Region,Badus,46.6226,8.6637,5,False,0
"Grindelwald, Gletscherschlucht, Teilansicht","Blick entlang der Lütschine auf einen Teil der Gletscherschlucht, am linken Bildrand ist ein Teil der Felsgallerie zu sehen",1907,,,Switzerland,Canton de Berne,Gletscherschlucht,46.6098071,8.0511439,4,False,1
"Rigi Staffel, Hotel Rigi Staffel",Blick auf das Hotel Rigi Staffel gegen den Pilatus,1908-1910,,,Switzerland,Kanton Schwyz,Rigi Staffel,47.05234,8.47518,3,True,0
"Zürich, Kreis 1, Stadthaus, Gesamtaussenansicht","Blick vom Grossmünster auf Zürich mit dem Postgebäude, dem Stadthaus und dem Fraumünster",1907,,,Switzerland,Kanton Zürich,Zürich,47.3692993,8.5414389,4,False,1
"Zürich, Kreis 7, Pflegerinnenschule, Kreuzkirche","Hottingen, Ortsansicht mit der Pflegerinnenschule, im Hintergrund links die Kreuzkirche",1906,,,Switzerland,Kanton Zürich,Zürich,47.3703573,8.5618551,4,False,1
"Italia, Menaggio, Ortsgesamtansicht",Blick auf Menaggio und den Lago die Como von einer Wiese aus,1906,,,Italy,Lombardia,Menaggio,46.02075,9.23907,3,True,0
"Italia, Colico, Lago di Como, Ortsteilansicht",Comersee. Fähre und Dampfschiff bei Anlegestelle in Colico,1906,,,Italy,Lombardia,Colico,46.13205,9.37714,3,True,0
"Brig, Gesamtansicht",Brig gegen den Simplon,1906,,,Switzerland,Canton du Valais,Brig,46.31667,7.98333,3,True,0
"France, Salève, Bonhomme, Landschaft, Bergsteigen","Ansicht einer Felswand des Mont Salève, darauf einige Bergsteiger",1906,,,France,,Salève,46.09417,6.14028,5,False,0
"France, Salève, Bonhomme, Landschaft, Bergsteigen","Ansicht einer Felswand des Mont Salève, darauf einige Bergsteiger",1906,,,France,,Salève,46.09417,6.14028,5,False,0
"Deutschland, Schwarzwald, Bauernhaus",Schwarzwälder Bauernhaus,1906,,,Germany,,"Deutschland, [Lokalisierung unsicher]",,,0,False,0
"Bern, Neues Postgebäude, Gesamtaussenansicht","Gesamtaussenansicht der ehemaligen Oberpostdirektion, Ecke Aarbergergasse-Bollwerk",1906,,,Switzerland,Canton de Berne,Bern,46.94809,7.44744,3,True,0
"Italia, Como, Ortsgesamtansicht",Blick über Como,1906,,,Italy,Lombardia,Como,45.80819,9.0832,3,True,0
"Italia, Varenna, Ortsteilansicht",Varenna und Comer See,1906,,,Italy,Lombardia,Varenna,46.01078,9.28465,3,True,0
"Cabane du Trient, Teilaussenansicht",Aussenansicht der Trienthütte mit Blick auf den Glacier du Trient,1906,,,Switzerland,,Cabane du Trient,45.9995963,7.0436489,4,False,1
"Schweiz, Skisport [Lokalisierung unsicher]",Ansicht eines Skifahrers mit dem Telemarkschwung,1908,,,Switzerland,,Schweiz,,,0,False,0
"Schweiz, Skisport [Lokalisierung unsicher]",Ansicht eines Skifahrers mit dem Telemarkschwung,1908,,,Switzerland,,Schweiz,,,0,False,0
"Grindelwald, Bahnhofplatz, Ortsteilansicht","Bahnhofplatz in Grindelwald im Winter, im Hintergrund das Wetterhorn",1908,,,Switzerland,Canton de Berne,Grindelwald,46.9484908,7.4402444,4,False,1
"Landschaft, Skijöring [Lokalisierung unsicher]","Winterlandschaft, Skijöring-Gruppe auf Strasse",1907,,,,,[Lokalisierung unsicher],,,0,False,0
"St. Moritz, Landschaft","Winterlandschaft, Skijöring-Gruppe bei St. Moritz",1908,,,Switzerland,Kanton Graubünden,St. Moritz,46.49937,9.84327,3,True,0
"Skisport, Kristiania-Schwung","Ansicht eines Skifahrers im 'Kristiania-Schwung', ein zweiter Skifahrer steht etwas oberhalb",1908,,,Switzerland,,Schweiz,46.7985624,8.2319736,2,True,1
"St. Moritz, Landschaft",Teilabschnitt der Bobbahn St.Moritz durch den Wald,1908,,,Switzerland,Kanton Graubünden,St. Moritz,46.49937,9.84327,3,True,0
"Luzern, Ortsgesamtansicht",Blick auf Luzern gegen den Pilatus,1900,,,Switzerland,Kanton Luzern,Luzern,47.05048,8.30635,3,True,0
"Paspels, Canova, Burg Neu-Süns, Teilaussenansicht",Ruine von Canova (Burg Neu-Süns) und Canovasee,1908,,,Switzerland,Kanton Graubünden,Paspels,46.74376,9.44842,5,False,0
"Luzern, Löwendenkmal, Teilansicht",Detailansicht der Löwenskulptur des Löwendenkmals und Teile der Inschrift,1906,,,Switzerland,Kanton Luzern,Luzern,47.0584443,8.310868,4,False,1
"Interlaken, Harderbahn, untere Station, Teilaussenansicht",Harderbahn. Ansicht der Station bei Interlaken,1908,,,Switzerland,Canton de Berne,Interlaken,46.6955816,7.8628464,4,False,1
"Harderbahn, Bergstation, Teilaussenansicht",Harderbahn. Blick vom Trassee hinauf zur oberen Station und auf einen Bahnwagen,1908,,,Switzerland,,Harder Kulm,46.6955816,7.8628464,4,False,1
"Harderkulm, Bergrestaurant, Teilaussenansicht",Ansicht des Bergrestaurants Harder Kulm,1908,,,Switzerland,,Harderkulm,46.6996822,7.8561411,4,False,1
"Unterseen, Hotel Harder Kulm, Teilaussenansicht",Vorderseite des Harder Kulm Hotel bei Untersseen,1908,,,Switzerland,Canton de Berne,Unterseen,46.6853,7.84722,3,True,0
"Harderbahn, Teilansicht","Blick auf einen Teil der Harderbahn mit einem Wagen, im Hintergrund Interlaken",1908,,,Switzerland,Canton de Berne,Interlaken,46.6955816,7.8628464,4,False,1
"Zürich, Kreis 1, Bauschänzli, Ortsteilansicht","Zürich, Blick von der Quaibrücke auf das Bauschänzli",1908,,,Switzerland,Kanton Zürich,Zürich,47.3678613,8.5423935,4,False,1
"Lugano, Kirche Santa Maria degli Angioli, Teilinnenansicht","Kirche Santa Maria degli Angioli, la Crocifissione von Bernardino Luini gemalt",1908,,,Switzerland,Cantone Ticino,Lugano,45.9999834,8.9490351,4,False,1
"Davos, Bob-Sport",Teilansicht der Davoser Bobbahn mit grosser Zuschauermenge,1908,,,Switzerland,Kanton Graubünden,Davos,46.80429,9.83723,3,True,0
"Lugano, Piazza della Riforma, Teilansicht","Lugano, Piazza della Reforma; Ansicht gegen Südwesten, Blick auf die Marktstände, links der Palazzo Civico, im Hintergrund Geschäftshäuser",1908,,,Switzerland,Cantone Ticino,Lugano,46.0036289,8.9516442,4,False,1
"Italia, Valsolda, Oria, Villa Bianci, Gesamtaussenansicht",Ansicht der Villa Bianci am Ufer von Oria,1908,,,Italy,Puglia,Oria,40.49999,17.6428,3,True,0
"Italia, Albogasio, Ortsteilansicht",Blick auf Albogasio vom Lago di Lugano aus,1908,,,Italy,,Albogasio,46.0236379,9.0401926,2,True,1
"Italia, Albogasio, Ortsteilansicht",Blick auf Albogasio vom Lago di Lugano aus,1908,,,Italy,,Albogasio,46.0236379,9.0401926,2,True,1
"Italia, Valsolda, San Mamete, Ortsgesamtansicht",Blick auf San Mamete vom Lago di Lugano aus,1908,,,Italy,Lombardia,San Mamete,46.02505,9.05364,3,True,0
"Italia, Valsolda, San Mamete, Ortsgesamtansicht","Blick auf San Mamete vom Lago di Lugano aus, mittig ein Ruderboot",1908,,,Italy,Lombardia,San Mamete,46.02505,9.05364,3,True,0
"Italia, Valsolda, San Mamete, Ortsteilansicht",Blick auf San Mamete vom Lago di Lugano aus,1908,,,Italy,Lombardia,San Mamete,46.02505,9.05364,3,True,0
"Italia, Valsolda, Castello, Ortsteilansicht","Blick auf die auf einem Felsen gelegene Ortschaft Castello, im Vordergrund Wald",1908,,,Italy,Friuli Venezia Giulia,Castello,45.9498,8.67566,3,True,0
"Italia, Valsolda, Castello, Ortsteilansicht","Blick auf die auf einem Felsen gelegene Ortschaft Castello, im Vordergrund eine Steinbrücke",1908,,,Italy,Friuli Venezia Giulia,Castello,45.9498,8.67566,3,True,0
"Luzern, Ortsgesamtansicht",Blick auf Luzern gegen die Rigi vom Gütsch aus gesehen,1906,,,Switzerland,Kanton Luzern,Luzern,47.05048,8.30635,3,True,0
"Italia, Lanzo d'Intelvi, Panorama",Blick von Lanzo d'Intelvi auf den Lago di Lugano,1908,,,Italy,,Lanzo d'Intelvi,45.9791282,9.0207604,2,True,1
"Luzern, Schweizerhofquai, Teilansicht","Luzern, Sicht auf den Schweizerhofquai, Kirche St. Leodegar, Hotel National",1906,,,Switzerland,Kanton Luzern,Luzern,47.0536971,8.3092967,4,False,1
"Italia, Lanzo d'Intelvi, Ortsgesamtansicht","Ansicht von Lanzo d'Intelvi, im Vordergrund Fuhrwerke auf einem Weg",1908,,,Italy,,Lanzo d'Intelvi,45.9791282,9.0207604,2,True,1
"Arogno, Ortsgesamtansicht",Ortsgesamtansicht und Tal im Hintergrund,1908,,,Switzerland,Cantone Ticino,Arogno,45.95909,8.98441,3,True,0
"Valganna, Ortsteilansicht",Ansicht von Valganna,1908,,,Italy,Lombardia,Valganna,45.90228,8.82333,3,True,0
"Valganna, Ortsteilansicht",Ansicht von Valganna,1908,,,Italy,Lombardia,Valganna,45.90228,8.82333,3,True,0
"Vierwaldstättersee, Landschaft","Blick auf den Vierwaldstättersee (Urnersee), dahinter Bergpanorama",1906,,,Switzerland,,Vierwaldstättersee,46.9819,8.48,5,False,0
"Grindelwald, Ortsgesamtansicht","Blick auf Grindelwald hinab, gegen das Wetterhorn",1908,,,Switzerland,Canton de Berne,Grindelwald,46.62396,8.03601,3,True,0
"Italia, Varzo, Ortsgesamtansicht",Blick von einer anhöhe auf Varzo,1905,,,Italy,Piemonte,Varzo,46.20736,8.25267,3,True,0
"Fiesch, Ortsgesamtansicht","Unten ist das Dorf zu sehen, dahinter der bewaldete Berghang, oben die Bergspitze",1905,,,Switzerland,Canton du Valais,Fiesch,46.39981,8.13533,3,True,0
"Italia, Macugnaga, Pecetto, Ortsteilansicht",Teilansicht der Walsersiedlung Pecetto/Zertannen mit Kirche,1906,,,Italy,Piemonte,Pecetto,45.0176,7.75107,3,True,0
"Staldenried, Zertannen, Bauernhaus, Gesamtaussenansicht",Ansicht eines Bauernhauses gegen Nordend in Zertannen,1906,,,Switzerland,,Zertannen,,,0,False,0
"Orselina, Ortsteilansicht",Teilansicht von Orselina mit Blick auf den Kirchturm,1906,,,Switzerland,Cantone Ticino,Orselina,46.18013,8.79979,3,True,0
"Italia, Lago di Garda, Landschaft",Böschung oberhalb des Lago di Garda,1906,,,Italy,,Lago di Garda,45.6624314,10.6861569,2,True,1
"Italia, Salò, Ortsteilansicht","Ufer des Lago di Gardo vor Salò, im Vordergrund drei Frauen",1906,,,Italy,Lombardia,Salò,45.60685,10.5205,3,True,0
"Italia, Garda, Punta San Vigilio, Landschaft","Blick auf den Lago di Garda, im Vordergrund drei Olivenbäume, dahinter Zypressen",1906,,,Italy,,Punta San Vigilio,45.5727085,10.6719114,4,False,1
"Italia, Isola di Garda, Villa Borghese, Gesamtaussenansicht",Villa Borghese auf der Isola di Garda,1906,,,Italy,,Isola di Garda,41.91349,12.49317,5,False,0
"Vierwaldstättersee, Landschaft","Blick auf den Vierwaldstättersee mit einem Ruderboot und Ruderer darauf, im Hintergrund Urirotstock (Urirothstock)",1906,,,Switzerland,,Vierwaldstättersee,,,0,False,0
"Italia, San Martino della Battaglia, Kriegerdenkmal, Gesamta","Blick auf das Kriegerdenkmal, daneben ein Zypressenhain",1906,,,Italy,Lombardia,San Martino della Battaglia,45.43832,10.60053,3,True,0
"Italia, Riva del Garda, Ortsteilansicht","Blick auf Riva del Garda, im Vordergrund ein Denkmal",1906,,,Italy,Trentino-Alto Adige,Riva del Garda,45.88577,10.84117,3,True,0
"Italia, Sirmione, Grotte di Catullo, Teilaussenansicht","Blick auf die Ruinen der römischen Villa Grotte di Catullo, auch Grotten des Catull genannt",1906,,,Italy,Lombardia,Sirmione,45.5009128,10.6067079,4,False,1
"Italia, Sirmione, Grotte di Catullo, Teilaussenansicht","Blick auf die Ruinen der römischen Villa Grotte di Catullo, auch Grotten des Catull genannt, im Hintergrund ist der Gardasee zu sehen",1906,,,Italy,Lombardia,Sirmione,45.5009128,10.6067079,4,False,1
"Italia, Isola di Garda, Gesamtansicht",Blick auf die Isola di Garda,1906,,,Italy,,Isola di Garda,45.5928053,10.5906933,2,True,1
"Italia, Desenzano del Garda, Ortsteilansicht",Segelschiffe im Hafen von Desenzano del Garda,1906,,,Italy,Lombardia,Desenzano del Garda,45.47127,10.53559,3,True,0
"Italia, Riva del Garda, Ortsteilansicht",Hafen von Riva del Garda,1906,,,Italy,Trentino-Alto Adige,Riva del Garda,45.88577,10.84117,3,True,0
"Brunnen, Ortsgesamtansicht",Blick auf Brunnen; im Vordergrund ist der Vierwaldstättersee mit dem Schiff Unterwalden zu sehen; im Hintergrund sind die Mythen zu sehen,1906,,,Switzerland,Kanton Schwyz,Brunnen,46.9936,8.60538,3,True,0
"Italia, Isola di Garda, Teilansicht",Blick auf die Isola di Garda vom Ufer des Gardasees aus,1906,,,Italy,,Isola di Garda,45.5928053,10.5906933,2,True,1
"Italia, Riva del Garda, Ortsgesamtansicht","Blick auf Riva del Garda, im Vordergrund der Lago di Garda",1906,,,Italy,Trentino-Alto Adige,Riva del Garda,45.88577,10.84117,3,True,0
"Italia, Limone sul Garda, Ortsteilansicht","Blick vom Lago di Garda auf Limone sul Garda, im Vordergrund drei Boote",1906,,,Italy,Lombardia,Limone sul Garda,45.8145,10.79278,3,True,0
"Italia, Lago di Garda, Ponalestrasse, Teilansicht","Blick auf die Serpentinen der Ponalestrasse, im Hintergrund der Lago di Garda",1906,,,Italy,,Lago di Garda,45.8774259,10.8386052,4,False,1
"Italia, Tremosine sul Garda, Ortsteilansicht",Blick auf Tremosine und den Lago di Garda,1906,,,Italy,Lombardia,Tremosine sul Garda,45.77149,10.75778,3,True,0
"Italia, Verona, Piazza delle Erbe, Ortsteilansicht",Marktstände auf der Piazza delle Erbe in Verona,1906,,,Italy,Veneto,Verona,45.44299,10.99729,5,False,0
"Italia, Verona, Ponte Petra, Teilansicht",Ponte Pietra in Verona,1906,,,Italy,Veneto,Verona,45.44777,10.99996,5,False,0
"Italia, Verona, Giardino Giusti, Ortsteilansicht",Ansicht eines Teils des Giardino Giusti in Verona,1906,,,Italy,Veneto,Verona,45.44369,11.00732,5,False,0
"Brunnen, Hotel Waldstätterhof, Gesamtaussenansicht",Blick auf das Hotel Waldstätterhof am Ufer des Vierwaldstättersees,1906,,,Switzerland,Kanton Schwyz,Brunnen,47.1051,8.34738,5,False,0
"Italia, Sirmione, Landschaft","Blick auf die Halbinsel bei Sirmione vom Ufer des Gardasees aus gesehen, im Vordergrund sitzt ein Mann in einem Boot",1906,,,Italy,Lombardia,Sirmione,45.49744,10.60507,3,True,0
"Italia, Verona, Cattedrale di Santa Maria Assunta, Gesamtaus",Ansicht der Cattedrale di Santa Maria Assunta in Verona,1906,,,Italy,Veneto,Verona,43.3177948,11.3290896,4,False,1
"Italia, Salò, Ortsteilansicht",Haus am Ufer des Lago di Garda in Salò,1906,,,Italy,Lombardia,Salò,45.60685,10.5205,3,True,0
"Italia, Verona, L'arca di Mastino II, Gesamtansicht",Ansicht des Monuments 'L'arca di Mastino II' in Verona,1906,,,Italy,Veneto,Verona,45.43854,10.9938,3,True,0
"Italia, San Martino della Battaglia, Landschaft",Ansicht eines Zypressenhains in San Martino della Battaglia,1906,,,Italy,Lombardia,San Martino della Battaglia,45.43832,10.60053,3,True,0
"Italia, Verona, Ortsteilansicht",Blick über die Dächer Veronas,1906,,,Italy,Veneto,Verona,45.43854,10.9938,3,True,0
"Italia, Lazise, Castello Scaligero, Teilaussenansicht","Blick auf die mittelalterliche Burg Castello Scaligero, auch Scaligerburg genannt",1906,,,Italy,Veneto,Lazise,45.49218,10.60821,5,False,0
"Italia, Sirmione, Chiesa di Sant'Anna della Rocca, Teilausse",Blick auf den Turm der Chiesa di Sant'Anna della Rocca,1906,,,Italy,Lombardia,Salò,45.60685,10.5205,3,True,0
"Italia, Sirmione, Grotte di Catullo, Teilaussenansicht","Ansicht der Mauerreste der römischen Villa Grotte di Catullo, auch Grotten des Catull genannt",1906,,,Italy,Lombardia,Sirmione,45.5009128,10.6067079,4,False,1
"Italia, Sirmione, Chiesa di San Pietro in Mavino, Gesamtauss",Blick auf die Chiesa di San Pietro in Mavino,1906,,,Italy,Lombardia,Sirmione,45.498177,10.6049179,4,False,1
"Italia, Gardone Riviera, Grand Hotel, Gesamtaussenansicht",Blick auf das Grand Hotel in Gardone vom Lago di Garda aus,1906,,,Italy,Lombardia,Gardone Riviera,45.434,10.9896,5,False,0
"Italia, Maderno, Ortsteilansicht",Piazza San Marco in Maderno,1906,,,Italy,Trentino-Alto Adige,Maderno,45.63333,10.58333,3,True,0
"Italia, Malcesine, Ortsteilansicht",Blick von einer Anhöhe aus auf Malcesine und den Lago di Garda,1906,,,Italy,Veneto,Malcesine,45.7614,10.80863,3,True,0
"Italia, Sirmione, Castello scaligero, Teilaussenansicht","Castello scaligero in Sirmione, im Vordergrund mehrere Boote",1906,,,Italy,Lombardia,Sirmione,45.49218,10.60821,5,False,0
"Italia, Sirmione, Ortsteilansicht",Blick von einer Anhöhe aus auf einen Teil von Sirmione und den Lago di Garda,1906,,,Italy,Lombardia,Sirmione,45.49744,10.60507,3,True,0
"Italia, Salò, Landschaft",Wiese bei Salò mit Fischernetzen ausgelegt,1906,,,Italy,Lombardia,Salò,45.60685,10.5205,3,True,0
"Italia, Nago-Torbole, Torbole, Kirche Sant'Andrea, Teilausse",Blick den Hang hinauf zur Kirche Sant'Andrea,1906,,,Italy,Trentino-Alto Adige,Torbole,50.4589974,30.517988,4,False,1
"Italia, Malcesine, Ortsteilansicht",Beladene Segelboote im Hafen von Malcesine,1906,,,Italy,Veneto,Malcesine,45.7614,10.80863,3,True,0
"Italia, Arco, Landschaft",Blick auf einen Olivenhain,1906,,,Italy,Trentino-Alto Adige,Arco,45.91772,10.88672,3,True,0
"Italia, Garda, Punta San Vigilio, Landschaft","Blick entlang einer Strasse, die von Zypressen gesäumt ist, die am Ufer des Gardasees entlang führt",1906,,,Italy,,Punta San Vigilio,45.5727085,10.6719114,4,False,1
"Italia, Isola di Garda, Villa Borghese, Gesamtaussenansicht",Villa Borghese auf der Isola di Garda,1906,,,Italy,,Isola di Garda,41.91349,12.49317,5,False,0
"Italia, Gargnano, Ortsteilansicht","Ufer von Gargnano, rechts ein Dampfschiff auf dem Lago di Garda",1906,,,Italy,Lombardia,Gargnano,45.68586,10.65869,3,True,0
"Italia, Gargnano, Ortsteilansicht",Blick auf Gargnano und den Lago di Garda von einer Anhöhe aus,1906,,,Italy,Lombardia,Gargnano,45.68586,10.65869,3,True,0
"Italia, Riva del Garda, Ortsgesamtansicht",Blick auf Riva del Garda von einer Anhöhe aus,1906,,,Italy,Trentino-Alto Adige,Riva del Garda,45.88577,10.84117,3,True,0
"Italia, Lazise, Ortsteilansicht",Blick über den Gardasee hinweg auf Lazise vom Ufer aus gesehen,1906,,,Italy,Veneto,Lazise,45.50499,10.73923,3,True,0
"Brunnen, Gotthardbahn, Teilansicht",Blick auf die Gotthardbahn ; im Hintergrund ist der Frohnalpstock zu sehen,1906,,,Switzerland,Kanton Schwyz,Brunnen,46.9936,8.60538,3,True,0
"Italia, Malcesine, Ortsgesamtansicht","Blick auf Malcesine , im Vordergrund ein Hügel und der Lago di Garda",1906,,,Italy,Veneto,Malcesine,45.7614,10.80863,3,True,0
"Italia, Salò, Ortsteilansicht",Ansicht des eines Stadttors in Salò,1906,,,Italy,Lombardia,Salò,45.60685,10.5205,3,True,0
"Italia, Sirmione, Ortsteilansicht",Blick von einer Anhöhe über die Dächer von Sirmione und auf den Lago di Garda,1906,,,Italy,Lombardia,Sirmione,45.49744,10.60507,3,True,0
"Italia, Sirmione, Ortsteilansicht",Blick durch einen Torbogen auf Häsuder in Sirmione,1906,,,Italy,Lombardia,Sirmione,45.49744,10.60507,3,True,0
"Italia, San Martino della Battaglia, Torre monumentale","Weg mit Zypressen, im Hintergrund der Torre monumentale di San Martino della Battaglia",1906,,,Italy,Lombardia,San Martino della Battaglia,45.43832,10.60053,3,True,0
"Italia, Solferino, Ossario di Solferino",Blick auf den Altar und die Gebeine in der Knochenkapelle Ossario di Solferino,1906,,,Italy,Lombardia,Solferino,45.3740879,10.5689763,4,False,1
"Italia, Nago-Torbole, Torbole, Friedhof",Blick auf den Friedhof in Torbole,1906,,,Italy,Trentino-Alto Adige,Torbole,45.5097773,10.1062933,4,False,1
"Italia, Nago-Torbole, Torbole, Landschaft",Blick auf einen Olivenhein gegen den Gardasee,1906,,,Italy,Trentino-Alto Adige,Torbole,45.86951,10.87561,3,True,0
"Italia, Malcesine, Castello Scaligero",Castello Scaligero in Malcesine vom Lago di Garda aus gesehen,1906,,,Italy,Veneto,Malcesine,45.7663,10.80879,5,False,0
"Italia, Sirmione, Landschaft","Blick auf die Uferzone des Gardasees bei Sirmione, im Hintergrund sind Burgmauern zu sehen",1906,,,Italy,Lombardia,Sirmione,45.49744,10.60507,3,True,0
"Italia, Sirmione, Castello scaligero",Blick auf das Castello scaligero in Sirmione von einem Weg aus,1906,,,Italy,Lombardia,Sirmione,45.49218,10.60821,5,False,0
"Italia, Sirmione, Ortsteilansicht",Platz nahe der Chiesa di Sant'Anna della Rocca in Sirmione,1906,,,Italy,Lombardia,Sirmione,45.49744,10.60507,3,True,0
"Italia, Lago di Garda, Landschaft","Lago di Garda, im Hintergrund Garda",1906,,,Italy,,Lago di Garda,45.66667,10.68333,5,False,0
"Italia, Maderno, Chiesa di Sant'Andrea",Ansicht der Chiesa di Sant'Andrea in Maderno,1906,,,Italy,Trentino-Alto Adige,Maderno,45.6358911,10.5996008,4,False,1
"Italia, Desenzano del Garda, Ortsteilansicht",Marktplatz in Desenzano del Garda,1906,,,Italy,Lombardia,Desenzano del Garda,45.47127,10.53559,3,True,0
"Italia, Lazise, Hafen, Teilansicht",Blick auf den Hafen von Lazise,1906,,,Italy,Veneto,Lazise,45.50499,10.73923,3,True,0
"Italia, Malcesine, Ortsteilansicht",Blick von einer Anhöhe aus auf Malcesine und den Lago di Garda,1906,,,Italy,Veneto,Malcesine,45.7614,10.80863,3,True,0
"Italia, Verona, Basilica di Santa Anastasia","Portal der Basilica di Santa Anastasia in Verona, im Vordergrund das Monumento a Paolo Veronese",1906,,,Italy,Veneto,Verona,45.44534,11.00031,5,False,0
"Italia, Verona, Piazza dei Signori",Ansicht der Piauua dei Signori in Verona,1906,,,Italy,Veneto,Verona,45.44348,10.99808,5,False,0
"Italia, Lazise, Castello Scaligero",Blick auf die mittelalterliche Burg Castello Scaligero,1906,,,Italy,Veneto,Lazise,45.49218,10.60821,5,False,0
"Italia, Gardone Riviera, Chiesa di San Michele","Blick auf die Chiesa di San Michele, im Vordergrund ein Hund auf einer Wiese sitzend",1906,,,Italy,Lombardia,Gardone Riviera,45.5983,13.7417,5,False,0
"Italia, Gargnano, Ortsgesamtansicht",Ansicht von Gargnano am Lago di Garda,1906,,,Italy,Lombardia,Gargnano,45.68586,10.65869,3,True,0
"Italia, Nago-Torbole, Torbole, Ortsteilansicht",Ansicht einiger Häuser von Torbole,1906,,,Italy,Trentino-Alto Adige,Torbole,45.86951,10.87561,3,True,0
"Italia, Desenzano del Garda, Leuchtturm",Blick auf den Leuchtturm gegen den Gardasee,1906,,,Italy,Lombardia,Desenzano del Garda,45.47127,10.53559,3,True,0
"Italia, Gardone Riviera, Ortsgesamtansicht",Blick auf Gardone Riviera von einer Anhöhe aus,1906,,,Italy,Lombardia,Gardone Riviera,45.62396,10.56682,3,True,0
"Italia, Gardone Riviera, Ortsteilansicht","Blick auf Gardone Riviera und den Gardasee von einer Anhöhe aus, am linken Bildrand sitzt ein Mann auf einer Bank, dahinter steht ein Baum",1906,,,Italy,Lombardia,Gardone Riviera,45.62396,10.56682,3,True,0
"Italia, Nago-Torbole, Torbole, Uferpromenade",Ansicht der Uferpromenade von Torbole,1906,,,Italy,Trentino-Alto Adige,Torbole,45.86951,10.87561,3,True,0
"Italia, Gardone Riviera, Ortsteilansicht",Blick auf Gardone Riviera vom Ufer des Lago di Garda aus,1906,,,Italy,Lombardia,Gardone Riviera,45.62396,10.56682,3,True,0
"Italia, Gardone Riviera, Ortsteilansicht",Blick auf einen Teil von Gardone Riviera und des Lago di Garda von einer Anhöhe aus; im Vordergrund Baumwipfel,1906,,,Italy,Lombardia,Gardone Riviera,45.62396,10.56682,3,True,0
"Italia, Salò, Ortsteilansicht",Strasse in Salò,1906,,,Italy,Lombardia,Salò,45.60685,10.5205,3,True,0
"Italia, Garda, Punta San Vigilio, Landschaft","Blick entlang einer Strasse, die von Zypressen gesäumt ist",1906,,,Italy,,Punta San Vigilio,45.5727085,10.6719114,4,False,1
"Italia, Sirmione, Ortsteilansicht",Blick auf Sirmione vom Lago di Garda aus,1906,,,Italy,Lombardia,Sirmione,45.49744,10.60507,3,True,0
"Italia, Desenzano del Garda, Ortsteilansicht","Blick auf Desenzano del Garda, im Vordergrund ein Dampfschiff auf dem Lago di Garda",1906,,,Italy,Lombardia,Desenzano del Garda,45.47127,10.53559,3,True,0
"Italia, Lago di Garda, Teilansicht","Blick auf den Gardasee, am Ufer befindet sich eine Gruppe von Frauen, einige von ihnen sind am Waschen, im Vordergrund ist ein unbemanntes Ruderboot zu sehen",1906,,,Italy,,Lago di Garda,45.6624314,10.6861569,2,True,1
"Italia, Gardone Riviera, Grand Hotel",Ansicht des Grand Hotel in Gardone vom Lago di Garda aus,1906,,,Italy,Lombardia,Gardone Riviera,45.434,10.9896,5,False,0
"Italia, Arco, Castello di Arco",Blick vom Park auf die Ruine des Castello di Arco,1906,,,Italy,Trentino-Alto Adige,Arco,45.9223221,10.8883004,4,False,1
"Italia, Gardone Riviera, Morgnaga",Ansicht von Morgnaga,1906,,,Italy,Lombardia,Gardone Riviera,45.62396,10.56682,3,True,0
"Italia, Tremosine sul Garda, Ortsteilansicht",Blick über einige Dächer von Tremosine,1906,,,Italy,Lombardia,Tremosine sul Garda,45.77149,10.75778,3,True,0
"Italia, Gardone Riviera, Ortsteilansicht",Blick auf einen Teil von Gardone von Lago di Garda aus,1906,,,Italy,Lombardia,Gardone Riviera,45.62396,10.56682,3,True,0
"Italia, Garda, Punta San Vigilio",Punta San Vigilio am Lago di Garda,1906,,,Italy,,Punta San Vigilio,45.5727085,10.6719114,4,False,1
"Muotathal, Pfarrkirche, Gesamtaussenansicht","Muotathal, Ortsteilansicht mit Kirche",1906,,,Switzerland,Kanton Schwyz,Muotathal,46.977379,8.760064,4,False,1
"Italia, Garda, Punta San Vigilio, Park",Ansicht des Parks in Punta San Vigilio,1906,,,Italy,,Punta San Vigilio,45.5727085,10.6719114,4,False,1
"Italia, Riva del Garda, Cascate del Ponale",Ansicht des Cascata del Ponale bei Riva del Garda,1906,,,Italy,Trentino-Alto Adige,Riva del Garda,45.88577,10.84117,3,True,0
"Italia, Gargnano, Ortsteilansicht","Blick auf einen Teil von Gargnano, im Vordergrund das Ufer des Lago di Garda und ein Boot",1906,,,Italy,Lombardia,Gargnano,45.68586,10.65869,3,True,0
"Italia, Maderno, Ortsteilansicht",Piazza San Marco in Maderno,1906,,,Italy,Trentino-Alto Adige,Maderno,45.63333,10.58333,3,True,0
"Italia, Arco, Castello di Arco",Blick auf die Ruinen der mittelalterlichen Burg Arco und einige Häuser,1906,,,Italy,Trentino-Alto Adige,Arco,45.9223221,10.8883004,4,False,1
"Italia, Arco, Ortsgesamtansicht",Blick auf Arco,1906,,,Italy,Trentino-Alto Adige,Arco,45.91772,10.88672,3,True,0
"Italia, Riva del Garda, Hotel Lido Palace",Hotel Lido Palacein Riva del Garda,1908,,,Italy,Trentino-Alto Adige,Riva del Garda,45.883222,10.8465322,4,False,1
"Italia, Gardone Riviera, Fasano","Blick vom Gardasee nach Fasano, einem Ortsteil von Gardone Riviera, im Vordergrund ist ein Segelschiff auf dem See zu sehen",1908,,,Italy,Lombardia,Gardone Riviera,37.7667,14.0833,5,False,0
"Luzern, Ortsgesamtansicht","Blick auf Luzern gegen die Alpen, zentral im Bild ist die Hofkirche zu sehen",1906,,,Switzerland,Kanton Luzern,Luzern,47.05048,8.30635,3,True,0
"Italia, Lago di Loppio, Landschaft","Blick auf den Lago di Loppio, der früher auch als als Lago di S. Andrea bezeichnet wurde",1906,,,Italy,,Lago di Loppio,45.8648773,10.9202011,4,False,1
"Italia, Lago di Loppio, Landschaft","Landschaft in der Nähe des Lago di Loppio, der früher auch als als Lago di S. Andrea bezeichnet wurde",1906,,,Italy,,Lago di Loppio,45.8648773,10.9202011,4,False,1
"Italia, Garda, Punta San Vigilio, Park",Blick vom Park auf eine Steinmauer mit Bögen,1906,,,Italy,,Punta San Vigilio,45.5727085,10.6719114,4,False,1
"Italia, Salò, Duomo di Salò",Portal des Duomo di Salò,1906,,,Italy,Lombardia,Salò,45.6067394,10.5303927,4,False,1
"Italia, Salò, Ortsteilansicht","Ansicht eines Teils von Salò, im Vordergrund ein Garten",1906,,,Italy,Lombardia,Salò,45.60685,10.5205,3,True,0
"Muotathal, Suwarow-Brücke, Gesamtansicht",Suwarow-Brücke,1906,,,Switzerland,Kanton Schwyz,Muotathal,46.97676,8.76499,3,True,0
"Morschach, Ortsteilansicht","Blick auf Morschach, im Hintergrund der Uri Rotstock",1906,,,Switzerland,Kanton Schwyz,Morschach,46.98271,8.61826,3,True,0
"Lugano, Ortsgesamtansicht",Lugano vom Monte San Salvatore aus gesehen,1906,,,Switzerland,Cantone Ticino,Lugano,46.01008,8.96004,3,True,0
"Locarno, Wagen der Standseilbahn Locarno-Madonna del Sasso","Blick auf den Wagen der Standseilbahn Locarno-Madonna del Sasso, kurz FLMS, italienisch Funicolare Locarno-Madonna del Sasso, der über eine Brücke fährt",1906,,,Switzerland,Cantone Ticino,Locarno,46.17086,8.79953,3,True,0
"Italia, Como, Castel Baradello, Teilaussenansicht","Turm des Castel Baradello in Como, im Vordergrund ist ein Waldstück zu sehen",1906,,,Italy,Lombardia,Como,45.80819,9.0832,3,True,0
"Stans, Winkelrieddenkmal, Gesamtansicht",Ansicht des Winkelrieddenkmals in Stans,1906,,,Switzerland,Kanton Nidwalden,Stans,46.9564757,8.3657664,4,False,1
"Zug, Reformierte Kirche, Gesamtaussenansicht","Aussenansicht der Kirche von vorne, im Hintergrund Strasse mit Wohnhäusern",1906,,,Switzerland,Kanton Zug,Zug,47.171808,8.5137964,4,False,1
"Zug, Ortsteilansicht",Zug. Blick entlang des Quais auf die Rigi. Im Vordergrund ein Mädchen,1906,,,Switzerland,Kanton Zug,Zug,47.17242,8.51745,3,True,0
"Italia, Santa Margherita, Ortsteilansicht",Blick auf das Ufer des Luganersee und die umliegende Landschaft in der Nähe von Santa Margherita,1907,,,Italy,Liguria,Santa Margherita,45.63391,9.23013,3,True,0
"Italia, Santa Margherita, Ortsteilansicht",Blick auf Santa Margherita vom Luganersee aus gesehen,1907,,,Italy,Liguria,Santa Margherita,45.63391,9.23013,3,True,0
"Italia, Valsolda, Ortsteilansicht","Blick über den Luganersee hinweg auf die Ortsteile Oria und Albogasio der Gemeinde Valsolda, im Vordergrund rudert ein Mann stehend in einem Segelboot",1907,,,Italy,Lombardia,Valsolda,46.02486,9.05462,3,True,0
"Italia, Tenno, Ortsteilansicht","Blick über einige Dächer von Tenno, im Hintergrund der Lago di Garda",1906,,,Italy,Trentino-Alto Adige,Tenno,45.91937,10.8316,3,True,0
"Italia, Tenno, Ortsteilansicht",Frau mit einem Kind auf einem Weg bei Tenno,1907,,,Italy,Trentino-Alto Adige,Tenno,45.91937,10.8316,3,True,0
"Italia, Tenno, Grotte Cascata del Varone",Blick entlang einer Stege in der Grotte Cascata del Varone,1907,,,Italy,Trentino-Alto Adige,Tenno,45.91937,10.8316,3,True,0
"Italia, Arco, Ortsgesamtansicht","Blick auf Arco, im Vordergrund das Castello di Arco, im Hintergrund der Lago di Garda",1907,,,Italy,Trentino-Alto Adige,Arco,45.9223221,10.8883004,4,False,1
"Italia, Arco, Ortsgesamtansicht","Blick auf Arco, im Hintergrund der Lago di Garda",1907,,,Italy,Trentino-Alto Adige,Arco,45.91772,10.88672,3,True,0
"Italia, Arco, Ortsteilansicht","Blick auf Arco, im Hintergrund der Monte Brione",1907,,,Italy,Trentino-Alto Adige,Arco,45.91772,10.88672,3,True,0
"Italia, Arco, Valle del Sarca, Landschaft","Blick auf das Valle del Sarca in der Nähe von Arco gegen den Gardasee, am linken Bildrand fährt eine Eisenbahn",1907,,,Italy,Trentino-Alto Adige,Arco,45.9687551,10.9220188,4,False,1
"Italia, Valle del Sarca, Landschaft",Blick auf das Valle del Sarca gegen den Gardasee,1907,,,Italy,,Valle del Sarca,45.9687551,10.9220188,4,False,1
"Italia, Lago di Garda, Landschaft",Flussmündung des Sarca in den Lago di Garda,1907,,,Italy,,Lago di Garda,45.66667,10.68333,5,False,0
"Italia, Valle del Sarca, Landschaft",Blick auf die Flussmündung des Sarca,1907,,,Italy,,Valle del Sarca,45.9687551,10.9220188,4,False,1
"Italia, Riva del Garda, Ortsteilansicht","Ansicht von Riva del Garda von einer Anhöhe aus, im Hintergrund der Lago di Garda und der Monte Baldo",1907,,,Italy,Trentino-Alto Adige,Riva del Garda,45.88577,10.84117,3,True,0
"Italia, Riva del Garda, Ortsteilansicht","Ansicht von Riva del Garda von einer Anhöhe aus, im Vordergrund der Lago di Garda",1907,,,Italy,Trentino-Alto Adige,Riva del Garda,45.88577,10.84117,3,True,0
"Italia, Riva del Garda, Ortsteilansicht",Hafen von Riva del Garda,1906,,,Italy,Trentino-Alto Adige,Riva del Garda,45.88577,10.84117,3,True,0
"Italia, Riva del Garda, Hotel Lido Palace","Blick auf das Hotel Lido Palace von einer Anhöhe aus, im Vordergrund der Lago di Garda",1906,,,Italy,Trentino-Alto Adige,Riva del Garda,45.883222,10.8465322,4,False,1
"Italia, Riva del Garda, Ortsteilansicht","Blick auf den Gardasee, im Vordergrund befindet sich eine kleine Parkanlage mit Sitzbänken, am Ufer ist ein Steg zu sehen",1906,,,Italy,Trentino-Alto Adige,Riva del Garda,45.88577,10.84117,3,True,0
"Italia, Riva del Garda, Strada Ponale",Strada Ponale bei Riva del Garda,1907,,,Italy,Trentino-Alto Adige,Riva del Garda,45.8741342,10.8374419,4,False,1
"Vierwaldstättersee, Panorama",Blick von der Axensteinstrasse über den Vierwaldstättersee auf den Urirotstock (Urirothstock),1906,,,Switzerland,,Vierwaldstättersee,46.9819,8.48,5,False,0
"Italia, Riva del Garda, Ponalestrasse","Blick einen Teilabschnitt der Ponalestrasse, im Hintergrund der Gardasee",1906,,,Italy,Trentino-Alto Adige,Riva del Garda,45.8774259,10.8386052,4,False,1
"Italia, Pieve di Ledro, Ortsgesamtansicht",Blick auf Pieve di Ledro gegen den Ledrosee,1907,,,Italy,Trentino-Alto Adige,Pieve di Ledro,45.88848,10.73124,3,True,0
"Italia, Riva del Garda, Cascata del Ponale",Blick auf den Wasserfall Cascata del Ponale,1906,,,Italy,Trentino-Alto Adige,Riva del Garda,45.86142,10.83153,5,False,0
"Italia, Nago-Torbole, Ortsteilansicht",Blick von einer Anhöhe über einen Teil von Torbole und den Lago di Garda,1906,,,Italy,,Torbloe,,,0,False,0
"Italia, Limone sul Garda, Ortsgesamtansicht",Blick auf Limone sul Garda und den Lago di Garda von einer Anhöhe aus,1906,,,Italy,,Lago di Garda,45.6624314,10.6861569,2,True,1
"Italia, Campione del Garda, Landschaft",Blick von einem Bug des Schiffes auf dem Gardasee gegen Campione del Garda und Montecastello,1906,,,Italy,Trentino-Alto Adige,Riva del Garda,45.88577,10.84117,3,True,0
"Italia, Maderno, Ortsgesamtansicht",Blick auf Maderno und den Lago di Garda,1906,,,Italy,Trentino-Alto Adige,Maderno,45.63333,10.58333,3,True,0
"Italia, Maderno, Landschaft",Blick auf den Lago di Garda und Maderno von einer Anhöhe aus,1906,,,Italy,Trentino-Alto Adige,Maderno,45.63333,10.58333,3,True,0
"Italia, Gaino, Chiesa di San Michele, Teilaussenansicht","Blick auf die Chiesa di San Michele in Gaino, auf der Treppe, die zur Kirche führt, befinden sich Frauen und Kinder",1906,,,Italy,Lombardia,Gaino,45.5983,13.7417,5,False,0
"Italia, Gaino, Chiesa di San Michele, Teilaussenansicht","Blick auf die Chiesa di San Michele in Gaino, im Hintergrund ist der Gardasee zu sehen",1906,,,Italy,Lombardia,Gaino,45.5983,13.7417,5,False,0
"Italia, Toscolano-Maderno, Maina, Landschaft",Blick auf das Papiermühlental,1906,,,Italy,Puglia,Fasano,40.83625,17.36007,3,True,0
"Italia, Fasano, Ortsteilansicht",Blick auf Fasano runter gegen den Gardasee,1906,,,Italy,Puglia,Fasano,40.83625,17.36007,3,True,0
"Italia, Gardone Riviera, Ortsteilansicht","Blick auf Gardone Riviera vom Ufer des Lago di Garda aus, im Zentrum ein Segelboot",1906,,,Italy,Lombardia,Gardone Riviera,45.62396,10.56682,3,True,0
"Italia, Gardone Riviera, Ortsteilansicht","Blick auf Gardone Riviera vom Ufer des Lago di Garda aus, im Vordergrund ein Segelboot",1906,,,Italy,Lombardia,Gardone Riviera,45.62396,10.56682,3,True,0
"Italia, Gardone Riviera, Ortsteilansicht","Blick von einer Anhöhe auf Gardone Riviera, im Vordergrund Baumwipfel",1907,,,Italy,Lombardia,Gardone Riviera,45.62396,10.56682,3,True,0
"Italia, Gardone Riviera, Ortsteilansicht","Blick von einer Anhöhe auf Gardone Riviera, im Vordergrund ein kleiner Weg",1907,,,Italy,Lombardia,Gardone Riviera,45.62396,10.56682,3,True,0
"Italia, Gardone Riviera, Ortsgesamtansicht",Blick von einer Anhöhe auf Gardone Riviera und den Lago di Garda,1907,,,Italy,Lombardia,Gardone Riviera,45.62396,10.56682,3,True,0
"Italia, Gardone Riviera, Chiesa di San Michele, Teilaussenan","Blick auf die Chiesa di San Michele, die sich oberhalb von Gardone Riviera auf einem Hügel befindet",1906,,,Italy,Lombardia,Gardone Riviera,45.5983,13.7417,5,False,0
"Italia, Gardone Riviera, Chiesa di San Michele, Teilaussenan","Chiesa di San Michele, davor eine Frau",1906,,,Italy,Lombardia,Gardone Riviera,45.5983,13.7417,5,False,0
"Italia, Gardone Riviera, Chiesa di San Michele, Teilaussenan",Chiesa di San Michele in Gardone Riviera,1907,,,Italy,Lombardia,Gardone Riviera,45.5983,13.7417,5,False,0
"Italia, Gardone Riviera, Val di Barbarano, Landschaft",Blick auf das Val di Barbarano bei Gardone Riviera,1907,,,Italy,Lombardia,Gardone Riviera,45.3807998,11.5817342,4,False,1
"Italia, Isola di Garda, Landschaft",Blick auf die Isola di Garda über den Gardasee hinweg,1907,,,Italy,,Isola di Garda,45.58333,10.58333,5,False,0
"Italia, Isola di Garda, Villa Borghese, Gesamtaussenansicht",Villa Borghese auf der Isola di Garda,1907,,,Italy,,Isola di Garda,41.91349,12.49317,5,False,0
"Italia, San Fermo, Landschaft","Blick auf San Fermo herunter, im Hintergrund ist die Isola di Garda zu sehen, auf dem Gardasee schwimmt ein Segelschiff",1907,,,Italy,Lombardia,San Fermo,45.80868,9.04744,3,True,0
"Italia, Isola di Garda, Landschaft","Blick auf die Isola di Garda, im Vordergrund ragt eine Landzunge in den Gardasee, vor der Insel fährt ein grosses und ein kleines Schiff auf dem See",1907,,,Italy,,Isola di Garda,45.58333,10.58333,5,False,0
"Italia, Salò, Ortsgesamtansicht",Salò und der Lago di Garda,1907,,,Italy,Lombardia,Salò,45.60685,10.5205,3,True,0
"Italia, Salò, Ortsteilansicht",Uferpromenade des Lago di Garda in Salò mit dem Hotel Vittoria,1907,,,Italy,Lombardia,Salò,45.4632952,9.2102036,4,False,1
"Italia, Salò, Ortsteilansicht",Blick auf Salò vom gegenüberliegenden Ufer über den Gardasee hinweg,1907,,,Italy,Lombardia,Salò,45.60685,10.5205,3,True,0
"Italia, Salò, Ortsteilansicht","Blick auf Salò vom gegenüberliegenden Ufer des Lago di Garda aus, im Vordergrund Zypressen am Wegrand",1907,,,Italy,Lombardia,Salò,45.60685,10.5205,3,True,0
"Italia, Garda, Ortsteilansicht","Blick auf die Bucht des Gardasees bei Garda runter, im Hintergrund erstreckt sich eine Hügellandschaft",1907,,,Italy,Veneto,Garda,45.57889,10.71763,3,True,0
"Italia, Garda, Ortsteilansicht","Blick auf den Hafen von Garda, im Vordergrund beladen Männer ein Segelschiff",1907,,,Italy,Veneto,Garda,45.57889,10.71763,3,True,0
"Porträt, Weibliche Person, Italia",Frau am Lago di Garda mit zwei Wassereimern an einem Tragjoch befestigt,1907,,,Italy,,"Italien, [Lokalisierung unsicher]",,,0,False,0
"Porträt, Weibliche Person, Italia",Frau am Lago di Garda mit zwei Wassereimern an einem Tragjoch befestigt,1907,,,Italy,,"Italien, [Lokalisierung unsicher]",,,0,False,0
"Porträt, Weibliche Person, Italia",Frau am Lago di Garda mit zwei Wassereimern an einem Tragjoch befestigt,1907,,,Italy,,"Italien, [Lokalisierung unsicher]",,,0,False,0
"Porträt, Weibliche Person, Italia",Frauen mit Wasserkübeln vor einem Tordurchgang,1907,,,Italy,,"Italien, [Lokalisierung unsicher]",,,0,False,0
"Porträt, Weibliche Person, Italia",Frau steht auf einem Waldweg,1907,,,Italy,,"Italien, [Lokalisierung unsicher]",,,0,False,0
"Italia, Lago di Garda, Landschaft",Weinreben und Zedern am Ufer des Lago di Garda,1921,,,Italy,,Lago di Garda,45.66667,10.68333,5,False,0
"Italia, Lago di Garda, Zitronenplantage",Blick auf den Lago di Garda inmitten einer Zitronenbaumplantage aus,1907,,,Italy,,Lago di Garda,45.66667,10.68333,5,False,0
"Italia, Lago di Garda, Zitronenplantage","Ansicht einer Treppe innerhalb der Zitronenplantage, auf deren seitlichen Mauernresten ein junger Mann sitzt, die Treppe wird links und rechts von Zitronenbäumen gesäumt",1907,,,Italy,,Lago di Garda,45.66667,10.68333,5,False,0
"Italia, Lago di Garda, Zitronenbaum",Ansicht einiger Äste eines Zitronenbaums mit Früchten,1907,,,Italy,,Lago di Garda,45.66667,10.68333,5,False,0
Landschaft [Lokalisierung unsicher],"Blick entlang eines Weges, der von Olivenbäumen gesäumt ist, ein Knabe sitzt am Wegrand",1907,,,,,[Lokalisierung unsicher],,,0,False,0
Landschaft [Lokalisierung unsicher],"Blick entlang eines Weges, der von Olivenbäumen gesäumt ist",1907,,,,,[Lokalisierung unsicher],,,0,False,0
"Italia, Lago di Garda, Agave","Gesamtansicht einer Agave, daneben steht ein Olivenbaum",1907,,,Italy,,Lago di Garda,45.66667,10.68333,5,False,0
"Italia, Limone sul Garda, Ortsteilansicht",Cypressenzucht in Limone sul Garda,1907,,,Italy,Lombardia,Limone sul Garda,45.8145,10.79278,3,True,0
"Italia, Lago di Garda, Ortsteilansicht",Blick entlang einer Strasse eines Dorfes am Gardasee,1907,,,Italy,,Lago di Garda,,,0,False,0
"Seelisberg, Panorama","Blick über eine Wiese auf den Vierwaldstättersee und die Berge, im Vordergrund ein mit Holzzäunen eingefasster Weg und eine Scheune",1906,,,Switzerland,Kanton Uri,Seelisberg,46.97302,8.58689,3,True,0
"Porträt, Gruppenbild, Italia, Lago di Garda",Zwei Männer und ein Knabe beim Pflügen mit einem Ochsengespann,1907,,,Italy,,Gardasee,45.66667,10.68333,5,False,0
"Caprino, Cantine di Caprino, Teilansicht","Blick auf die Anlegestelle Cantine di Caprino mit zwei Fischerbooten, im Hintergrund ist der Luganersee zu sehen",1907,,,Switzerland,Cantone Ticino,Caprino,45.9874989,8.9848056,4,False,1
"Deutschland, Friedrichshafen, Ortsteilansicht",Blick auf Friedrichshafen vom Bodensee aus,1907,,,Germany,Baden-Württemberg,Friedrichshafen,47.65689,9.47554,3,True,0
"Deutschland, Friedrichshafen, Ortsteilansicht",Blick auf das Schloss Friedrichshafen und die umliegenden Gebäude am Ufer des Sees vom Bodensee aus,1907,,,Germany,Baden-Württemberg,Friedrichshafen,47.6497834,9.4654882,4,False,1
"Deutschland, Friedrichshafen, Rathaus",Ansicht des Rathausplatzes von Friedrichshafen,1907,,,Germany,Baden-Württemberg,Friedrichshafen,47.6505466,9.4802808,4,False,1
"Deutschland, Friedrichshafen, Rathaus",Ansicht des Rathausplatzes von Friedrichshafen,1907,,,Germany,Baden-Württemberg,Friedrichshafen,47.6505466,9.4802808,4,False,1
"Laufen-Uhwiesen, Rheinfall, Teilansicht",de|Blick auf den Rheinfall vom Känzeli aus gesehen.,1907,,,Switzerland,,Laufen-Uhwiesen,47.67822,8.61526,5,False,0
"Harder, Panorama (Teil 2/3)","Panorama vom Harder aus , Teil 2 von 3. Blick auf Interlaken und die Jungfraugruppe",1910,,,Switzerland,Washington,Harder,46.65,-118.4833,5,False,0
"Solothurn, Rathaus, Teilaussenansicht","Solothurn, Rathaus, neubarocker Erweiterungsbau auf der Südseite des alten Rathauses, erb. 1903-1905 von Arch. Jan Colan, Ansicht von Osten",1910,,,Switzerland,Kanton Solothurn,Solothurn,47.2084619,7.5374773,4,False,1
"Deutschland, Konstanz, Ortsteilansicht",Blick auf Konstanz vom Münster aus,1907,,,Germany,Baden-Württemberg,Konstanz,47.66033,9.17582,3,True,0
"Neuchâtel, Ortsteilansicht",Blick auf Neuchâtel mit dem Neuenburgersee,1910,,,Switzerland,Canton de Neuchâtel,Neuchâtel,46.99179,6.931,3,True,0
"Zug, Zugerberg, Landschaft",Waldstrasse im Nebel am Zugerberg,1910,,,Switzerland,Kanton Zug,Zug,47.14254,8.54193,5,False,0
"Rigi Kulm, Panorama","Panorama von Rigi-Kulm, Blick auf die Glarner Alpen",1906,,,Switzerland,Kanton Zürich,Rigi,47.0552008,8.4837861,4,False,1
"Bodensee, Teilansicht und Gruppenbild","Eine Gruppe Mädchen am Ufer des Bodensees, Blick über den See",1906,,,,Lower Saxony,Bodensee,49.0669,8.3528,5,False,0
"Italia, Rapallo, Ortsteilansicht",Blick auf einige Häuser Rapallos vom Ufer aus gesehen,1910,,,Italy,Liguria,Rapallo,44.3496,9.22796,3,True,0
"Italia, Rapallo, Ortsteilansicht","Blick auf einige Häuser Rapallos vom Ufer aus gesehen, im Vordergrund mehrere Boote am Ufer",1910,,,Italy,Liguria,Rapallo,44.3496,9.22796,3,True,0
"Italia, Rapallo, Castello",Ansicht des Castello di Rapallo mit Blick übers Meer auf Portofino,1910,,,Italy,Liguria,Rapallo,44.347838,9.2341252,4,False,1
"Italia, Portofino, Ortsteilansicht",Häuserreihe am Ufer von Portofino,1910,,,Italy,Liguria,Portofino,44.30349,9.20942,3,True,0
"Italia, Portofino, Castello di Paraggi",Castello di Paraggi in Portofino,1910,,,Italy,Liguria,Portofino,44.31667,9.21667,5,False,0
"Italia, Camogli, Abtei San Fruttuoso",Blick auf die Abtei von San Fruttuoso,1910,,,Italy,Liguria,Camogli,44.34945,9.15487,3,True,0
"Italia, Portofino, Ortsteilansicht","Häuserreihe am Ufer von Portofino, im Vordergrund ein Segelboot",1910,,,Italy,Liguria,Portofino,44.30349,9.20942,3,True,0
"Pilatus, Panorama",Panorama vom Pilatus gegen die Berner Alpen,1906,,,Switzerland,,Pilatus,46.9804,8.2572,5,False,0
"Italia, Camogli, Ortsteilansicht","Blick auf die Häuser von Camogli, im Vordergrund der Hafen",1910,,,Italy,Liguria,Camogli,44.34945,9.15487,3,True,0
"Italia, Camogli, Ortsteilansicht","Blick auf die Häuser von Camogli, im Vordergrund eine Pinie",1910,,,Italy,Liguria,Camogli,44.34945,9.15487,3,True,0
"Italia, Genova, Torre Gropallo, Gesamtaussenansicht",Blick auf den Torre Gropallo,1910,,,Italy,Liguria,Genova,44.380363,9.0423777,4,False,1
"Italia, Genova, Torre Gropallo, Gesamtaussenansicht",Blick auf den Torre Gropallo,1910,,,Italy,Liguria,Genova,44.380363,9.0423777,4,False,1
"Italia, Genua, Nervi, Ortsteilansicht",Blick von einer Anhöhe aus auf die Häuser von Nervi,1910,,,Italy,Liguria,Nervi,44.38333,9.03333,3,True,0
"Italia, Genova, Torre Gropallo, Gesamtaussenansicht",Blick auf den Torre Gropallo,1910,,,Italy,Liguria,Genova,44.380363,9.0423777,4,False,1
"Italia, Genova, Ortsteilansicht",Blick auf den Stadtteil Nervi von Genua mit dem Torre Gropallo,1910,,,Italy,Liguria,Genova,44.40478,8.94439,3,True,0
"Italia, Genova, Ortsteilansicht","Blick auf einen Teil von Genova von einer Anhöhe aus, im Hintergrund der Hafen und das Mittelmeer",1910,,,Italy,Liguria,Genova,44.40478,8.94439,3,True,0
"Italia, Genova, Bahnhof Genova Piazza Principe","Blick auf den Bahnhof Genova Piazza Principe, auf dem Platz davor sind Pferdekutschen zu sehen",1910,,,Italy,Liguria,Genova,44.41705,8.92037,5,False,0
"Pilatus, Panorama","Panorama vom Pilatus gegen die Berner Alpen, Blick auf den Vierwaldstättersee, rechts das Buochserhorn, im Vordergrund der Bürgenstock",1906,,,Switzerland,,Vierwaldstättersee,46.9804,8.2572,5,False,0
"Italia, Genova, Ortsteilansicht",Zwei Dampschiffe im Hafen von Genova,1910,,,Italy,Liguria,Genova,44.40478,8.94439,3,True,0
"Italia, Genova, Ortsteilansicht",Ansicht eines Parks in Genova,1910,,,Italy,Liguria,Genova,44.40478,8.94439,3,True,0
"Italia, Genova, Piazza Caricamento",Piazza Caricamento in Genova,1910,,,Italy,Liguria,Genova,44.4097723,8.9287228,4,False,1
"Italia, Genova, Piazza Caricamento",Blick auf den Piazza Caricamento in Genova,1910,,,Italy,Liguria,Genova,44.4097723,8.9287228,4,False,1
"Italia, Genova, Basilica di Santa Maria Assunta",Stadtteil Carignano von Genova mit der Basilica di Santa Maria Assunta,1910,,,Italy,Liguria,Genova,44.3503298,9.1517941,4,False,1
"Italia, Genova, Piazza della Nunziata",Piazza della Nunziata in Genova,1910,,,Italy,Liguria,Genova,44.41363,8.92837,5,False,0
"Italia, Genova, Truogoli di Santa Brigida","Blick auf das Waschhaus Truogoli di Santa Brigida, zwischen den Häusern sind Wäscheleinen gespannt, an denen Wäsche zum Trocknen aufgehängt ist",1910,,,Italy,Liguria,Genova,44.4152826,8.9247164,4,False,1
"Vitznau, Ortsgesamtansicht","Blick auf Vitznau über den Vierwaldstättersee hinweg, im Hintergrund die Rigi",1906,,,Switzerland,Kanton Luzern,Vitznau,47.01014,8.4842,3,True,0
"Italia, Genova, Camposanto, Monumento Piaggio",Ansicht des Grabsteins von Erasmo Piaggio,1910,,,Italy,Liguria,Genova,44.7833,11.1333,5,False,0
"Italia, Genova, Camposanto, Monumento Dapassano",Ansicht eines Grabsteins zum Gedenken an zwei Schwestern,1910,,,Italy,Liguria,Genova,44.7833,11.1333,5,False,0
"Italia, Genova, Castello Raggio","Blick auf das Castello Raggio, das sich im Stadtteil Cornigliano von Genua befindet",1910,,,Italy,Liguria,Genova,44.4151334,8.8719964,4,False,1
"Italia, Genova, Ortsteilansicht",Blick auf den Stadtteil Pegli runter,1910,,,Italy,Liguria,Genova,44.40478,8.94439,3,True,0
"Italia, Genova, Garten der Villa Durazzo Pallavicini","Blick auf den Tempel der Jagdgöttin Diana, der sich im Garten der Villa Durazzo Pallavicini befindet, die im Stadtteil Pegli von Genua errichtet wurde",1910,,,Italy,Liguria,Genova,44.42589,8.81721,5,False,0
"Italia, Alassio, Ortsgesamtansicht",Blick auf Alassio von einer Anhöhe aus,1910,,,Italy,Liguria,Alassio,44.00393,8.16713,3,True,0
"Italia, Imperia, Ortsteilansicht",Blick auf den Ortsteil Porto Maurizio der Stadt Imperia,1910,,,Italy,Liguria,Imperia,43.88917,8.03933,3,True,0
"Italia, Ospedaletti, Ortsteilansicht",en|View of Ospedaletti c. 1910,1910,,,Italy,Liguria,Ospedaletti,43.80221,7.7183,3,True,0
"Italia, Bordighera, Ortsteilansicht",Blick auf die Küste von Bordighera gegen Ospedaletti,1910,,,Italy,Liguria,Ospedaletti,43.80221,7.7183,3,True,0
"Italia, Bordighera, Kirche des Sant'Ampelio",Blick auf die Küste von Bordighera mit der Kirche des Sant'Ampelio,1910,,,Italy,Liguria,Ospedaletti,43.776977,7.6714423,4,False,1
"Italia, Sanremo, Ortsteilansicht",Blick von einer Anhöhe über Sanremo und auf das Mittelmeer,1910,,,Italy,Liguria,Sanremo,43.81725,7.7772,3,True,0
"Italia, Sanremo, Ortsteilansicht","Blick von einer Anhöhe über Sanremo, im Vordergrund Olivenbäume",1910,,,Italy,Liguria,Sanremo,43.81725,7.7772,3,True,0
"Italia, Sanremo, Ortsteilansicht",Uferpromenade von Sanremo,1910,,,Italy,Liguria,Sanremo,43.81725,7.7772,3,True,0
"Italia, Sanremo, Ortsteilansicht","Hafenbecken von Sanremo, im Vordergrund Segelschiffe",1910,,,Italy,Liguria,Sanremo,43.81725,7.7772,3,True,0
"Italia, Sanremo, Villa Zirio, Teilaussenansicht","Blick auf die Villa Zirio, die von Bäumen und Sträuchern verdeckt wird",1910,,,Italy,Liguria,Sanremo,43.8220719,7.7857048,4,False,1
"Italia, Sanremo, Via Montà",Via Montà in Sanremo,1910,,,Italy,Liguria,Sanremo,43.81725,7.7772,3,True,0
"Italia, Sanremo, Via Palma",Via Palma in Sanremo,1910,,,Italy,Liguria,Sanremo,43.81725,7.7772,3,True,0
"Luzern, Hotel Seeburg, Gesamtaussenansicht","Blick von einer Anhöhe auf das Hotel Seeburg (früher: Polytechnic Chalet Seeburg) und den Vierwaldstättersee, im Hintergrund das Stanserhorn",1906,,,Switzerland,Kanton Luzern,Luzern,47.0476368,8.3429776,4,False,1
"Italia, Ceriana, Ortsgesamtansicht",Ansicht von Ceriana,1910,,,Italy,Liguria,Ceriana,43.88091,7.77476,3,True,0
"Italia, Ventimiglia, Fels Scoglio Alto",Ansicht des Felsbrockens Scoglio Alto,1910-03,,,Italy,Liguria,Ventimiglia,46.9240266,11.740445,4,False,1
"Italia, Ventimiglia, Ortsteilansicht",Blick auf einen Teil von Ventimiglia,1910-03,,,Italy,Liguria,Ventimiglia,43.78956,7.60872,3,True,0
"Italia, Ventimiglia, Ortsgesamtansicht",Blick auf Ventimiglia,1910-03,,,Italy,Liguria,Ventimiglia,43.78956,7.60872,3,True,0
"Italia, Ventimiglia, Ortsgesamtansicht",Blick von einer Anhöhe auf Ventimiglia,1910-03,,,Italy,Liguria,Ventimiglia,43.78956,7.60872,3,True,0
"Italia, Ventimiglia, Ortsteilansicht","Blick von einer Anhöhe auf Ventimiglia, im Vordergrund ein Baum",1910-03,,,Italy,Liguria,Ventimiglia,43.78956,7.60872,3,True,0
"Italia, Bordighera, Ortsteilansicht","Blick auf Bordighera von einer Anhöhe aus, im Vordergrund Pflanzen",1910,,,Italy,Liguria,Bordighera,43.78064,7.66451,3,True,0
"Italia, Bordighera, Ortsteilansicht",Blick auf Bordighera von der Strandpromenade am Kap aus,1910,,,Italy,Liguria,Bordighera,43.78064,7.66451,3,True,0
"Italia, Bordighera, Ortsteilansicht",Blick auf Bordighera,1910,,,Italy,Liguria,Bordighera,43.78064,7.66451,3,True,0
"Bürgenstock, Panorama",Blick vom Bürgenstock aus auf Vitznau und die Rigi,1906,,,Switzerland,Kanton Nidwalden,Bürgenstock,46.9972,8.3985,5,False,0
"Italia, Bordighera, Kirche Sant'Ampelio",Blick auf die Kirche Sant'Ampelio über das Meer hinweg,1910,,,Italy,Liguria,Bordighera,43.78064,7.66451,3,True,0
"Italia, Bordighera, Giardini Winter","Ansicht einiger Palmen, Sukkulenten und Kakteen des Giardini Winter",1910,,,Italy,Liguria,Bordighera,43.7858171,7.6797393,4,False,1
"Italia, Bordighera, Landschaft",Ansicht einiger Palmen im Bordighera,1910,,,Italy,Liguria,Bordighera,43.78064,7.66451,3,True,0
"Italia, Sanremo, Ortsteilansicht","Hafenbecken von Sanremo, im Vordergrund Segelschiffe",1910,,,Italy,Liguria,Sanremo,43.81725,7.7772,3,True,0
"Italia, Sanremo, Ortsgesamtansicht",Blick von einer Anhöhe auf Sanremo und das Mittelmeer,1910,,,Italy,Liguria,Sanremo,43.81725,7.7772,3,True,0
"Italia, Sanremo, Ortsgesamtansicht",Blick auf Sanremo gegen Capo Nero,1910,,,Italy,Liguria,Sanremo,43.81725,7.7772,3,True,0
"Italia, Sanremo, Ortsgesamtansicht","Blick von einer Anhöhe auf Sanremo, im Vordergrund Rebberge",1910,,,Italy,Liguria,Sanremo,43.81725,7.7772,3,True,0
"Italia, Sanremo, Ortsgesamtansicht","Blick von einer Anhöhe auf Sanremo, im Vordergrund Bäume",1910,,,Italy,Liguria,Sanremo,43.81725,7.7772,3,True,0
"Rigi Staffel, Landschaft",Blick auf Rigi Staffel und Rigi Kulm mit Aussicht auf einen Teil des Vierwaldstättersees im Nebel,1906,,,Switzerland,Kanton Zürich,Rigi,47.053493,8.4738655,4,False,1
"Italia, Sanremo, Ortsteilansicht","Blick von einer Anhöhe über Sanremo, im Vordergrund Palmen",1910,,,Italy,Liguria,Sanremo,43.81725,7.7772,3,True,0
"Italia, Sanremo, Ortsteilansicht","Ansicht von Sanremo, im Vordergrund eine Blumenwiese",1910,,,Italy,Liguria,Sanremo,43.81725,7.7772,3,True,0
"Italia, Sanremo, Ortsteilansicht",Blick auf Sanremo vone iner Anhöhe aus,1910,,,Italy,Liguria,Sanremo,43.81725,7.7772,3,True,0
"Italia, Sanremo, Ortsteilansicht",Uferpromenade von Sanremo,1910,,,Italy,Liguria,Sanremo,43.81725,7.7772,3,True,0
"Italia, Sanremo, Ortsteilansicht",Uferpromenade von Sanremo,1910,,,Italy,Liguria,Sanremo,43.81725,7.7772,3,True,0
"Italia, Sanremo, Ortsteilansicht",Spaziergänger auf der Uferpromenade von Sanremo,1910,,,Italy,Liguria,Sanremo,43.81725,7.7772,3,True,0
"Italia, Sanremo, Giardino dell'Imperatrice",Teilansicht der Parkanlage Giardino dell'Imperatrice,1910,,,Italy,Liguria,Sanremo,43.81725,7.7772,3,True,0
"Italia, Sanremo, Giardino dell'Imperatrice",Teilansicht der Parkanlage Giardino dell'Imperatrice,1910,,,Italy,Liguria,Sanremo,43.81725,7.7772,3,True,0
"Italia, Sanremo, Ortsteilansicht",Uferpromenade von Sanremo,1910,,,Italy,Liguria,Sanremo,43.81725,7.7772,3,True,0
"Luzern, Seeburg, Teilaussenansicht","Blick von einer Anhöhe auf das Hotel Seeburg (früher: Polytechnic Chalet Seeburg) und den Vierwaldstättersee, im Hintergrund das Stanserhorn, im Vordergrund ein blühender Birnbaum",1906,,,Switzerland,Kanton Luzern,Luzern,47.07413,8.06115,5,False,0
"Italia, Sanremo, Ortsteilansicht",Blick durch eine Gasse auf die Uferpromenade von Sanremo und das Monumento a Giuseppe Garibaldi,1910,,,Italy,Liguria,Sanremo,43.81725,7.7772,3,True,0
"Italia, Sanremo, Casinò di Sanremo, Gesamtaussenansicht",Casinò di Sanremo,1910,,,Italy,Liguria,Sanremo,43.81506,7.77201,5,False,0
"Italia, Sanremo, Casinò di Sanremo, Gesamtaussenansicht",Casinò di Sanremo,1910,,,Italy,Liguria,Sanremo,43.81506,7.77201,5,False,0
"Italia, Sanremo, Ortsteilansicht","Marktstände in Sanremo, im Hintergrund der Turm der Concattedrale di San Siro",1910,,,Italy,Liguria,Sanremo,43.81725,7.7772,3,True,0
"Italia, Sanremo, Porta di San Giuseppe, Gesamtansicht","Porta di San Giuseppe in Sanremo, im Vordergrund ein Mann mit einem Esel",1910,,,Italy,Liguria,Sanremo,45.3981356,9.8734539,4,False,1
"Italia, Sanremo, Ortsteilansicht","Gasse in der Altstadt von Sanremo, im Vordergrund eine Gruppe von Kindern",1910,,,Italy,Liguria,Sanremo,43.81725,7.7772,3,True,0
"Italia, Sanremo, Ortsteilansicht",Treppe bei einem Haus in der Altstadt von Sanremo,1910,,,Italy,Liguria,Sanremo,43.81725,7.7772,3,True,0
"Italia, Sanremo, Ortsteilansicht",Abzweigende Treppe bei einem Haus in der Altstadt von Sanremo,1910,,,Italy,Liguria,Sanremo,43.81725,7.7772,3,True,0
"Italia, Sanremo, Ponte della Rocca, Gesamtansicht",Ponte della Rocca und Häuser der Altstadt von Sanremo,1910,,,Italy,Liguria,Sanremo,45.9414977,10.2237801,4,False,1
"Brunnen, Ortsteilansicht",Blick auf Brunnen und die dahinterliegenden Mythen,1906,,,Switzerland,Kanton Schwyz,Brunnen,46.9936,8.60538,3,True,0
"Italia, Sanremo, Ortsteilansicht",Altstadt von Sanremo,1910,,,Italy,Liguria,Sanremo,43.81725,7.7772,3,True,0
"Italia, Sanremo, Ortsteilansicht","Blick auf Bussana Vecchia, einer Fraktion der Gemeinde Sanremo, im Vordergrund stehen drei Bäume",1910,,,Italy,Liguria,Sanremo,43.83333,7.83333,5,False,0
"Italia, Sanremo, Ortsteilansicht","Blick auf Bussana Vecchia, einer Fraktion der Gemeinde Sanremo, im Vordergrund stehen vier Bäume",1910,,,Italy,Liguria,Sanremo,43.83333,7.83333,5,False,0
"Italia, Sanremo, Ortsteilansicht","Blick auf Bussana Vecchia, einer Fraktion der Gemeinde Sanremo",1910,,,Italy,Liguria,Sanremo,43.83333,7.83333,5,False,0
"Italia, Sanremo, Ortsteilansicht","Blick entlang einer engen Gasse in Bussana Vecchia, einer Fraktion der Gemeinde Sanremo",1910,,,Italy,Liguria,Sanremo,43.83333,7.83333,5,False,0
"Italia, Taggia, Ortsteilansicht","Blick auf Taggia, im Vordergrund ist eine Brücke zu sehen",1910,,,Italy,Liguria,Taggia,43.84612,7.85223,3,True,0
"Italia, Imperia, Ortsteilansicht","Blick auf Porto Maurizio, einem Ortsteil von Imperia",1910,,,Italy,Liguria,Imperia,43.87954,8.02326,5,False,0
"Italia, Imperia, Ortsteilansicht","Blick auf Porto Maurizio, einem Ortsteil von Imperia",1910,,,Italy,Liguria,Imperia,43.87954,8.02326,5,False,0
"Brunnen, Ortsteilansicht",Blick auf Brunnen Richtung Frohnalpstock und Bristen ; Vierwaldstättersee in der Mitte des Bildes,1906,,,Switzerland,Kanton Schwyz,Brunnen,46.9936,8.60538,3,True,0
"Italia, Genova, Ortsteilansicht",Blick vom Stadtteil Righi auf Genova runter,1910,,,Italy,Liguria,Genova,44.40478,8.94439,3,True,0
"Italia, Genova, Ortsteilansicht","Blick auf einen Teil von Genova und den Hafen in Richtung Leuchtturm von einer Anhöhe aus, im Vordergrund eine Wiese",1910,,,Italy,Liguria,Genova,44.40478,8.94439,3,True,0
"Italia, Genova, Ortsteilansicht",Blick auf einen Teil von Genova und den Hafen,1910,,,Italy,Liguria,Genova,44.40478,8.94439,3,True,0
"Italia, Genova, Ortsteilansicht",Blick von einer Anhöhe auf den Hafen von Genova runter,1910,,,Italy,Liguria,Genova,44.40478,8.94439,3,True,0
"Italia, Genova, Ortsteilansicht",Blick auf einen Teil von Genova und den Hafen,1910,,,Italy,Liguria,Genova,44.40478,8.94439,3,True,0
"Italia, Genova, Ortsteilansicht",Blick auf einen Teil von Genova,1910,,,Italy,Liguria,Genova,44.40478,8.94439,3,True,0
"Italia, Genova, Ortsteilansicht","Blick auf den Hafen, Zuggleise und einen Teil von Genova",1910,,,Italy,Liguria,Genova,44.40478,8.94439,3,True,0
"Italia, Genova, Ortsteilansicht",Genua. Blick auf ein Pier mit Schiffen bei Sonnenuntergang,1910,,,Italy,Liguria,Genova,44.40478,8.94439,3,True,0
"Italia, Genova, Ortsteilansicht",Genua. Blick auf ein Pier mit Schiffen bei Sonnenuntergang,1910,,,Italy,Liguria,Genova,44.40478,8.94439,3,True,0
"Italia, Genova, Ortsteilansicht",Genua. Blick auf ein Pier mit Schiffen,1910,,,Italy,Liguria,Genova,44.40478,8.94439,3,True,0
"Italia, Genova, Ortsteilansicht",Genua. Ansicht eines Schiffs im Hafen,1910,,,Italy,Liguria,Genova,44.40478,8.94439,3,True,0
"Italia, Genova, Ortsteilansicht",Genua. Ansicht von Schiffen im Hafen Genuas,1910,,,Italy,Liguria,Genova,44.40478,8.94439,3,True,0
"Italia, Genova, Ortsteilansicht",Genua. Dampf- und Segelschiffe im Hafen,1910,,,Italy,Liguria,Genova,44.40478,8.94439,3,True,0
"Italia, Genova, Ortsteilansicht",Segelschiffe im Hafenbecken von Genova,1910,,,Italy,Liguria,Genova,44.40478,8.94439,3,True,0
"Italia, Genova, Ortsteilansicht",Genua. Ansicht eines Dampfschiffs im Hafen Genuas,1910,,,Italy,Liguria,Genova,44.40478,8.94439,3,True,0
"Italia, Genova, Ortsteilansicht","Blick entlang der belebten Strasse Vittorio Emanuele, die sich im Stadtteil Nervi von Genua befindet",1910,,,Italy,Liguria,Genova,44.40478,8.94439,3,True,0
"Italia, Genova, Ortsteilansicht",Ansicht eines Teils des Camposanto in Genova,1910,,,Italy,Liguria,Genova,44.40478,8.94439,3,True,0
"Italia, Genova, Camposanto, Gesamtaussenansicht",Ansicht der Statue auf dem Grabstein von Luigi Canepa,1910,,,Italy,Liguria,Genova,44.7833,11.1333,5,False,0
"Italia, Genova, Camposanto, Monumento Canepa, Teilansicht","Blick entlang der Strasse Vittorio Emanuele in Nervi, einem Stadtteil von Genua",1910,,,Italy,Liguria,Genova,44.7833,11.1333,5,False,0
"Italia, Genova, Ortsteilansicht","Blick auf einen Teil der Strandpromenade in Nervi, einem Stadtteil von Genua",1910,,,Italy,Liguria,Genova,44.40478,8.94439,3,True,0
"Italia, Genova, Ortsteilansicht","Blick auf einen Teil der Strandpromenade in Nervi, einem Stadtteil von Genua",1910,,,Italy,Liguria,Genova,44.40478,8.94439,3,True,0
"Italia, Genova, Ortsteilansicht","Blick entlang der Strandpromenade in Nervi, einem Stadtteil von Genua, mit dem Torre Gropallo",1910,,,Italy,Liguria,Genova,44.380363,9.0423777,4,False,1
"Italia, Genova, Torre Gropallo, Teilaussenansicht","Blick auf den Torre Gropallo in Nervi, einem Stadtteil von Genua",1910,,,Italy,Liguria,Genova,44.380363,9.0423777,4,False,1
"Italia, Rapallo, Ortsteilansicht","Blick über die Dächer von Rapallo von einer Anhöhe aus, in der Ferne Punta Portofino",1910,,,Italy,Liguria,Rapallo,44.3496,9.22796,3,True,0
"Italia, Rapallo, Ortsteilansicht","Blick über die Dächer von Rapallo von einer Anhöhe aus, in der Ferne Punta Portofino",1910,,,Italy,Liguria,Rapallo,44.3496,9.22796,3,True,0
"Italia, Rapallo, Ortsteilansicht","Blick über die Dächer von Rapallo von einer Anhöhe aus, in der Ferne Punta Portofino",1910,,,Italy,Liguria,Rapallo,44.3496,9.22796,3,True,0
"Italia, Rapallo, Ortsteilansicht","Blick auf Rapallo, im Vordergrund Sträucher und Bäume",1910,,,Italy,Liguria,Rapallo,44.3496,9.22796,3,True,0
"Italia, Rapallo, Ortsteilansicht",Blick auf Rapallo von der Strada Provinciale aus,1910,,,Italy,Liguria,Rapallo,44.3496,9.22796,3,True,0
"Italia, Rapallo, Ortsgesamtansicht",Blick auf Rapallo von der Strada Provinciale aus,1910,,,Italy,Liguria,Rapallo,44.3496,9.22796,3,True,0
"Italia, Rapallo, Ponte di Annibale, Gesamtansicht",Ponte di Annibale in Rapallo,1910,,,Italy,Liguria,Rapallo,40.6438648,15.4833052,4,False,1
"Italia, Rapallo, Ortsteilansicht","Blick entlang der Strasse, die zum Hotel Kursaal Rapallo führt, das heute unter dem Namen Excelsior Palace Hotel bekannt ist",1910,,,Italy,Liguria,Rapallo,44.3496,9.22796,3,True,0
"Italia, Rapallo, Villa Lagomaggiore, Teilaussenansicht",Villa Lagomaggiore in Rapallo,1910,,,Italy,Liguria,Rapallo,-32.9151868,-68.7950507,4,False,1
"Italia, Santa Margherita Ligure, Cervara Abbazia di San Giro",Blick auf die Abtei von Cervara,1910,,,Italy,Liguria,Santa Margherita Ligure,44.33456,9.21204,3,True,0
"Italia, Portofino, Ortsteilansicht",Blick über einige Dächer von Portofino,1910,,,Italy,Liguria,Portofino,44.30349,9.20942,3,True,0
"Italia, Portofino, Landschaft",Halbinsel von Portofino,1910,,,Italy,Liguria,Portofino,44.30349,9.20942,3,True,0
"Italia, Portofino, Landschaft",Halbinsel von Portofino,1910,,,Italy,Liguria,Portofino,44.30349,9.20942,3,True,0
"Italia, Rapallo, Monastero di Valle Christi, Teilansicht",Ansicht der Ruine des Monastero di Valle Christi in Rapallo,1910,,,Italy,Liguria,Rapallo,44.3555787,9.2020064,4,False,1
"Italia, Rapallo, Monastero di Valle Christi, Teilansicht",Ansicht der bewachsenen Ruine des Monastero di Valle Christi in Rapallo,1910,,,Italy,Liguria,Rapallo,44.3555787,9.2020064,4,False,1
"Italia, Rapallo, Monastero di Valle Christi, Teilansicht",Ansicht der bewachsenen Ruine des Monastero di Valle Christi in Rapallo,1910,,,Italy,Liguria,Rapallo,44.3555787,9.2020064,4,False,1
"Altdorf, Telldenkmal, Teilansicht",Das Telldenkmal in Altdorf,1906,,,Switzerland,Kanton Uri,Altdorf,46.8817746,8.6439554,4,False,1
"Italia, Zoagli, Ortsteilansicht",Blick von einer Anhöhe auf Zoagli,1910,,,Italy,Liguria,Zoagli,44.33668,9.2668,3,True,0
"Italia, Rapallo, Kirche, Teilaussenansicht",Kirche an einem Weg bei Rapallo,1910,,,Italy,Liguria,Rapallo,44.3496,9.22796,3,True,0
"Italia, Bordighera, Landschaft",Landschaftsaufnahme in Bordighera,1910,,,Italy,Liguria,Bordighera,43.78064,7.66451,3,True,0
"Italia, Sanremo, Landschaft",Landschaftsaufnahme mit Palmen in Sanremo,1910,,,Italy,Liguria,Sanremo,43.81725,7.7772,3,True,0
"Italia, Rapallo, Landschaft","Blick entlang eines Weges in der Nähe von Rapallo, am Wegesrand sitzt ein Mann auf aufgetürmten Steinbrocken",1910,,,Italy,Liguria,Rapallo,44.3496,9.22796,3,True,0
"Italia, Rapallo, Landschaft","Blick entlang eines Weges bei Rapallo, auf dem ein Mann entlang läuft und an dem Zypressen und Olivenbäume wachsen",1910,,,Italy,Liguria,Rapallo,44.3496,9.22796,3,True,0
"Italia, Sanremo, Ortsgesamtansicht",Blick von Osten her auf Sanremo,1910,,,Italy,Liguria,Sanremo,43.81725,7.7772,3,True,0
"Italia, Sanremo, Landschaft","Aufnahme von Agaven in der Nähe von Samremo, im Hintergrund kann man die Stadt erkennen",1910,,,Italy,Liguria,Sanremo,43.81725,7.7772,3,True,0
"Italia, Riviera di Levante, Landschaft",Pinienwald an der Riviera di Levante,1910,,,Italy,,Riviera di Levante,44.25,9.5,5,False,0
"Weggis, Ortsgesamtansicht","Blick vom Bürgenstock (Hammetschwand, früher: Hametschwand), auf Weggis, die Rigi und den Vierwaldstättersee",1906,,,Switzerland,Kanton Luzern,Weggis,47.03208,8.43219,3,True,0
"Italia, Landschaft [Lokalisierung unsicher]",Olivenhain,1910,,,Italy,,"Italien, [Lokalisierung unsicher]",,,0,False,0
"Italia, Ortsteilansicht [Lokalisierung unsicher]",Blick entlang einer alten Strasse mit hohen Häuserfronten zu beiden Seiten,,,,Italy,,"Italien, [Lokalisierung unsicher]",,,0,False,0
"Italia, Landschaft [Lokalisierung unsicher]",Blick hinaus auf das tosende Meer,,,,Italy,,"Italien, [Lokalisierung unsicher]",,,0,False,0
"Italia, Genova, Villa Di Negro Rosazza, Teilaussenansicht","Blick auf die Villa Di Negro Rosazza, auf dem Platz davor sind ein Pferdefuhrwerk und einige Fussgänger zu sehen",,,,Italy,Liguria,Genova,44.40478,8.94439,3,True,0
"Italia, Genova, Villa Di Negro Rosazza, Teilaussenansicht","Villa Di Negro Rosazza in Genova, im Vordergrund ein Pferdefuhrwerk",1910,,,Italy,Liguria,Genova,44.40478,8.94439,3,True,0
"Italia, Landschaft [Lokalisierung unsicher]","Blick hinaus aufs Meer, auf dem ein Ruderboot fährt, das mit zwei Leuten bemannt ist",,,,Italy,,"Italien, [Lokalisierung unsicher]",,,0,False,0
"Italia, Landschaft [Lokalisierung unsicher]",Blick hinaus aufs Meer,circa 1910,,,Italy,,"Italien, [Lokalisierung unsicher]",,,0,False,0
"Italia, Landschaft [Lokalisierung unsicher]",Blick hinaus auf das tosende Meer,circa 1910,,,Italy,,"Italien, [Lokalisierung unsicher]",,,0,False,0
"Italia, Genova, Ortsteilansicht",Blick auf eine Segelschiff im Hafen von Genua,1910,,,Italy,Liguria,Genova,44.40478,8.94439,3,True,0
"Buochs, Ortsgesamtansicht",Panorama mit Blick üder den Vierwaldstättersee nach Buochs mit Buochserhorn,1906,,,Switzerland,Kanton Nidwalden,Buochs,46.97398,8.42279,3,True,0
"Genève, Phare des Pâquis, Gesamtaussenansicht","Blick auf den Leuchtturm von Les Pâquis und den Genfersee, im See schwimmt ein Segelschiff, auf dem Steg stehen Leute und von umliegenden Felsbrocken wird geangelt",1910-10,,,Switzerland,Canton de Genève,Genève,46.2099985,6.1569289,4,False,1
"France, Montenvers, Panorama",Blick von Montenvers auf die Zahnradbahn Chemin de fer du Montenvers und den Grande Aiguille du Dru,circa 1910,,,France,Auvergne-Rhône-Alpes,Montenvers,45.93342,6.91694,5,False,0
"France, Montenvers, Panorama",Blick von Montenvers auf das Mer de Glace und die Zahnradbahn Chemin de fer du Montenvers,circa 1910,,,France,Auvergne-Rhône-Alpes,Montenvers,45.93342,6.91694,5,False,0
"France, Montenvers, Panorama",Blick von Montenvers auf die Zahnradbahn Chemin de fer du Montenvers und den Grande Aiguille du Dru,circa 1910,,,France,Auvergne-Rhône-Alpes,Montenvers,45.93342,6.91694,5,False,0
"Vissoie, Ortsgesamtansicht","Vissoie im Val d'Anniviers, Gesamtansicht des Ortes",circa 1910,,,Switzerland,Canton du Valais,Vissoie,46.21622,7.58639,3,True,0
"Schweiz, Landschaft [Lokalisierung unsicher]",Murmeltiere beieinander stehend,circa 1910,,,Switzerland,,"Schweiz, [Lokalisierung unsicher]",,,0,False,0
"Davos-Dorf, Ortsgesamansicht",Davos anno 1861 (Reproduktion der damals vorhandenen Häuser),circa 1910,,,Switzerland,Kanton Graubünden,Davos Dorf,46.80826,9.83929,3,True,0
"Davos, Sanatorium Schatzalp, Gesamtaussenansicht",Blick auf das Sanatorium Schatzalp über einen Tannenwald hinweg,circa 1910,,,Switzerland,,Davos-Dorf,46.8096654,9.841969,2,True,1
"Graubünden, Landschaft","Westhang bei Davos, vermutl. die Clavadeleralp am Jakobshorn, Blick in Richtung Südwesten. Ansicht einer Arve, davor sitzt eine Frau auf der Wiese, die einen Sonnenschirm in den Händen hält. Im Hintergrund die Gipfel von Tinzenhorn und Piz Mitgel hinter dem Bergrücken des Muchetta.",,,,Switzerland,Kanton Graubünden,Davos,46.7705232,9.8237241,4,False,1
"Wolfgangpass, Landschaft",Winterlandschaft am Wolfgangpass,circa 1910,,,Switzerland,,Wolfgangpass,46.83818,9.85843,5,False,0
"Schwarzhorn, Panorama (Teil 2/2)","Panorama vom Flüela-Schwarzhhorn mit Gipfellegende, Teil 2/2",circa 1910,,,Switzerland,,Schwarzhorn,46.73575,9.94171,5,False,0
"Klosters-Serneus, Ortsteilansicht",Blick hinab auf Klosters,circa 1910,,,Switzerland,,Klosters-Serneus,,,0,False,0
"Bürgenstock, Aufzug, Teilansicht",Der Hammetschwand-Lift ist auf der linken Seite zu sehen ; Blick auf den Vierwaldstättersee ; im Hintergrund ist Luzern zu sehen,1905,,,Switzerland,Kanton Nidwalden,Bürgenstock,47.000943,8.39635,4,False,1
"Piz Corvatsch, Gesamtansicht",Piz Corvatsch vom Vorgipfel aus gesehen,1906,,,Switzerland,,Piz Corvatsch,46.40834,9.81611,5,False,0
"Italia, Tirano, Ortsteilansicht","Blick auf Tirano runter, im Zentrum steht die Wallfahrtskirche Madonna di Tirano",1910-08,,,Italy,Lombardia,Tirano,46.2167,10.15,5,False,0
"Italia, Tirano, Ortsteilansicht",Blick entlang einer Strasse in Tirano,1910-08,,,Italy,Lombardia,Tirano,46.21482,10.16335,3,True,0
"Italia, Tirano, Chiesa di Santa Perpetua, Teilaussenansicht",Blick hinauf zur Kirche Santa Perpetua,1910-08,,,Italy,Lombardia,Tirano,46.21482,10.16335,3,True,0
"Italia, Tirano, Chiesa di Santa Perpetua",Blick von der Kirche Santa Perpetua auf Tirano runter,1910-08,,,Italy,Lombardia,Tirano,46.21482,10.16335,3,True,0
"Italia, Tirano, Chiesa di Santa Perpetua","Ansicht der Kirche Santa Perpetua und einem aus Stein gemauerten Haus, vor dessen Tür ein alter Mann steht",1910-08,,,Italy,Lombardia,Tirano,46.21482,10.16335,3,True,0
"Lauerzersee, Landschaft","Lauerzersee, Seewen und die Mythen",1906,,,Switzerland,Kanton Schwyz,Lauerz,47.03348,8.60646,5,False,0
"Axenstrasse, Panorama","Blick auf den Vierwaldstättersee, die Axenstrasse und die Gotthardbahn",1906,,,Switzerland,,Axenstrasse,52.5722672,13.4525098,4,False,1
"France, Chamonix-Mont-Blanc, Ortsteilansicht",Blick auf Chamonix-Mont-Blanc gegen den Brévent,1910-08,,,France,,Chamonix-Mont-Blanc,45.9230969,6.8700009,2,True,1
"France, Chamonix-Mont-Blanc, Ortsteilansicht",Blick auf Chamonix-Mont-Blanc gegen die Aiguille Verte,1910-08,,,France,,Chamonix-Mont-Blanc,45.9230969,6.8700009,2,True,1
"France, Mont Blanc, Landschaft",Blick auf den Mont Blanc,1910-08,,,France,Occitanie,Montblanc,45.8333,6.8667,5,False,0
"France, Mont Blanc, Landschaft","Blick auf den Mont Blanc, im Vordergrund Nadelbäume",1910-08,,,France,Occitanie,Montblanc,45.8333,6.8667,5,False,0
"France, Chamonix-Mont-Blanc, Ortsteilansicht","Blick auf Chamonix-Mont-Blanc gegen die Berge, im Vordergrund eine bewaldete Wiese",1910-08,,,France,,Chamonix-Mont-Blanc,45.9230969,6.8700009,2,True,1
"France, Glacier des Bossons, Landschaft","Blick von einem Chalet hinauf auf den Glacier des Bossons, vor dem Chalet eine Ausflugsgruppe",1910-08,,,France,,Glacier des Bossons,45.88007,6.86411,5,False,0
"France, Glacier des Bossons, Landschaft",Blick auf den Glacier des Bossons,1910-08,,,France,,Glacier des Bossons,45.88007,6.86411,5,False,0
"Glacier des Bossons, Landschaft",Eisgrotte des Glacier des Bossons,1910-08,,,France,,Glacier des Bossons,45.88007,6.86411,5,False,0
"Glacier des Bossons, Eisgrotte, Landschaft","Ansicht einer Eisgrotte auf dem Glacier des Bossons, davor eine Gruppe Wanderer",1910,,,France,Auvergne-Rhône-Alpes,Chamonix,45.88007,6.86411,5,False,0
"Pilatus, Hotel Bellevue, Gesamtaussenansicht",Blick auf das Hotel Bellevue auf dem Pilatus,1906,,,Switzerland,,Pilatus,46.6865,7.8523,5,False,0
"France, Chamonix-Mont-Blanc, Montenvers",Blick von Montenvers auf das Mer de Glace und gegen den Tour Sallière,1910-08,,,France,Auvergne-Rhône-Alpes,Montenvers,45.93342,6.91694,5,False,0
"France, Aiguille Verte, Landschaft",Blick auf die Aiguille Verte und die Aiguille-du-Dru,1910-08,,,France,,Aiguille Verte,45.98265,6.43255,5,False,0
"France, Aiguille Verte, Landschaft",Blick auf die Aiguille Verte und die Aiguille-du-Dru,1910-08,,,France,,Aiguille Verte,45.98265,6.43255,5,False,0
"France, Aiguille du Dru, Gesamtansicht",Ansicht der Aiguille du Dru,1910-08,,,France,,Aiguille du Dru,45.93293,6.95588,5,False,0
"France, Aiguille du Dru, Gesamtansicht",Ansicht der Aiguille du Dru,1910-08,,,France,,Aiguille du Dru,45.93293,6.95588,5,False,0
"France, Chamonix-Mont-Blanc, Les Praz d'en-haut",Blick auf das Stadtviertel Les Praz d'en-haut von Chamonix-Mont-Blanc gegen die Aiguille Verte,1910,,,France,,Chamonix-Mont-Blanc,46.4492485,7.2152845,4,False,1
"France, Chamonix-Mont-Blanc, Ortsteilansicht",Blick auf das Stadtviertel Les Praz d'en-haut von Chamonix-Mont-Blanc,1910,,,France,,Chamonix-Mont-Blanc,45.9230969,6.8700009,2,True,1
"Finhaut, Ortsteilansicht","Unten die Zugstrecke mitsamt Zug, oben die Häuser von Finhaut",1910,,,Switzerland,Canton du Valais,Finhaut,46.08381,6.97777,3,True,0
"Deutschland, Lindau, Rathaus, Teilaussenansicht",Blick auf die Südfassade des Lindauer Rathauses,1910,,,Germany,Bavaria,Lindau,47.5459309,9.6840937,4,False,1
"Deutschland, Lindau, Rathaus, Teilaussenansicht",Ansicht des Lindauer Rathauses,1910,,,Germany,Bavaria,Lindau,47.5459309,9.6840937,4,False,1
"Pilatus, Hotel Pilatus-Kulm, Gesamtaussenansicht",Blick auf das Hotel Pilatus-Kulm auf dem Pilatus,1906,,,Switzerland,,Pilatus,46.9795096,8.2536045,4,False,1
"Deutschland, Lindau, Seepromenade, Ortsteilansicht","Blick auf Seepromenade des Hafens, mit den Dampfschiffen 'Rupprecht' und 'Württemberg' im Vordergrund. Rechts im Bild der Mangturm",1910,,,Germany,Bavaria,Lindau,47.5446255,9.6850944,4,False,1
"Deutschland, Lindau, Ortsteilansicht","Blick auf den Hafen Lindaus mit vier Dampfschiffen, links der Mangturm",1906,,,Germany,Bavaria,Lindau,47.54612,9.68431,3,True,0
"Deutschland, Lindau, Hafeneinfahrt, Ortsteilansicht","Ansicht des Dampfers 'Prinz Regent' bei der Hafeneinfahrt von Lindau, zwischen dem Bayrischen Löwen und dem neuen Leuchtturm",1910,,,Germany,Bavaria,Lindau,47.54612,9.68431,3,True,0
Blick auf Lindau vom Pfänder,"Blick von einer Anhöhe am Pfänder bei Lochau (Vorarlberg, Österreich) auf Lindau (Bayern, links im See) und Lochau hinab. Im Vordergrund stehen vier Bäume und eine Holzhütte. Rechts daneben im Hintergrund ist das Seeufer von Lochau mit dem Standort des heutigen Seehotels am Kaiserstrand, daneben die Eisenbahnstrecke von Lindau nach Bregenz.",,,,Austria,Oberösterreich,Lindau,47.5167,9.8333,5,False,0
"Österreich, Bregenz, Hafen, Ortsteilansicht",Ansicht des Dampfers 'Kaiserin Maria Theresia' im Hafen Bregenz,1910,,,Austria,Vorarlberg,Bregenz,47.50311,9.7471,3,True,0
"Österreich, Bregenz, Ortsteilansicht","Ansicht von Bregenz, im Vordergrund Baumkronen, im Hintergrund der Bodensee",1910,,,Austria,Vorarlberg,Bregenz,47.50311,9.7471,3,True,0
"Österreich, Bregenz, Ortsteilansicht","Ansicht von Bregenz, im Vordergrund eine Wiese mit Obstbäumen, im Hintergrund der Bodensee",1910,,,Austria,Vorarlberg,Bregenz,47.50311,9.7471,3,True,0
"Österreich, Bregenz, Ortsteilansicht","Ansicht von Bregenz, mittig die Herz-Jesu-Kirche, im Hintergrund der Bodensee",1910,,,Austria,Vorarlberg,Bregenz,47.5020315,9.7504362,4,False,1
"Österreich, Bregenz, Ortsteilansicht","Ansicht von Bregenz, rechts die Herz-jesu-Kirche, im Hintergrund der Bodensee",1910,,,Austria,Vorarlberg,Bregenz,47.5020315,9.7504362,4,False,1
"Österreich, Bregenz, Herz-Jesu-Kirche, Gesamtaussenansicht",Ansicht der Herz-Jesu-Kirche in Bregenz,1910,,,Austria,Vorarlberg,Bregenz,47.5020315,9.7504362,4,False,1
"Heiden, Kursaal, Gesamtaussenansicht","Aussenansicht alter Kursaal, im Park ein paar Gäste bei einem Tee- oder Kaffeekränzchen. Eingeweiht im Frühjahr 1874, liebevoll der 'Laubsäägelipalast' genannt. Im Sommer 1956 abgebrochen.",1910,,,Switzerland,Kanton Appenzell Ausserrhoden,Heiden,47.4458389,9.5319899,4,False,1
"Appenzell, Post, Gesamtaussenansicht",Das Postgebäude von Appenzell,1910,,,Switzerland,Kanton Appenzell Innerrhoden,Appenzell,33.1833,-101.3667,5,False,0
"Italia, Cernobbio, Villa d'Este, Teilaussenansicht",Ansicht entlang des Ufers des Comer Sees mit Blick auf die Villa d'Este und den See,1906,,,Italy,Lombardia,Cernobbio,41.95,12.8,5,False,0
"Italia, Brunate, Ortsteilansicht",Blick auf Brunate bei Como,1906,,,Italy,Lombardia,Brunate,45.82096,9.09869,3,True,0
"Airolo, Dorf, Viehmark, Ortsteilansicht","Airolo, Viehmarkt mit Teilansicht des Dorfes",1905,,,Switzerland,Cantone Ticino,Airolo,46.52855,8.61189,3,True,0
"Italia, Como, Ortsteilansicht",Ansicht der Piazza Cavour,1906,,,Italy,Lombardia,Como,45.80819,9.0832,3,True,0
"Italia, Cernobbio, Villa d'Este, Gesamtaussenansicht",Blick über den Lago di Como auf das Hotel Villa d'Este,1906,,,Italy,Lombardia,Cernobbio,41.95,12.8,5,False,0
"Italia, Bellagio, Ortsteilansicht",Blick über den Lago di Como auf Bellagio mit der Kirche San Giovanni und der Villa Melzi,1906,,,Italy,Lombardia,Bellagio,45.98772,9.26182,3,True,0
"Italia, Cernobbio, Park der Villa d'Este, Teilansicht",Blick auf die Herkules-Statue im Park der Villa d'Este mit diversen umliegenden Bäumen und Sträuchern,1906,,,Italy,Lombardia,Cernobbio,41.95,12.8,5,False,0
"Italia, Cernobbio, Park der Villa d'Este, Teilansicht",Blick in den Park der Villa d'Este,1906,,,Italy,Lombardia,Cernobbio,41.95,12.8,5,False,0
"Italia, Bellagio, Park des Grand Hotels Villa Serbelloni",Blick in den Park des Grand Hotels Villa Serbelloni mit diversen Bäumen und Sträuchern,1906,,,Italy,Lombardia,Bellagio,45.9870494,9.2642058,4,False,1
"Italia, Cernobbio, Park der Villa d'Este, Teilansicht",Blick entlang einer Zypressen-Allee auf die Herkules-Statue im Park der Villa d'Este,1906,,,Italy,Lombardia,Cernobbio,41.95,12.8,5,False,0
"Italia, Bellagio, Ortsteilansicht",Blick entlang des Ufer des Comer Sees auf Bellagio gegen die Villa Serbelloni,1906,,,Italy,Lombardia,Bellagio,45.98772,9.26182,3,True,0
"Italia, Bellagio, Ortsteilansicht",Blick auf Bellagio und den Comer See,1906,,,Italy,Lombardia,Bellagio,45.98772,9.26182,3,True,0
"Italia, Bellagio, Ortsteilansicht","Blick über den Comer See hinweg auf Bellagio mit der Villa Melzi, am Ufer sind Kinder ums und im Wasser",1906,,,Italy,Lombardia,Bellagio,45.98772,9.26182,3,True,0
"Italia, Bellagio, Park der Villa Serbelloni",Blick in den Park der Villa Serbelloni mit einigen Bäumen und Sträuchern,1906,,,Italy,Lombardia,Bellagio,45.9870494,9.2642058,4,False,1
"Luzern, Kapellbrücke, Teilinnenansicht",Inneres des mittleren Teils der Kapellbrücke mit Blick gegen Süden,1906,,,Switzerland,Kanton Luzern,Luzern,47.0518334,8.307713,4,False,1
"Italia, Tremezzina, Villa Carlotta, Teilinnenansicht",Ansicht der Skulptur von Amor und Psyche in der Villa Carlotta,1906,,,Italy,Lombardia,Tremezzina,45.98636,9.23073,5,False,0
"Italia, Bellagio, Park der Villa Serbelloni",Studie einiger Bäume und Pflanzen im Park der Villa Serbelloni,1906,,,Italy,Lombardia,Bellagio,45.9870494,9.2642058,4,False,1
"Italia, Tremezzina, Garten der Villa Carlotta",Blick in den Garten der Villa Carlotta,1906,,,Italy,Lombardia,Tremezzina,45.98636,9.23073,5,False,0
"Italia, Como, Cattedrale di Santa Maria Assunta",Portal der Cattedrale di Santa Maria Assunta in Como,1906,,,Italy,Lombardia,Como,45.8117681,9.0836614,4,False,1
"Italia, Tremezzina, Villa Carlotta, Teilinnenansicht",Ansicht einer Engelsstatue mit dem Namen Cupido von Luigi Bienaimé in der Villa Carlotta,1906,,,Italy,Lombardia,Tremezzina,45.98636,9.23073,5,False,0
"Italia, Tremezzina, Villa Carlotta, Teilinnenansicht",Ansicht einer Engelsstatue (Cupido) von Luigi Bienaimé in der Villa Carlotta,1906,,,Italy,Lombardia,Tremezzina,45.98636,9.23073,5,False,0
"Italia, Tremezzina, Villa Carlotta, Teilinnenansicht",Ansicht einer Engelsstatue (Cupido) von Luigi Bienaimé in der Villa Carlotta,1906,,,Italy,Lombardia,Tremezzina,45.98636,9.23073,5,False,0
"Italia, Tremezzina, Villa Carlotta, Teilinnenansicht",Ansicht der Büsserin Magdalena von Antonio Canovain der Villa Carlotta,1906,,,Italy,Lombardia,Tremezzina,45.98636,9.23073,5,False,0
"Italia, Como, Ortsgesamtansicht",Blick auf Como vom Castel Baradello aus,1906,,,Italy,Lombardia,Como,45.80819,9.0832,3,True,0
"Italia, Bellagio, Ortsteilansicht","Vegetationsstudie in Bellagio, im Hintergrund ist der Comer See zu sehen",1906,,,Italy,Lombardia,Bellagio,45.98772,9.26182,3,True,0
"Luzern, Spreuerbrücke, Teilinnenansicht",Aufgang zur Spreuerbrücke (Totentanzbrücke) in Luzern,1906,,,Switzerland,Kanton Luzern,Luzern,47.0519754,8.3018722,4,False,1
"Italia, Iselle, Ortsteilansicht",Strasse in Iselle,1905,,,Italy,Piemonte,Iselle,46.20519,8.19227,3,True,0
"Italia, Iselle, Ortsteilansicht","Ansicht von Iselle, im Hintergrund das Fletschhorn",1905,,,Italy,Piemonte,Iselle,46.20519,8.19227,3,True,0
"Italia, Iselle, Ortsteilansicht","Blick entlang einer Strasse von Iselle, auf der reges Treiben herrscht",1905,,,Italy,Piemonte,Iselle,46.20519,8.19227,3,True,0
"Italia, Iselle, Ortsteilansicht",Strasse in Iselle,1905,,,Italy,Piemonte,Iselle,46.20519,8.19227,3,True,0
"Italia, Iselle, Ortsteilansicht","Blick auf die Staatsstrasse Strada del Sempione bei Iselle, auf der Strasse fährt eine Pferdekutsche, im Hintergrund sind einige Häuser Iselles zu sehen",1905,,,Italy,Piemonte,Iselle,46.0192816,8.2849634,4,False,1
"Italia, Iselle, Ortsteilansicht","Blick auf die Staatsstrasse Strada del Sempione bei Iselle, im Hintergrund sind einige Häuser Iselles zu sehen",1905,,,Italy,Piemonte,Iselle,46.0192816,8.2849634,4,False,1
"Italia, Iselle, Ferrovia del Sempione, Portale sud, Gesamtau","Ansicht des Südportals des Simplontunnels mit Zügen, daneben eine Strasse mit Pferdekutsche",1906,,,Italy,,Iselle di Trasquera,46.2070874,8.2070479,2,True,1
"Italia, Iselle, Ferrovia del Sempione, Stazione, Teilaussena","Ansicht des Bahnhofs Iselle di Trasquera mit Tunneleinfahrt, auf den Gleisen drei Männer",1906,,,Italy,,Iselle di Trasquera,46.2070874,8.2070479,2,True,1
"Italia, Trasquera, Ortsteilansicht",Blick auf Trasquera am Fluss Diveria,1906,,,Italy,Piemonte,Trasquera,46.21338,8.21271,3,True,0
"Fürstenland, Frau in St. Galler Tracht, Teilansicht",Junge St. Gallerin in Tracht aus dem Fürstenland,circa 1905,,,Switzerland,,Fürstenland,47.4105199,9.3363873,2,True,1
"Menzigen, Kloster Maria Hilf, Gesamtaussenansicht",Blick auf das Kloster Maria Hilf auf dem Gubel bei Menzingen,1906,,,Switzerland,Kanton Zug,Menzingen,50.4556462,7.7902601,4,False,1
"Italia, Varzo, Ortsgesamtansicht",Ansicht von Varzo gegen Trasquera,1905,,,Italy,Piemonte,Varzo,46.20736,8.25267,3,True,0
"Italia, Varzo, Ortsteilansicht","Ansicht einiger Häuser in Varzo, im Hintergrund ragt der Kirchturm in den Himmel",1905,,,Italy,Piemonte,Varzo,46.20736,8.25267,3,True,0
"Italia, Varzo, Ferrovia del Sempione, Landschaft",Ansicht eines Teilabschnitts der Ferrovia del Sempione unterhalb von Varzo,1905,,,Italy,Piemonte,Varzo,46.20736,8.25267,3,True,0
"Italia, Varzo, Ferrovia del Sempione, Teilansicht","Simplonbahn. Trassee und Tunnels bei Varzo, daneben die Diveria. S. Giovanni Tunnel, Diveria bridge, Rio Confinale Tunnel",1905,,,Italy,Piemonte,Varzo,46.20736,8.25267,3,True,0
"Italia, Strada del Sempione, Landschaft","Blick auf die Strada del Sempione mit der danebenführenden Eisenbahnlinie, die an der Diveria entlang führt. Ponte Nuovo / Ponte romano, Varzo",1905,,,Italy,Piemonte,Varzo,46.0192816,8.2849634,4,False,1
"Italia, Varzo, Ferrovia del Sempione, Teilansicht",Blick auf eine Brücke und eine Galerie der Ferrovia del Sempione bei Varzo,1905,,,Italy,Piemonte,Varzo,46.20736,8.25267,3,True,0
"Italia, Varzo, Ferrovia del Sempione, Ponte, Gesamtansicht","Simplonbahn. Blick auf eine Steinbrücke über die Doveria. Rio Confinale Tunnel, S. Giovanni Tunnel, Diveria bridge",1905,,,Italy,Piemonte,Varzo,46.20736,8.25267,3,True,0
"Italia, Strada del Sempione, Landschaft","Ansicht einer Steinbrücke, die über den Fluss Diveria führt. Ponte dell’Orco",1905,,,Italy,Piemonte,Crevoladossola,46.0510538,11.5606914,4,False,1
"Italia, Crevoladossola, Strada del Sempione, Landschaft",Blick auf die Ponte di Crevola und die umliegende Landschaft,1905,,,Italy,Piemonte,Crevoladossola,45.8209252,8.2506395,4,False,1
"Rigi, Panorama",Blick von der Rigi auf Glärnisch und Mythen,1906,,,Switzerland,Kanton Zürich,Rigi,47.28278,8.91104,3,True,0
"Italia, Crevoladossola, Ortsteilansicht",Blick entlang des Flusses Diveria auf die Ponte di Crevola und einige umstehende Häuser,1906,,,Italy,Piemonte,Crevoladossola,45.8209252,8.2506395,4,False,1
"Italia, Domodossola, Ortsgesamtansicht","Blick auf Domodossola, im Vordergrund der Monte Calvario",1906,,,Italy,Piemonte,Domodossola,46.1165,8.29313,3,True,0
"Italia, Domodossola, Ortsgesamtansicht",Blick vom Monte Calvario aus auf Domodossola,1906,,,Italy,Piemonte,Domodossola,46.1165,8.29313,3,True,0
"Italia, Domodossola, Ortsgesamtansicht",Blick über Domodossola,1906,,,Italy,Piemonte,Domodossola,46.1165,8.29313,3,True,0
"Italia, Domodossola, Ortsteilansicht",Via Sempione in Domodossola,1906,,,Italy,Piemonte,Domodossola,46.1165,8.29313,3,True,0
"Italia, Domodossola, Ortsteilansicht",Passanten in der Via Sempione in Domodossola,1906,,,Italy,Piemonte,Domodossola,46.1165,8.29313,3,True,0
"Italia, Domodossola, Ortsteilansicht",Marktplatz in Domodossola,1906,,,Italy,Piemonte,Domodossola,46.1165,8.29313,3,True,0
"Italia, Vogogna, Ortsteilansicht",Blick auf Vogogna runter,1906,,,Italy,Piemonte,Vogogna,46.01002,8.29137,3,True,0
"Rigi, Panorama",Blick von der Rigi über die Glarneralpen,1906,,,Switzerland,Kanton Zürich,Rigi,47.28278,8.91104,3,True,0
"Italia, Cuzzano, Landschaft",Blick auf einige Häuserdächer Cuzzanos und die umliegende Landschaft,1906,,,Italy,Veneto,Cuzzano,45.5113,11.01347,3,True,0
"Italia, Stresa, Grand Hotel des Iles Borromées",Ansicht des Grand Hotel des Iles Borromées in Stresa,1906,,,Italy,Piemonte,Stresa,45.8839,8.5415,5,False,0
"Italia, Stresa, Denkmal des Königs Umberto I.",Ansicht des Denkmals des Königs Umberto I.,1906,,,Italy,Piemonte,Stresa,45.88158,8.53834,3,True,0
"Italia, Stresa, Ortsteilansicht","Teilansicht von Stresa mit Blick über den Lago Maggiore auf Pallanza, einem Stadtteil von Verbania",1906,,,Italy,Piemonte,Stresa,45.88158,8.53834,3,True,0
"Rigi, Panorama",Blick von der Rigi über die Glarneralpen,1906,,,Switzerland,Kanton Zürich,Rigi,47.28278,8.91104,3,True,0
"Menzingen, Kloster Maria Hilf, Teilaussenansicht",Innenhof des Klosters Maria Hilf auf dem Gubel bei Menzingen,1906,,,Switzerland,Kanton Zug,Menzingen,50.4556462,7.7902601,4,False,1
"Italia, Ferrovia Menaggio-Porlezza, Landschaft",Blick entlang der Schienen der Ferrovia Menaggio-Porlezza gegen den Monte Legnone,1906,,,Italy,,"Italien, [Lokalisierung unsicher]",,,0,False,0
"Italia, Menaggio, Ferrovia Menaggio-Porlezza",Blick entlang der Schienen der Ferrovia Menaggio-Porlezza bei Menaggio gegen den Comer See,1906,,,Italy,,"Italien, [Lokalisierung unsicher]",,,0,False,0
"Locarno, Ortsteilansicht",Blick über den Lago Maggiore auf Locarno,1906,,,Switzerland,Cantone Ticino,Locarno,46.17086,8.79953,3,True,0
"Italia, Formazza, Cascata del Toce, Teilansicht",Blick auf einen Teilabschnitt des Cascata del Toce,1906,,,Italy,Piemonte,Formazza,46.4084205,8.4127418,4,False,1
"Italia, Formazza, Cascata del Toce, Teilansicht",Blick auf einen Teilabschnitt des Cascata del Toce,1906,,,Italy,Piemonte,Formazza,46.4084205,8.4127418,4,False,1
"Italia, Formazza, Cascata del Toce, Teilansicht","Blick auf einen Teilabschnitt des Cascata del Toce, an der Hangkante des Wasserfalls steht der Gasthof Albergo Cascata Toce",1906,,,Italy,Piemonte,Formazza,46.4084205,8.4127418,4,False,1
"Italia, Domodossola, Monte Calvario",Monte Calvario in Domodossola,1906,,,Italy,Estado de México,Monte Calvario,41.0,15.3833,5,False,0
"Italia, Val Antigorio, Strada, Teilansicht",Frauen und Kinder auf einer Strasse im Val Antigorio,1906,,,Italy,,Val Antigorio,46.2492689,8.3193822,2,True,1
"Italia, Val Antigorio, Hotel Fopiano",Ansicht des Hotels Fopiana und weitere Häuser im Val Antigorio,1906,,,Italy,,Val Antigorio,46.2492689,8.3193822,2,True,1
"Passo San Giacomo, Panorama",San Giacomo Pass beim Pizzo Rotondo,1906,,,Switzerland,Cantone Ticino,Bedretto,46.45899,8.45223,5,False,0
"Italia, Bellagio, Ortsteilansicht","Blick auf Zypressen, die vor einem alten steinernen Turm wachsen",1906,,,Italy,Lombardia,Bellagio,45.98772,9.26182,3,True,0
"Garda, Parco San Vigilio, Teilansicht","de|Garda. Blick auf auf vier antike Büsten, die im Parco San Vigilio stehen, dahinter wachsen Zypressen.",1906,,,Italy,Veneto,Garda,45.5733142,10.6752382,4,False,1
"Italia, Landschaft",Zitronen-Bäume,1906,,,Italy,,"Italien, [Lokalisierung unsicher]",,,0,False,0
"Rütli, Rütlihaus, Gesamtaussenansicht",Seitenansicht des Rütlihauses mit Blick über den See und auf die Mythen,1906,,,Switzerland,Kanton Uri,Rütli,46.9694223,8.5921361,4,False,1
"Heiden, Ortsteilansicht","Blick auf Heiden, mit der evangelischen Kirche",1910,,,Switzerland,Kanton Appenzell Ausserrhoden,Heiden,47.44255,9.53293,3,True,0
"Flüelen, Ortsteilansicht","Vorne der Vierwaldstättersee, dahinter die Häuser von Flüelen, zentral am Horizont der Bristenstock",1906,,,Switzerland,,Flüelen,,,0,False,0
"Kloster Fahr, Landschaft","Limmat, Ufer mit Schilfgras, Sträuchern und Bäumen; im Hintergrund durch die Bäume ein Gebäude des Klosters Fahr schemenhaft sichtbar",1910,,,Switzerland,Kanton Zürich,Fahr,47.40801,8.43847,5,False,0
"Bern, Frau in Berner Tracht",Seitenansicht einer sitzenden Guggisbergerin mit Berner Tracht,1905,,,Switzerland,,Kanton Bern,46.8382351,7.6004502,2,True,1
"Engelberg, Ortsgesamtansicht",Engelberg mit der Hutstockkette,1911,,,Switzerland,Kanton Obwalden,Engelberg,46.82107,8.40133,3,True,0
"Schweiz, Landschaft","Blick über eine Sumpflandschaft, am Horizont ein Dorf",1910,,,Switzerland,,"Schweiz, [Lokalisierung unsicher]",,,0,False,0
"Brunnen, Ortsteilansicht","Blick entlang des Ufers des Vierwaldstättersees auf das Grand Hotel, daneben das Dampfschiff 'Schwyz'",1910,,,Switzerland,Kanton Schwyz,Brunnen,46.9936,8.60538,3,True,0
"Basel, Elisabethenkirche, Teilaussenansicht",Ansicht der Elisabethenkirche,1911-04,,,Switzerland,Kanton Basel-Stadt,Basel,47.5527658,7.5909843,4,False,1
"Italia, Pallanza, Ortsteilansicht",Pallanza mit der Isola San Giovanni,1911-03,,,Italy,Piemonte,Pallanza,45.92298,8.55045,3,True,0
"Italia, Pallanza, Ortsteilansicht",Pallanza mit der Isola San Giovanni,1911-03,,,Italy,Piemonte,Pallanza,45.92298,8.55045,3,True,0
"Lago Maggiore, Landschaft",Blick auf Isola San Giovanni und den Mattarone im Hintergrund,1911-03,,,Italy,,Lago Maggiore,46.01175,8.70754,5,False,0
"Italia, Isola Bella, Ortsgesamtansicht",Blick die Isola Bella und den Lago Maggiore,1911-03,,,Italy,Lazio,Isola Bella,45.89556,8.52676,5,False,0
"Italia, Isola bella, Landschaft",Blick vom Ufer durch Bäume hindurch auf die Isola bella,1911-03,,,Italy,Lazio,Isola bella,45.89556,8.52676,5,False,0
"Italia, Isola Bella, Ortsgesamtansicht",Blick auf die Isola Bella und den Lago Maggiore,1911-03,,,Italy,Lazio,Isola Bella,45.89556,8.52676,5,False,0
"Italia, Isola Bella, Ortsgesamtansicht",Blick auf die Isola Bella und den Lago Maggiore,1911-03,,,Italy,Lazio,Isola Bella,45.89556,8.52676,5,False,0
"Italia, Isola Bella, Ortsgesamtansicht",Blick auf die Isola Bella und den Lago Maggiore gegen Pallanza,1911-03,,,Italy,Lazio,Isola Bella,45.89556,8.52676,5,False,0
"Italia, Lago Maggiore, Landschaft",Blick auf den Lago Maggiore mit den Isole Borromee gegen Pallanza,1911-03,,,Italy,,Lago Maggiore,46.01175,8.70754,5,False,0
"Engelberg, Umgebung/Flühmatt, Landschaft",Sicht von der Flühmatt mit Spannörtern,1906,,,Switzerland,,Flühmatt,47.31129,7.58607,5,False,0
"Schweiz, Landschaft [Lokalisierung unsicher]","Landschaft mit einem Bach, Birken und zwei Häusern im Hintergrund",1911,,,Switzerland,,"Schweiz, [Lokalisierung unsicher]",,,0,False,0
"Zürich, Landschaft [Lokalisierung unsicher]",Blühende Obstbäume im Kanton Zürich,1911,,,Switzerland,,Zürich,,,0,False,0
"Lugano, Hôtel Imperial Palace, Gesamtaussenansicht","Lugano Paradiso, Viale Giuseppe Cattori, Ansicht des Hôtels Imperial Palace (heute Hotel de la Paix), links Schild und Zaun des Hotels Sommer, rechts Deutsche Pension Villa Federico",1911,,,Switzerland,Cantone Ticino,Lugano,19.1182153,72.8506224,4,False,1
"France, Évian-les-Bains, Port, Ortsteilansicht","fr|Port d'Évian-les-Bains. Une barque du Léman transporte du sable (brouettes, pelles). À l'arrière plan le bateau à vapeur Léman quitte le débarcadère avec ses passagers. D'autres personnes sont sur le débarcadère, un petit pont y donne accès. Le phare d'Évian est visible au fond.",,,,France,,Évian-les-Bains,46.401089,6.5928224,4,False,1
"Biel, Taubenlochschlucht, Teilansicht","Blick auf einen Teilabschnitt der Taubenlochschlucht, auf der befestigten Brücke stehen zwei Personen und blicken hinab in die Schlucht",1911-06,,,Switzerland,Canton de Berne,Biel,47.1543379,7.2656873,4,False,1
"Österreich, Innsbruck, Ortsgesamtansicht",Ansicht von Innsbruck,1911-05,,,Austria,Tirol,Innsbruck,47.26266,11.39454,3,True,0
"Österreich, Innsbruck, Ortsteilansicht",Ansicht der Kaiserin-Elisabeth-Strasse in Innsbruck,1911-05,,,Austria,Tirol,Innsbruck,48.0949494,16.2850343,4,False,1
"Österreich, Innsbruck, Triumphpforte, Teilansicht",Ansicht der Triumphpforte in Innsbruck,1911-05,,,Austria,Tirol,Innsbruck,47.2625,11.3947,5,False,0
"Wassen, Ortsteilansicht",Wassen und die Gotthardbahn,1906,,,Switzerland,Kanton Uri,Wassen,46.70651,8.59881,3,True,0
"Österreich, Innsbruck, Andreas-Hofer-Denkmal",Ansicht des Andreas-Hofer-Denkmals auf dem Bergisel in Innsbruck,1911-05,,,Austria,Tirol,Innsbruck,47.2504805,11.4006827,4,False,1
"Österreich, Innsbruck, Ortsteilansicht",Ansicht des Goldenen Dachls in Innsbruck,1911-05,,,Austria,Tirol,Innsbruck,47.26266,11.39454,3,True,0
"Österreich, Innsbruck, Hofkirche, Teilinnenansicht",Bronzefigur des König Arthur in der Hofkirche Innsbrucks,1911-05,,,Austria,Tirol,Innsbruck,47.2682057,11.3952622,4,False,1
"Österreich, Innsbruck, Hofkirche, Teilinnenansicht",Bronzefigur des König Arthur in der Hofkirche Innsbrucks,1911-05,,,Austria,Tirol,Innsbruck,47.2682057,11.3952622,4,False,1
"Österreich, Innsbruck, Hofkirche, Teilinnenansicht",Bronzefigur des Theoderich des Grossen in der Hofkirche Innsbrucks,1911-05,,,Austria,Tirol,Innsbruck,47.2682057,11.3952622,4,False,1
"Italia, Meran, Ortsteilansicht",Blick über einen Teil Merans bis in das Vinschgau,1911-05,,,Italy,Trentino-Alto Adige,Meran,46.66817,11.15953,3,True,0
"Italia, Meran, Ortsteilansicht",Blick über einen Teil Merans bis in das Vinschgau,1911-05,,,Italy,Trentino-Alto Adige,Meran,46.66817,11.15953,3,True,0
"Italia, Meran, Ortsgesamtansicht",Ansicht Merans und des Val Passiria,1911-05,,,Italy,Trentino-Alto Adige,Meran,46.66817,11.15953,3,True,0
"Italia, Meran, Ortsgesamtansicht","Ansicht Merans, im Hintergrund die Zielspietze und den Tschigat",1911-05,,,Italy,Trentino-Alto Adige,Meran,46.66817,11.15953,3,True,0
"Italia, Meran, Ortsgesamtansicht","Ansicht Merans, im Hintergrund die Zielspietze und der Tschigat",1911-05,,,Italy,Trentino-Alto Adige,Meran,46.66817,11.15953,3,True,0
"Italia, Meran, Ortsteilansicht",Blick auf Meran vom Meranerhof aus,1911-05,,,Italy,Trentino-Alto Adige,Meran,46.66817,11.15953,3,True,0
"Italia, Meran, Ortsteilansicht",Blick auf Meran vom Tappeinerweg aus,1911-05,,,Italy,Trentino-Alto Adige,Meran,46.66817,11.15953,3,True,0
"Italia, Meran, Ortsteilansicht",Blick auf Meran vom Tappeinerweg aus,1911-05,,,Italy,Trentino-Alto Adige,Meran,46.66817,11.15953,3,True,0
"Italia, Meran, Ortsteilansicht",Blick von der Gilfpromenade auf Meran,1911-05,,,Italy,Trentino-Alto Adige,Meran,46.66817,11.15953,3,True,0
"Italia, Meran, Ortsteilansicht",Blick entlang der Passer auf die Promenade,1911-05,,,Italy,Trentino-Alto Adige,Meran,46.66817,11.15953,3,True,0
"Italia, Meran, Ortsteilansicht",Blick auf die ehemalige Gisela-Promenadem heute Kurpromenade,1911-05,,,Italy,Trentino-Alto Adige,Meran,46.66817,11.15953,3,True,0
"Italia, Meran, Ortsteilansicht","Ansicht der Römerbrücke, die über die Passer führt",1911-05,,,Italy,Trentino-Alto Adige,Meran,46.66817,11.15953,3,True,0
"Italia, Meran, Ortsgesamtansicht","Blick auf Meran, im Vordergrund ist das Schloss Tirol und die Brunnenburg zu sehen",1911-05,,,Italy,Trentino-Alto Adige,Meran,46.66817,11.15953,3,True,0
"Italia, Tirolo, Schloss Tirol, Gesamtaussenansicht",Blick auf Schloss Tirol und die danebenliegenden Erdpyramiden,1911-05,,,Italy,Trentino-Alto Adige,Tirolo,46.69418,11.14477,5,False,0
"Italia, Tirolo, Schloss Tirol, Gesamtaussenansicht",Blick auf Schloss Tirol und die umliegende Landschaft,1911-05,,,Italy,Trentino-Alto Adige,Tirolo,46.69418,11.14477,5,False,0
"Göschenen, Ortsteilansicht","Blick auf Göschenen, in der Mitte Brücke die über die Reuss führt; im Hintergrund der Dammagletscher",1906,,,Switzerland,Kanton Uri,Göschenen,46.66816,8.58709,3,True,0
"Italia, Tirolo, Schloss Tirol, Gesamtaussenansicht",Ansicht des Schlosses Tirol,1911-05,,,Italy,Trentino-Alto Adige,Tirolo,46.69418,11.14477,5,False,0
"Italia, Bozen, Batzenhäusl, Teilaussenansicht",Ansicht einer Strasse in Bozen mit dem Batzenhäusl,1911-05,,,Italy,Trentino-Alto Adige,Bozen,48.6667,12.6,5,False,0
"Genève, Lunapark, Teilansicht","Ansicht Weiher, mit Badehaus und Steg im Lunapark",1911,,,Switzerland,Canton de Genève,Genève,51.4771128,7.7632753,4,False,1
"Furka, Hotel Furka, Gesamtaussenansicht","Links Schnee, rechts das Hotel, rundherum Geröll",1906,,,Switzerland,Opština Dojran,Furka,46.5341068,8.3477252,4,False,1
"Italia, Arco, Ortsteilansicht",Blick auf Arco und die Ruine des Castollo di Arco,1911-05,,,Italy,Trentino-Alto Adige,Arco,45.91772,10.88672,3,True,0
"Italia, Arco, Ortsteilansicht","Blick auf Arco und den Monte Brione, im Vordergrund eine Bank",1911-05,,,Italy,Trentino-Alto Adige,Arco,45.91772,10.88672,3,True,0
"Italia, Arco, Ortsteilansicht","Blick auf Arco, im Vordergrund Zypressen und Olivenbäume",1911-05,,,Italy,Trentino-Alto Adige,Arco,45.91772,10.88672,3,True,0
"Italia, Arco, Monumento a Giovanni Segantinim",Segantini-Denkmal in Arco,1911-05,,,Italy,Trentino-Alto Adige,Arco,45.91772,10.88672,3,True,0
"Italia, Riva del Garda, Ortsteilansicht",Blick auf Riva del Garda und den Lago di Garda,1911-05,,,Italy,Trentino-Alto Adige,Riva del Garda,45.88577,10.84117,3,True,0
"Italia, Riva del Garda, Ortsteilansicht","Bootssteg am Lago di Garda in RIva del Garda, im Hintergrund einige Häuser",1911-05,,,Italy,Trentino-Alto Adige,Riva del Garda,45.88577,10.84117,3,True,0
"Val di Ledro, Landschaft",Ansicht der Strada del Ponale im Val di Ledro,1911-05,,,Italy,,Val di Ledro,,,0,False,0
"Gargnano, Ortsteilansicht",Friedhof von Gargnano,1911-05,,,Italy,Lombardia,Gargnano,45.68586,10.65869,3,True,0
"Italia, Maderno, Ortsteilansicht",Piazza San Marco in Maderno,1911-05,,,Italy,Trentino-Alto Adige,Maderno,45.63333,10.58333,3,True,0
"Italia, Maderno, Monumento Zanardelli","Blick auf das Monumento Zanardelli, im Hintergrund Häuser",1911-05,,,Italy,Trentino-Alto Adige,Maderno,45.8104045,10.3337473,4,False,1
"Italia, Maderno, Monumento Zanardelli",Blick auf das Monumento Zanardelli,1911-05,,,Italy,Trentino-Alto Adige,Maderno,45.8104045,10.3337473,4,False,1
"Italia, Toscolano-Maderno, Gaino, Landschaft","Feldweg nach Gaino, im Hintergrund die Chiesa di San Michele Arcangelo",1911-05,,,Italy,Lombardia,Gaino,45.6127195,8.8458805,4,False,1
"Italia, Toscolano-Maderno, Gaino, Landschaft","Feldweg nach Gaino, im Hintergrund der Lago di Garda",1911-05,,,Italy,,Toscolano-Maderno,45.6345707,10.609815,2,True,1
"Italia, Toscolano-Maderno, Gaino, Ortsteilansicht","Zypressen an einem Weg in Gaino, rechts eine Häuserzeile",1911-05,,,Italy,,Toscolano-Maderno,45.6345707,10.609815,2,True,1
"Fasano, Ortsteilansicht",Blick von einer Anhöhe auf Fasano und den Lago di Garda,1911-05,,,Italy,Puglia,Fasano,40.83625,17.36007,3,True,0
"Italia, Gardone, Ortsgesamtansicht","Blick auf Gardone und den Lago di Garda, im Hintergrund der Monte Baldo, im Vordergrund eine Wiese",1911-05,,,Italy,,Gardone,45.6187853,10.5591005,2,True,1
"Gardone, Ortsgesamtansicht","Blick auf Gardone und den Lago di Garda, im Hintergrund der Monte Baldo, im Vordergrund Zypressen",1911-05,,,Italy,,Gardone,,,0,False,0
"Italia, Gardone, Ortsteilansicht",Blick vom Ufer des Lago di Garda auf Gardone,1911-05,,,Italy,,Gardone,45.6187853,10.5591005,2,True,1
"Italia, Gardone, Ortsteilansicht",Blick vom Lago di Garda auf Gardone,1911-05,,,Italy,,Gardone,45.6187853,10.5591005,2,True,1
"Italia, Gardone Riviera, Grand Hotel",Blick auf das Grand Hotel in Gardone vom Lago di Garda aus,1911-05,,,Italy,,Gardone-Riviera,45.434,10.9896,5,False,0
"Furka, Blick gegen Gotthard","Unten das Hotel Furkablick, dahinter der Gotthard mit einigen Schneefelder",1906,,,Switzerland,Opština Dojran,Furka,46.5762416,8.4217321,4,False,1
"Italia, Salò, Ortsgesamtansicht","Blick auf Salò und den Lago di Garda, im Vordergrund eine Wiese",1911-05,,,Italy,Lombardia,Salò,45.60685,10.5205,3,True,0
"Italia, Salò, Ortsteilansicht",Häuserreihe und Promenade entlang des Ufers des Lago di Garda in Salò,1911-05,,,Italy,Lombardia,Salò,45.60685,10.5205,3,True,0
"Italia, Sirmione, Landschaft",Kleine Halbinsel bei Sirmione,1911-05,,,Italy,Lombardia,Sirmione,45.49744,10.60507,3,True,0
"Italia, Salò, Landschaft",Zypressen entlang des Ufers des Lago di Garda bei Salò,1911-05,,,Italy,Lombardia,Salò,45.60685,10.5205,3,True,0
"Italia, Isola di Garda, Landschaft",Blick auf die Isola di Garda und den Lago di Garda,1911-05,,,Italy,,Isola di Garda,45.5928053,10.5906933,2,True,1
"Italia, Manerba del Garda, Landschaft",Blick auf das Cap Manerba und den Lago di Garda,1911-05,,,Italy,Lombardia,Manerba del Garda,45.54988,10.55228,3,True,0
"Italia, Sirmione, Terme di Sirmione",Blick von einer Anhöhe auf die Terme di Sirmione,1911-05,,,Italy,Lombardia,Sirmione,45.49493,10.6046911,4,False,1
"Italia, Sirmione, Castello Scaligero","Brücke die zum Castello Scaligero in Sirmione führt, darauf mehrere Männer sitzend",1911-05,,,Italy,Lombardia,Sirmione,45.49218,10.60821,5,False,0
"Italia, Sirmione, Castello Scaligero","Castello Scaligero in Sirmione, im Vordergrund mehrere Boote",1911-05,,,Italy,Lombardia,Sirmione,45.49218,10.60821,5,False,0
"Furka, Blick gegen Gotthard","Unten das Hotel Furkablick, dahinter das Bergpanorama, vorne ein Schneefeld",1906,,,Switzerland,Opština Dojran,Furka,46.5762416,8.4217321,4,False,1
"Italia, Sirmione, Grotte di Catullo",Mauerreste der Grotte di Catullo bei Sirmione,1911-05,,,Italy,Lombardia,Sirmione,45.5009128,10.6067079,4,False,1
"Italia, Malcesine, Castello Scaligero",Blick von einer Anhöhe aus auf das Castello Scaligero in Malcesine,1911-05,,,Italy,Veneto,Malcesine,45.7663,10.80879,5,False,0
"Italia, Malcesine, Castello Scaligero",Blick von einer Anhöhe aus auf das Castello Scaligero in Malcesine,1911-05,,,Italy,Veneto,Malcesine,45.7663,10.80879,5,False,0
"Italia, Malcesine, Castello Scaligero",Blick vom Ufer des Lago di Garda aus auf das Castello Scaligero in Malcesine,1911-05,,,Italy,Veneto,Malcesine,45.7663,10.80879,5,False,0
"Italia, Landschaft [Lokalisierung unsicher]",Zypresse-Bäume neben einem ansteigenden Weg,1911-05,,,Italy,,"Italien, [Lokalisierung unsicher]",,,0,False,0
"Italia, Como, Ortsteilansicht",Blick auf einen grossen Teil der Stadt Como vom Castel Baradello aus,1911-05,,,Italy,Lombardia,Como,45.80819,9.0832,3,True,0
"Italia, Como, Ortsteilansicht","Blick auf einen Teil der Stadt Como, rechts der Lago di Como",1911-05,,,Italy,Lombardia,Como,45.80819,9.0832,3,True,0
"Italia, Como, Piazza Cavour",Piazza Cavour in Como,1911-05,,,Italy,Lombardia,Como,45.43194,8.73539,5,False,0
"Gletsch und Grimselstrasse, Landschaft","Die Grimselstrasse mit Gletsch, Blick gegen den Aaregletscher",1906,,,Switzerland,Canton du Valais,Gletsch,46.56226,8.36196,3,True,0
"Furkapass, Panorama",Blick von der Furka-Passhöhe auf das Rhonetal mit Furka- und Grimselpasskehren,1906,,,Switzerland,,Furkapass,46.57191,8.41642,5,False,0
"Uri Rotstock, Landschaft","Blick auf den Uri Rotstock und den Urnersee, im Vordergrund eine Wiese",1911-06,,,Switzerland,,Uri Rotstock,46.86176,8.53521,5,False,0
"Flims, Ortsgesamtansicht",Ansicht von Flims,1911-07,,,Switzerland,Kanton Graubünden,Flims,46.83705,9.28458,3,True,0
"Flims, Ortsteilansicht","Horizontal Flims-Dorf, dahinter verteilt einige Hotels vor dem Wald, dahinter ein Berg",1911,,,Switzerland,Kanton Graubünden,Flims,46.83705,9.28458,3,True,0
"Flims, Kirche St. Martin",Blick auf einen Teil von Flims mit der Kirche St. Martin,1911-07,,,Switzerland,Kanton Graubünden,Flims,49.4333,2.5572,5,False,0
"Flims, Ortsteilansicht","Horizontal Flims-Dorf, dahinter der Wald, am Horizont ein Berg",1911,,,Switzerland,Kanton Graubünden,Flims,46.83705,9.28458,3,True,0
"Flims, Ortsgesamtansicht","Zentral die Häuser von Flims zu sehen, markant die Kirche, dahinter der BErghang, rechts ein Baum",1911,,,Switzerland,Kanton Graubünden,Flims,46.83705,9.28458,3,True,0
"Flims, Casino Speisesaal","Der Speisesaal des Casinos, viele Tische mit weissen Tischtüchern",1911,,,Switzerland,Kanton Graubünden,Flims,46.83705,9.28458,3,True,0
"Fidaz, Ref. Kirche, Gesamtaussenansicht","Zentral die Rückwand der Kirche, vorne der Weg",1911,,,Switzerland,Kanton Graubünden,Fidaz,46.8375104,9.3026124,4,False,1
"Trin, Trin Digg, Ortsgesamtansicht",Ansicht des Ortsteils Trin Digg,1911-07,,,Switzerland,Kanton Graubünden,Trin,46.824879,9.3559215,4,False,1
"Flims, Hotel Segnes","Vorne ein Platz, dahinter rechts die Villa Erica, links das Hotel Segnes",1911,,,Switzerland,Kanton Graubünden,Flims,46.9181203,9.1706582,4,False,1
"Flims, Kurhaus-Grand Hôtel","Unten überdachte Wege, dahinter das Grand-Hotel, rechts einige Bäume",1911,,,Switzerland,Kanton Graubünden,Flims,47.3727936,8.5733694,4,False,1
"Lötschental, Walliser Paar in Tracht",Walliser Paar in Tracht aus dem Lötschental,1905,,,Switzerland,,Lötschental,46.4112449,7.8031048,2,True,1
"Flims, Kurhaus Adula","Zentral das Kurhaus Adula, links eine Tanne",1911,,,Switzerland,Kanton Graubünden,Flims,46.83705,9.28458,3,True,0
"Flims, Kurhaus Adula, Gesamtaussenansicht","Links das Kurhaus Adula, rechts die Strasse, parallel verlaufend eine Baumallee",1911,,,Switzerland,Kanton Graubünden,Flims,46.83705,9.28458,3,True,0
"Flims, Lag la Cauma, Landschaft","Blick auf den Lag la Cauma, auf dem ein Mann in einem Boot über den See rudert, im Hintergrund die Berge",1911-07,,,Switzerland,Kanton Graubünden,Flims,46.82019,9.29549,5,False,0
"Flims, Landschaft","Vorne See, links ein Boot, am gegenüber ein Haus, dahinter der Wald",1911,,,Switzerland,Kanton Graubünden,Flims,46.83705,9.28458,3,True,0
"Wengen, Bahnhof, Gesamtaussenansicht",Aussenansicht Bahnhof Wengen,1911,,,Switzerland,Canton de Berne,Wengen,46.6050081,7.920865,4,False,1
"Meiringen, Ortsgesamtansicht",Blick von der Haslibergstrasse auf Meringen,1911-06,,,Switzerland,Canton de Berne,Meiringen,46.72709,8.1872,3,True,0
"Brig, Ortsgesamtansicht","Brig gegen den Simplontunnel, Blick auf das Dorf und die Rhône",1911,,,Switzerland,Canton du Valais,Brig,46.31667,7.98333,3,True,0
"Interlaken, Ortsteilansicht","Blick auf Interlaken vom Brienzersee her, im Hintergrund die Jungfrau",1912,,,Switzerland,Canton de Berne,Interlaken,46.68387,7.86638,3,True,0
"Amsteg, Ortsgesamtansicht",Gotthardbahn in Amsteg,1906,,,Switzerland,Kanton Uri,Amsteg,46.77132,8.66963,3,True,0
"Realp, Ortsgesamtansicht",Gesamtansicht von Realp mit Furkastrasse,1906,,,Switzerland,Kanton Uri,Realp,46.59821,8.50282,3,True,0
"Furka und Grimsel, Landschaft","Furka und Grimsel, Blick entlang des Rhonetals",1906,,,Switzerland,,Furkapass,46.5726851,8.415184,2,True,1
"Küssnacht, Gesslerburg, Teilaussenansicht",Blick hinauf auf ein Waldstück hinter dem schemenhaft die Ruine der Gesslerburg zu erkennen ist,1911,,,Switzerland,,Küssnacht,47.0819975,8.4486301,4,False,1
"Grimselpass, Hospiz, Gesamtaussenansicht","Der Totensee mit dem Hospiz auf dem Grimselpass, die Brunberghörner im Hintergrund",1906,,,Switzerland,Canton de Berne,Guttannen,46.65511,8.28951,3,True,0
"Arosa, Ortsteilansicht","Blick auf Arosa gegen das Klein Furkahorn, auch Chli Furkahorn genannt",1911-07,,,Switzerland,Kanton Graubünden,Arosa,46.77793,9.67621,3,True,0
"Engstlenalp, Panorama, Landschaft",Panorama der Engstlenalp,1906,,,Switzerland,,Engstlenalp,46.77547,8.34445,5,False,0
"Kerns, Melchtal, Ortsgesamtansicht",Blick auf Melchtal runter,1905,,,Switzerland,Kanton Obwalden,Melchtal,46.83436,8.28986,3,True,0
"Titlis, Panorama","Titlis, Panorama. Blick auf Sustenhorn und Dammakette",1905,,,Switzerland,,Titlis,46.77204,8.43778,5,False,0
"Weesen, Ortsteilansicht",Blick durch eine Pergola auf Weesen,1911-07,,,Switzerland,Kanton St. Gallen,Weesen,47.13447,9.09644,3,True,0
"Griante, Grand Hotel Cadenabbia, Gesamtaussenansicht",de|Griante. Blick auf das Grand Hotel Cadenabbia am Comersee.,1911-11,,,Italy,Lombardia,Griante,45.9854,9.2301,5,False,0
"Bern, Frau in Berner Tracht, Teilansicht","Sitzende Simmentalerin mit Berner Tracht, die ein aufgeschlagenes Buch in den Händen hält",1905,,,Switzerland,,Kanton Bern,46.8382351,7.6004502,2,True,1
"Waadt, Frau und Mann in Waadtländer Tracht, Gesamtansicht",Waadtländer Weinbauern in Tracht,1905,,,Switzerland,,Kanton Waadt,46.6356963,6.5320717,2,True,1
"Engelberg, Ortsgesamtansicht",Sicht auf Engelberg Richtung Huetstock und Juchlipass,1905,,,Switzerland,Kanton Obwalden,Engelberg,46.82107,8.40133,3,True,0
"Basel, Strassburgerdenkmal, Relief, Gesamtansicht",Relief am Sockel des Strassburgerdenkmals,1912,,,Switzerland,Kanton Basel-Stadt,Basel,47.548982,7.590903,4,False,1
"Luzern, Hofkirche St. Leodegar und Mauritius, Teilinnenansic","Blick vom Mittelschiff gegen den Chor und den Hochaltar, seitlich Kanzel und Nikolausaltar",1912-1912,,,Switzerland,Kanton Luzern,Luzern,47.05048,8.30635,3,True,0
"Engelberg, Umgebung/Flühmatt, Landschaft","Umgebung auf der Flühmatt, vis-à-vis die Titlisggruppe, mehrere Alphütten sind zu sehen",1905,,,Switzerland,,Flühmatt,47.31129,7.58607,5,False,0
"Stresa, Ortsteilansicht","Gesamtaussenansicht des Grand Hotel des Iles Borromées, vom Lago Maggiore aus betrachtet",1912,,,Italy,Piemonte,Stresa,45.8839,8.5415,5,False,0
"Lago Maggiore, Isola Bella, Landschaft","Blick auf die Isola Bella, vom Lago Maggiore aus betrachtet",1912,,,Italy,Lazio,Isola Bella,45.89556,8.52676,5,False,0
"Bern, Mädchen und Junge in Berner Tracht, Gesamtansicht",Mädchen und Junge in alter Berner Kindertracht,1905,,,Switzerland,,Bern,,,0,False,0
"Spannorthütte, Teilaussenansicht",Die Spannorthütte mit Blick gegen Schlossberglücke und Gross Spannort,1905,,,Switzerland,,Spannorthütte,46.7998126,8.5097965,4,False,1
"Evian-les-Bains, Ortsteilansicht",Blick auf die Rue Centrale in Evian-les-Bains,1912,,,France,,Evian-les-Bains,,,0,False,0
"France, Évian-les-Bains, Église Notre-Dame de l'Assomption, ","Ansicht einer Strasse in Évian-les-Bains, am Ende der Kirchturm der Église Notre-Dame de l'Assomption",1912,,,France,,Évian-les-Bains,47.8338525,4.7086908,4,False,1
"France, Évian-les-Bains, Port, Ortsteilansicht",Blick entlang des Seeufers auf den Dampfers 'General Dufour' im Hafen von Évian-les-Bains,1912-1912,,,France,,Évian-les-Bains,55.1647,-7.9778,5,False,0
"Montreux, Ortsgesamtansicht",Ortsgesamtansicht von Montreux aus der Höhe gesehen mit Blick über Genfersee,1912-1912,,,Switzerland,Canton de Vaud,Montreux,46.43301,6.91143,3,True,0
"Griechenland, Athen, Piräus Hafen, Ortsteilansicht","Ansicht des Piräus Hafens bei Athen, im Hintergrund die Stadt Athen zu sehen",1912,,,Greece,Attica,Athen,37.9453736,23.6427328,4,False,1
"Engelberg, Ober Arni, Panorama","Aussicht von der Ober Arni, links das Engelbergerthal, rechts ein Schneeberg",1905,,,Switzerland,Kanton Obwalden,Engelberg,46.82683,8.3430967,4,False,1
"Griechenland, Athen, Nationales Observatorium, Gesamtaussena","Blick über Athen, links das Nationale Observatorium",1912,,,Greece,Attica,Athen,37.9723192,23.718125,4,False,1
"Griechenland, Athen, Lykabettus, Panorama",Panorama von Athen vom Lykabettus aus,1912,,,Greece,Attica,Athen,37.9819,23.7431,5,False,0
"Griechenland, Akropolis, Gesamtansicht","Blick über Athen, rechts die Akropolis",1912,,,Greece,Attica,Athen,37.97172,23.72564,5,False,0
"Griechenland, Athen, Lykabettus, Panorama",Panorama von Athen vom Lykabettus aus,1912,,,Greece,Attica,Athen,37.9819,23.7431,5,False,0
"Griechenland, Athen, Olympieion, Teilansicht","Ansicht des Olympieion in Athen, im Hintergrund die Akropolis zu sehen",1912,,,Greece,Attica,Athen,37.9692,23.7336,5,False,0
"Warth-Weiningen, Kartause Ittingen, Teilaussenansicht",Blick auf einen Gebäudeteil der Kartause Ittingen,1912,,,Switzerland,Kanton Thurgau,Warth,47.58288,8.86436,5,False,0
"Engelberg, Ortsgesamtansicht","Engelberg mit Titlis, Titlis und Gebirgskette dominieren",1905,,,Switzerland,Kanton Obwalden,Engelberg,46.82107,8.40133,3,True,0
"Deutschland, Bingen am Rhein, Ortsgesamtansicht",Blick auf Bingen am Rhein,1912,,,Germany,Rheinland-Pfalz,Bingen am Rhein,49.96675,7.8992,3,True,0
"Deutschland, Freiburg im Breisgau, Ortsgesamtansicht",Blick gegen Süden auf Freiburg im Breisgau runter,1912,,,Germany,Baden-Württemberg,Freiburg im Breisgau,47.9959,7.85222,3,True,0
"Deutschland, Freiburg im Breisgau, Ortsgesamtansicht",Blick gegen Süden auf Freiburg im Breisgau runter,1912,,,Germany,Baden-Württemberg,Freiburg im Breisgau,47.9959,7.85222,3,True,0
"Deutschland, Freiburg im Breisgau, Ortsgesamtansicht",Blick gegen Süden auf Freiburg im Breisgau runter,1912,,,Germany,Baden-Württemberg,Freiburg im Breisgau,47.9959,7.85222,3,True,0
"Brunnen (SZ), Bahnhof, Gotthardbahn","Gotthard-Express. Ansicht einer stehenden Zugkomposition mit Dampflokomotive, im Hintergrund Mythen",1905,,,Switzerland,,Mythen,46.9957061,8.6067701,4,False,1
"Wettingen, Kloster, Teilinnenansicht",Ansicht des Kreuzgangs des Kosters Wettingen,1912,,,Switzerland,Kanton Aargau,Wettingen,47.45798,8.31735,5,False,0
"Brunnen, Ortsgesamtansicht",Blick auf Brunnen gegen Urnersee und Muottamündung,1912,,,Switzerland,Kanton Schwyz,Brunnen,46.9936,8.60538,3,True,0
"Deutschland, Freiburg im Breisgau, Ortsteilansicht","Blick auf Freiburg im Breisgau runter, im Vordergrund sind Kronen von Bäumen zu sehen",1912,,,Germany,Baden-Württemberg,Freiburg im Breisgau,47.9959,7.85222,3,True,0
"Deutschland, Freiburg im Breisgau, Freiburger Münster",Blick auf das Freiburger Münster mit den umliegenden Häusern,1912,,,Germany,Baden-Württemberg,Freiburg im Breisgau,47.99555,7.8532,5,False,0
"Deutschland, Freiburg im Breisgau, Freiburger Münster",Blick auf das Freiburger Münster,1912,,,Germany,Baden-Württemberg,Freiburg im Breisgau,47.99555,7.8532,5,False,0
"Deutschland, Freiburg im Breisgau, Freiburger Münster",Blick auf das Münsterportal des Freiburger Münsters,1912,,,Germany,Baden-Württemberg,Freiburg im Breisgau,47.99555,7.8532,5,False,0
"Fleckistock, Landschaft",Zwei Bergsteiger an einer Gratpartie des Fleckistocks.,1905,,,Switzerland,,Fleckistock,46.70744,8.49756,5,False,0
"Deutschland, Kirchzarten, Himmelreich, Gasthaus",Blick auf das Gasthaus zum Himmelreich,1912,,,Germany,Lower Saxony,Himmelreich,49.191925,13.0524209,4,False,1
"Deutschland, Schwarzwald, Landschaft","Blick auf ein Teilabschnitt einer Strasse, die durch ein Tal im Schwarzwald führt, auf einem Felsvprsprung ist ein Hirsch zu sehen",1912,,,Germany,,"Deutschland, [Lokalisierung unsicher]",,,0,False,0
"Deutschland, Titisee, Landschaft",Blick auf den Titisee und die umliegenden Häuser,1912,,,Germany,,Titisee-Neustadt,47.89425,8.1461,5,False,0
"Deutschland, Feldberg, Feldberger Hof",Blick auf das Hotel Feldberger Hof,1912,,,Germany,Mecklenburg-Western Pomerania,Feldberg,47.8599169,8.0380586,4,False,1
"Deutschland, Triberg im Schwarzwald, Landschaft",Blick auf einige Häuser in Triberg im Schwarzwald und die umliegende Landschaft,1912,,,Germany,Baden-Württemberg,Triberg im Schwarzwald,48.13175,8.23317,3,True,0
"Deutschland, Triberg im Schwarzwald, Ortsteilansicht",Blick über einige Tannenwipfel hinweg auf Triberg im Schwarzwald runter von der Bahnlinie aus,1912,,,Germany,Baden-Württemberg,Triberg im Schwarzwald,48.13175,8.23317,3,True,0
"Deutschland, Schwarzwald, Bauernhaus",Ansicht eines Bauernhauses im Schwarzwald,1912,,,Germany,,"Deutschland, [Lokalisierung unsicher]",,,0,False,0
"Deutschland, St. Blasien, Ortsteilansicht","Blick auf St. Blasien runter, im vorderen Teil rechts ist der Dom St. Blasius zu sehen",1912,,,Germany,Baden-Württemberg,St. Blasien,47.76252,8.12714,3,True,0
"Deutschland, St. Blasien, Ortsteilansicht",Blick auf St. Blasien runter über die Wipfel einiger Tannen hinweg,1912,,,Germany,Baden-Württemberg,St. Blasien,47.76252,8.12714,3,True,0
"Deutschland, St. Blasien, Landschaft","Ansicht eines dichten Tannenwaldes und die nähere Umgebung, im Hintergrund ist ein Teil von St. Blasien udn der Dom St. Blasius zu sehen",1912,,,Germany,Baden-Württemberg,St. Blasien,47.76252,8.12714,3,True,0
"Deutschland, St. Blasien, Ortsteilansicht",Blick auf St. Blasien runter gegen den Feldberg,1912,,,Germany,Baden-Württemberg,St. Blasien,47.76252,8.12714,3,True,0
"Deutschland, St. Blasien, Ortsteilansicht",Ansicht von St. Blasien,1912,,,Germany,Baden-Württemberg,St. Blasien,47.76252,8.12714,3,True,0
"Deutschland, St. Blasien, Landschaft",Blick über einen dichten Tannenwald und Wiesen hinweg auf St. Blasien,1912,,,Germany,Baden-Württemberg,St. Blasien,47.76252,8.12714,3,True,0
"Deutschland, Villingen, Ortsteilansicht","Blick auf eine Strasse in Villingen, mit dem Münster Unserer Lieben Frau",1912,,,Germany,,Villingen-Schwenningen,48.063152,8.4929618,2,True,1
"Deutschland, Villingen, Ortsteilansicht","Zentrum des Dorfes (ehemalige Riedstrasse), viele Menschen stehen auf der Strasse",1912,,,Germany,,Villingen-Schwenningen,48.063152,8.4929618,2,True,1
"Deutschland, Baden-Baden, Ortsteilansicht",Blick vom Bergschloss auf Baden-Baden gegen den Fremersberg,1912,,,Germany,,Baden-Baden,48.7610716,8.239959,2,True,1
"Deutschland, Baden-Baden, Ortsteilansicht",Blick auf Baden-Baden gegen den Merkur,1912,,,Germany,,Baden-Baden,48.7610716,8.239959,2,True,1
"Deutschland, Baden-Baden, Ortsteilansicht",Blick auf einige Häuser von Baden-Baden,1912,,,Germany,,Baden-Baden,48.7610716,8.239959,2,True,1
"Deutschland, Baden-Baden, Ortsteilansicht",Blick auf Baden-Baden gegen das Schloss,1912,,,Germany,,Baden-Baden,48.7610716,8.239959,2,True,1
"Deutschland, Baden-Baden, Altes Schloss Hohenbaden","Blick auf das Alte Schloss Hohenbaden, im Hintergrund ist Baden-Baden zu sehen",1912,,,Germany,,Baden-Baden,48.7765619,8.2442195,4,False,1
"Deutschland, Baden-Baden, Trinkhalle",Ansicht der Trinkhalle mit dem Denkmal Kaiser Wilhelms I.,1912,,,Germany,,Baden-Baden,48.7617867,8.2367369,4,False,1
"Deutschland, Baden-Baden, Ortsteilansicht",Blick auf einen Brunnen in einem Park der Kuranlagen,1912,,,Germany,,Baden-Baden,48.7610716,8.239959,2,True,1
"Deutschland, Baden-Baden, Schloss Hohenbaden",Blick auf die Galerie im Schloss Hohenbaden,1912,,,Germany,,Baden-Baden,48.7765619,8.2442195,4,False,1
"Deutschland, Baden-Baden, Ortsgesamtansicht",Blick auf Baden-Baden runter vom Alten Schloss Hohenbaden aus,1912,,,Germany,,Baden-Baden,48.7610716,8.239959,2,True,1
"Deutschland, Weisenbach, Ortsansicht",Ansicht einiger Häuser und der Kirche von Weisenbach und der umliegenden Landschaft,1912,,,Germany,Baden-Württemberg,Weisenbach,48.72757,8.35378,3,True,0
"Deutschland, Karlsruhe, Ortsteilansicht",Blick auf Karlsruhe vom Schloss aus,1912,,,Germany,Baden-Württemberg,Karlsruhe,49.00937,8.40444,3,True,0
"Deutschland, Karlsruhe, Ortsteilansicht",de|Blick auf die Kaiserstraße in Karlsruhe,1912,,,Germany,Baden-Württemberg,Karlsruhe,49.00937,8.40444,3,True,0
"Deutschland, Karlsruhe, Ortsteilansicht",Blick in den Stadtgarten von Karlsruhe,1912,,,Germany,Baden-Württemberg,Karlsruhe,49.00937,8.40444,3,True,0
"Deutschland, Karlsruhe, Schloss Karlsruhe",Aussenansicht des Karlsruher Schlosses,1912,,,Germany,Baden-Württemberg,Karlsruhe,49.0135248,8.4043592,4,False,1
"Deutschland, Karlsruhe, Ortsteilansicht",Ansicht eines Seerosenteiches im Stadtgarten von Karlsruhe,1912,,,Germany,Baden-Württemberg,Karlsruhe,49.00937,8.40444,3,True,0
"Deutschland, Karlsruhe, Ortsteilansicht",Teilansicht des Stadtgartens beim Schwarzwälderhaus,1912,,,Germany,Baden-Württemberg,Karlsruhe,49.00937,8.40444,3,True,0
"Deutschland, Heidelberg, Ortsteilansicht",Blick auf Heidelberg,1912,,,Germany,Baden-Württemberg,Heidelberg,49.40768,8.69079,3,True,0
"Deutschland, Heidelberg, Ortsteilansicht",Ansicht von Heidelberg,1912,,,Germany,Baden-Württemberg,Heidelberg,49.40768,8.69079,3,True,0
"Deutschland, Heidelberg, Ortsteilansicht",Ansicht von Heidelberg,1912,,,Germany,Baden-Württemberg,Heidelberg,49.40768,8.69079,3,True,0
"Deutschland, Heidelberg, Heidelberger Schloss",Blick in den Schlosshof des Heidelberger Schlosses,1912,,,Germany,Baden-Württemberg,Heidelberg,49.4105,8.71602,5,False,0
"Deutschland, Mannheim, Ortsteilansicht",Blick über den dichtbefahrenen Rhein auf die Rheinbrücke,1912,,,Germany,Baden-Württemberg,Mannheim,49.4891,8.46694,3,True,0
"Deutschland, Mainz, Mainzer Dom","Blick auf den Mainzer Dom, im Vordergrund Strassenbahnschienen",1912,,,Germany,Rheinland-Pfalz,Mainz,49.99885,8.27357,5,False,0
"Deutschland, Mainz, Christuskirche","Blick auf die Christuskirche, im Vordergrund spazieren Leute über den Platz",1912,,,Germany,Rheinland-Pfalz,Mainz,50.0073363,8.2665675,4,False,1
"Deutschland, Mainz, Ortsteilansicht",Blick entlang der Kaiserstrasse in Mainz,1912,,,Germany,Rheinland-Pfalz,Mainz,49.98185,8.28008,3,True,0
"Deutschland, Mainz, Ortsteilansicht",Ansicht der Rheinstrasse in Mainz mit dem Holzturm,1912,,,Germany,Rheinland-Pfalz,Mainz,49.98185,8.28008,3,True,0
"Deutschland, Mainz, Südbrücke",Ansicht der Südbrücke mit einem der Brückentürme,1912,,,Germany,Rheinland-Pfalz,Mainz,49.9922732,8.2965881,4,False,1
"Deutschland, Ludwigshafen, Ortsteilansicht",Ansicht des dicht befahrenen Rheins bei Ludwigshafen; die Beschriftung im Negativ ist falsch.,,,,Germany,Rheinland-Pfalz,Ludwigshafen,49.48121,8.44641,3,True,0
"Deutschland, Assmannshausen, Ortsteilansicht",Blick auf Assmannshausen über den Rhein hinweg,1912,,,Germany,Hessen,Assmannshausen,49.98986,7.86716,3,True,0
"Deutschland, Bacharach, Ortsgesamtansicht",Blick auf Bacharach am Rhein,1912,,,Germany,Rheinland-Pfalz,Bacharach,50.05725,7.76948,3,True,0
"Deutschland, Bacharach, Ortsteilansicht","Blick über die Weinreben auf einige Häuser, die Kirche und die Wernerkapelle",1912,,,Germany,Rheinland-Pfalz,Bacharach,50.05725,7.76948,3,True,0
"Deutschland, Bacharach, Ortsteilansicht","Blick auf Bacharach mit der Kirche und der Wernerkapelle, oberhalb des Ortes erhebt sich die Burg Stahleck",1912,,,Germany,Rheinland-Pfalz,Bacharach,50.05725,7.76948,3,True,0
"Deutschland, Bacharach, Ortsteilansicht","Blick auf eine Strasse, auf der zwei Kinder entlang gehen, die zum Steeger Tor führt, neben einigen Häusern sind auch weitere Türme der Stadtmauer zu sehen",1912,,,Germany,Rheinland-Pfalz,Bacharach,50.05725,7.76948,3,True,0
"Trechtingshausen, Burg Rheinstein, Teilaussenansicht",Blick auf die Burg Rheinstein von Süden,circa 1912,,,Germany,Rheinland-Pfalz,Trechtingshausen,49.9937,7.85843,5,False,0
"Koblenz, Schloss Stolzenfels, Teilaussenansicht","Blick auf Schloss Stolzenfels von Norden, den Rhein und das am gegenüberliegenden Ufer gelegene Lahnstein",circa 1912,,,Germany,Rheinland-Pfalz,Koblenz,50.3032,7.59242,5,False,0
"Göschenen, Tunneleingang Gotthardbahn",Ansicht des Tunneleingangs der Gotthardbahn bei Göschenen.,1905,,,Switzerland,Kanton Uri,Göschenen,46.66816,8.58709,3,True,0
"Koblenz, Kaiser-Wilhelm-Denkmal, Gesamtansicht",Blick auf das Kaiser-Wilhelm-Denkmal am Deutschen Eck,circa 1912,,,Germany,Rheinland-Pfalz,Koblenz,50.3640999,7.6055997,4,False,1
"Schwarzwald, Bauernhaus, Teilaussenansicht",Ansicht eines Bauernhauses im Schwarzwald,circa 1912,,,Germany,,Schwarzwald,,,0,False,0
"Wiesbaden, Ortsteilansicht",Blick auf Wiesbaden von Süden aus,circa 1912,,,Germany,Hessen,Wiesbaden,50.08601,8.24435,3,True,0
"Wiesbaden, Wilhelmstrasse, Ortsteilansicht",Ansicht der Wilhelmstrasse in Wiesbaden,1912,,,Germany,Hessen,Wiesbaden,50.08601,8.24435,3,True,0
"Wiesbaden, Kocherbrunnenplatz, Ortsteilansicht",Ansicht des Kocherbrunnenplatzes mit dem Pavillon des historischen Kochbrunnens,circa 1912,,,Germany,Hessen,Wiesbaden,50.08601,8.24435,3,True,0
"Wiesbaden, Kocherbrunnenplatz, Ortsteilansicht",Ansicht des Kocherbrunnenplatzes mit dem Pavillon des historischen Kochbrunnens,circa 1912,,,Germany,Hessen,Wiesbaden,50.08601,8.24435,3,True,0
"Wiesbaden, Neroberg, Ortsteilansicht","Blick auf Wiesbaden, im Vordergrund ist der Nerobergtempel auf dem Neroberg zu sehen",circa 1912,,,Germany,Hessen,Wiesbaden,50.08601,8.24435,3,True,0
"Wiesbaden, Neroberg, Ortsteilansicht","Blick auf Wiesbaden, im Vordergrund ist der Nerobergtempel auf dem Neroberg zu sehen",circa 1912,,,Germany,Hessen,Wiesbaden,50.08601,8.24435,3,True,0
"Wiesbaden, Rathaus, Teilaussenansicht",Blick auf das Rathaus in Wiesbaden,1912,,,Germany,Hessen,Wiesbaden,50.0629073,8.3429065,4,False,1
"Wiesbaden, Rathaus, Teilaussenansicht",Blick auf das Rathaus in Wiesbaden,1912,,,Germany,Hessen,Wiesbaden,50.0629073,8.3429065,4,False,1
"Bad Schwalbach, Ortsteilansicht","Blick auf den unteren Teil von Bad Schwalbach, das bis 1927 Langenschwalbach hiess",circa 1912,,,Germany,Hessen,Bad Schwalbach,50.14196,8.06964,3,True,0
"Bad Schwalbach, Ortsteilansicht",Blick auf Bad Schwalbach mit der Burg,circa 1912,,,Germany,Hessen,Bad Schwalbach,50.14196,8.06964,3,True,0
"Hohenstein, Ortsteilansicht",Blick auf einige Häuser in Hohenstein in Richtung Burg Hohenstein,circa 1912,,,Germany,Schleswig-Holstein,Hohenstein,54.28798,10.8054,3,True,0
"Hohenstein, Burg Hohenstein, Landschaft",Blick von der Burg Hohenstein auf die umliegende Landschaft,circa 1912,,,Germany,Schleswig-Holstein,Hohenstein,50.1833,8.05,5,False,0
"Bad Schwalbach, Adolfseck, Ortsteilansicht","Blick auf Adolfseck, früher Adolphseck, einem Stadtteil von Bad Schwalbach",circa 1912,,,Germany,Hessen,Bad Schwalbach,50.5,9.7,5,False,0
"Diez, Ortsteilansicht",Blick auf Diez an der Lahn,circa 1912,,,Germany,Rheinland-Pfalz,Diez,50.37419,8.00735,3,True,0
"Diez, Ortsteilansicht",Blick auf Diez an der Lahn,circa 1912,,,Germany,Rheinland-Pfalz,Diez,50.37419,8.00735,3,True,0
"Deutschland, Balduinstein, Schloss Schaumburg",Blick hinauf zum Schloss Schaumburg und die umliegende Landschaft,circa 1912,,,Germany,Rheinland-Pfalz,Balduinstein,50.3392512,7.9771917,4,False,1
"Deutschland, Balduinstein, Ortsteilansicht",Blick auf Balduinstein gegen das Schloss Schaumburg,circa 1912,,,Germany,Rheinland-Pfalz,Balduinstein,50.35,7.96667,3,True,0
"Deutschland, Neu-Eichenberg, Kloster Arnstein",Blick zum Kloster Arnstein empor und die umliegende Landschaft,circa 1912,,,Germany,,Neu-Eichenberg,50.31034,7.8515,5,False,0
"Deutschland, Nassau, Ortsteilansicht","Blick auf Nassau an der Lahn mit dem Burgberg, auf dem sich die Ruine der Burg Nassau erhebt",circa 1912,,,Germany,Rheinland-Pfalz,Nassau,50.31453,7.80025,3,True,0
"Deutschland, Bad Ems, Ortsteilansicht","Blick entlang einer Strasse und die daran liegenden Häuser in Bad Ems , die an der Lahn entlang führt",circa 1912,,,Germany,Rheinland-Pfalz,Bad Ems,50.33544,7.71369,3,True,0
"Andermatt, Kirche St. Kolumban",Gesamtansicht der Alten Kirche St. Kolumban in Andermatt.,1905,,,Switzerland,Kanton Uri,Andermatt,47.4773818,9.4958091,4,False,1
"Deutschland, Bad Ems, Ortsteilansicht",Blick vom Malberg auf Bad Ems,circa 1912,,,Germany,Rheinland-Pfalz,Bad Ems,50.33544,7.71369,3,True,0
"Deutschland, Bad Ems, Ortsteilansicht",Blick auf Bad Ems und die Lahn,circa 1912,,,Germany,Rheinland-Pfalz,Bad Ems,50.33544,7.71369,3,True,0
"Deutschland, Bad Ems, Ortsteilansicht",Blick auf Bad Ems mit dem Lahnufer und der oberen Brücke,circa 1912,,,Germany,Rheinland-Pfalz,Bad Ems,50.33544,7.71369,3,True,0
"Deutschland, Heidelberg, Heidelberger Schloss",Blick auf die Ruinie des Heidelberger Schlosses,circa 1912,,,Germany,Baden-Württemberg,Heidelberg,49.4105,8.71602,5,False,0
"Deutschland, Mannheim, Festhalle",Ansicht der Festhalle von Mannheim,1912,,,Germany,Baden-Württemberg,Mannheim,49.4810662,8.4978296,4,False,1
"Deutschland, Mannheim, Ortsteilansicht","Blick auf den Rhein in Mannheim, am Ufer sind einige Schiffe angelegt",circa 1912,,,Germany,Baden-Württemberg,Mannheim,49.4891,8.46694,3,True,0
"Deutschland, Heidelberg, Ortsgesamtansicht",Ansicht von Heidelberg,circa 1912,,,Germany,Baden-Württemberg,Heidelberg,49.40768,8.69079,3,True,0
"Deutschland, Bingen am Rhein, Ortsteilansicht","Ansicht von Bingen am Rhein mit der Drususbrücke, die über die Nahe führt",circa 1912,,,Germany,Rheinland-Pfalz,Bingen am Rhein,49.96675,7.8992,3,True,0
"Deutschland, Bingen am Rhein, Ortsteilansicht","Ansicht von Bingerbrück, einem Stadtteil von Bingen am Rhein",circa 1912,,,Germany,Rheinland-Pfalz,Bingen am Rhein,49.96675,7.8992,3,True,0
"Calmut, Militärbaracke","Ansicht einer Militärbaracke auf dem Calmut, davor eine Gruppe Soldaten. Blick ins Val Curnera",circa 1905,,,Switzerland,,Calmut,46.659097,8.6842925,2,True,1
"Deutschland, Koblenz, Ortsteilansicht",Blick auf Koblenz,circa 1912,,,Germany,Rheinland-Pfalz,Koblenz,50.35357,7.57883,3,True,0
"Deutschland, Freiburg im Breisgau, Ortsteilansicht","Blick auf Freiburg im Breisgau, zentral im Bild ist das Freiburger Münster zu sehen",circa 1912,,,Germany,Baden-Württemberg,Freiburg im Breisgau,47.9959,7.85222,3,True,0
"Deutschland, Freiburg im Breisgau, Ortsteilansicht",Blick auf den südlichen Stadtteil von Freiburg im Breisgau,circa 1912,,,Germany,Baden-Württemberg,Freiburg im Breisgau,47.9959,7.85222,3,True,0
"Deutschland, Triberg im Schwarzwald",Blick auf Triberg im Schwarzwald,circa 1912,,,Germany,Baden-Württemberg,Triberg im Schwarzwald,48.1431595,8.2010913,4,False,1
"Deutschland, Koblenz, Kaiser-Wilhelm-Denkmal",Ansicht des Kaiser-Wilhelm-Denkmals am Deutschen Eck,1912,,,Germany,Rheinland-Pfalz,Koblenz,50.3640999,7.6055997,4,False,1
"Deutschland, Triberg im Schwarzwald, Ortsteilansicht",Blick auf Triberg im Schwarzwald und die umliegende Landschaft über die Bahnlinien der Schwarzwaldbahn hinweg,1912,,,Germany,Baden-Württemberg,Triberg im Schwarzwald,48.13175,8.23317,3,True,0
"Deutschland, Heidelberg, Ortsgesamtansicht",Ansicht von Heidelberg,1912,,,Germany,Baden-Württemberg,Heidelberg,49.40768,8.69079,3,True,0
"Deutschland, Heidelberg, Schloss Heidelberg",Blick auf den Schlosshof des Schlosses Heidelberg,1912,,,Germany,Baden-Württemberg,Heidelberg,49.4105,8.71602,5,False,0
"Airolo, Lago di Lucendro, Landschaft",Blick auf den Lago di Lucendro und das Val Lucendro,1905,,,Switzerland,Cantone Ticino,Airolo,46.56205,8.54147,5,False,0
"Deutschland, Mainz, Ortsteilansicht",Blick auf Mainz von der katholische Pfarrkirche Sankt Stephan runter,1912,,,Germany,Rheinland-Pfalz,Mainz,49.98185,8.28008,3,True,0
"Deutschland, Mainz, Ortsteilansicht",Blick auf Mainz von der katholische Pfarrkirche Sankt Stephan runter,1912,,,Germany,Rheinland-Pfalz,Mainz,49.98185,8.28008,3,True,0
"Deutschland, Mainz, Dom Mainz",Blick auf den Mainzer Dom die davor stehenden Häuser,1912,,,Germany,Rheinland-Pfalz,Mainz,49.9985979,8.2746578,4,False,1
"Deutschland, Mainz, Ortsteilansicht","Blick auf den Gutenbergplatz, dahinter ragen die Kirchtürme der katholische Pfarrkirche Sankt Stephan in den Himmel",1912,,,Germany,Rheinland-Pfalz,Mainz,49.98185,8.28008,3,True,0
"Deutschland, Mainz, Ortsteilansicht","Blick von der Rheinbrücke auf Mainz, im Vordergrund ist der Rhein und einige Dampfschiffe zu sehen",1912,,,Germany,Rheinland-Pfalz,Mainz,49.98185,8.28008,3,True,0
"Deutschland, Mainz, Ortsteilansicht",Blick auf die Rheinbrücke und den Rhein in Mainz,1912,,,Germany,Rheinland-Pfalz,Mainz,49.98185,8.28008,3,True,0
"Deutschland, Mainz, Dom Mainz",Blick auf den Mainzer Dom und die davor stehenden Häuser,1912,,,Germany,Rheinland-Pfalz,Mainz,49.9985979,8.2746578,4,False,1
"Zürich, Fraumünster, Teilaussenansicht","Zürich, Aussenansicht des Fraumünster vom Münsterhof aus",1912,,,Switzerland,Kanton Zürich,Zürich,47.3697153,8.5411996,4,False,1
"St. Moritz, Landschaft",Eine Gruppe Wintersportler mit Schlitten und Pferden auf einer Strasse bei St. Moritz,1913-03,,,Switzerland,Kanton Graubünden,St. Moritz,46.49937,9.84327,3,True,0
"Deutschland, Konstanz, Konzilsspeicher",Blick auf den Konzilsspeicher in Konstanz,1913-10,,,Germany,Baden-Württemberg,Konstanz,47.66033,9.17582,3,True,0
"Deutschland, Konstanz, Dominikanierinsel","Blick auf die Dominikanierinsel, im Vordergrund Schwäne und Enten",1913-10,,,Germany,Baden-Württemberg,Konstanz,47.66033,9.17582,3,True,0
"Lausanne, Ortsteilansicht","Lausanne, le grand pont",1913-10,,,Switzerland,Canton de Vaud,Lausanne,46.516,6.63282,3,True,0
"France, Évian-les-Bains, Ortsteilansicht","Blick auf Évian-les-Bains, im Vordergrund eine Birke und das Ufer des Lac Léman",1913-09,,,France,,Évian-les-Bains,46.400979,6.5897931,2,True,1
"Vevey, Ortsteilansicht",Blick auf Vevey vom Genfersee aus,1913-09,,,Switzerland,Canton de Vaud,Vevey,46.46299,6.84345,3,True,0
"St. Moritz Dorf, Ortsteilansicht",Sicht auf St. Moritz Dorf im Winter,1914,,,Switzerland,Kanton Graubünden,St. Moritz,46.49937,9.84327,3,True,0
"Zürich, Bahnhofplatz, Ortsteilansicht","Zürich, Bahnhofplatz, Blick gegen die Universität",1914,,,Switzerland,Kanton Zürich,Zürich,47.36667,8.55,3,True,0
"Davos, Ortsteilansicht",Davos gegen die Schiahörner,1914-07,,,Switzerland,Kanton Graubünden,Davos,46.80429,9.83723,3,True,0
"Wassen, Ortsgesamtansicht",Blick von einer Anhöhe auf Wassen,1914-06,,,Switzerland,Kanton Uri,Wassen,46.70651,8.59881,3,True,0
"Italia, Lago di Garda, Landschaft",Ansicht des Lago di Garda bei Tremosine,1914-07,,,Italy,,Lago di Garda,45.66667,10.68333,5,False,0
"Italia, Lago di Garda, Landschaft",Felsen am Lago di Garda,1914-07,,,Italy,,Lago di Garda,45.66667,10.68333,5,False,0
"Italia, Lago di Garda, Landschaft",Felsen am Lago di Garda,1914-07,,,Italy,,Lago di Garda,45.66667,10.68333,5,False,0
"Italia, Gargnano, Ortsteilansicht",Ansicht von Gargnano am Lago di Garda,1914-07,,,Italy,Lombardia,Gargnano,45.68586,10.65869,3,True,0
"Italia, Gargnano, Ortsteilansicht",Blick vom Lago di Garda auf Gargnano,1914-07,,,Italy,Lombardia,Gargnano,45.68586,10.65869,3,True,0
"Italia, Lago di Garda, Landschaft",Ansicht des Lago di Garda bei Limone,1914-07,,,Italy,,Lago di Garda,45.66667,10.68333,5,False,0
"Italia, Lago di Garda, Landschaft",Ansicht des Lago di Garda bei Limone,1914-07,,,Italy,,Lago di Garda,45.66667,10.68333,5,False,0
"Italia, Limone sul Garda, Ortsteilansicht",Ufer des Lago di Garda in Limone sul Garda,1914-07,,,Italy,Lombardia,Limone sul Garda,45.8145,10.79278,3,True,0
"Italia, Lago di Garda, Landschaft",Ansicht des Lago di Garda bei Limone,1914-07,,,Italy,,Lago di Garda,45.66667,10.68333,5,False,0
"Italia, Limone sul Garda, Ortsteilansicht",Blick auf Limone sul Garda vom Lago di Garda aus,1914-07,,,Italy,Lombardia,Limone sul Garda,45.8145,10.79278,3,True,0
"Italia, Maderno, Ortsteilansicht",Ansicht eines Platzes in Maderno,1914-07,,,Italy,Trentino-Alto Adige,Maderno,45.63333,10.58333,3,True,0
"Italia, Maderno, Gaino, Ortsgesamtansicht",Blick auf Gaino von einer Anhöhe aus,1914-07,,,Italy,Trentino-Alto Adige,Maderno,45.63333,10.58333,3,True,0
"Italia, Maderno, Gaino, Ortsteilansicht","Ansicht von Gaino, im Hintergrund der Lago di Garda",1914-07,,,Italy,Trentino-Alto Adige,Maderno,45.63333,10.58333,3,True,0
"Italia, Maderno, Gaino, Ortsteilansicht","Ansicht von Gaino, im Hintergrund der Lago di Garda",1914-07,,,Italy,Trentino-Alto Adige,Maderno,45.63333,10.58333,3,True,0
"Italia, Fasano, Ortsgesamtansicht",Blick auf Fasano vom Lago di Garda aus,1914-07,,,Italy,Puglia,Fasano,40.83625,17.36007,3,True,0
"Italia, Toscolano-Maderno, Landschaft",Schlucht bei Toscolano-Maderno,1914-07,,,Italy,,Toscolano-Maderno,45.6345707,10.609815,2,True,1
"Italia, Gardone Riviera, Ortsteilansicht",Blick auf Gardone Riviera vom Lago di Garda aus,1914-07,,,Italy,Lombardia,Gardone Riviera,45.62396,10.56682,3,True,0
"Italia, Gardone Riviera, Ortsteilansicht",Blick auf Gardone Riviera vom Lago di Garda aus,1914,,,Italy,Lombardia,Gardone Riviera,45.62396,10.56682,3,True,0
"Italia, Gardone Riviera, Ortsteilansicht","Blick auf Gardone Riviera, im Hintergrund der Lago di Garda",1914,,,Italy,Lombardia,Gardone Riviera,45.62396,10.56682,3,True,0
"Italia, Gardone Riviera, Ortsteilansicht","Blick vom Lago di Garda auf Gardone-Riviera, im Vordergrund ein Segelboot",1914,,,Italy,,Gardone-Riviera,45.6187853,10.5591005,2,True,1
"Italia, Gardone Riviera, Ortsteilansicht",Blick auf Gardone-Riviera von einer Anhöhe aus,1914,,,Italy,,Gardone-Riviera,45.6187853,10.5591005,2,True,1
"Italia, Gardone Riviera, Morgnaga, Ortsgesamtansicht","Blick auf Morgnaga, im Hintergrund der Lago di Garda",1914,,,Italy,,Morgnaga,45.6200659,10.5528265,2,True,1
"Italia, Salò, Ortsteilansicht","Strasse in Salò, links eine Frau mit zwei Kindern",1914,,,Italy,Lombardia,Salò,45.60685,10.5205,3,True,0
"Italia, Salò, Landschaft",Ufer des Lago di Garda bei Salò,1914,,,Italy,Lombardia,Salò,45.60685,10.5205,3,True,0
"Italia, Salò, Campo Santo, Teilaussenansicht",Campo Santo bei Salò,1914,,,Italy,Lombardia,Salò,-25.7333,150.0,5,False,0
"Italia, Luino, Ortsgesamtansicht",Blick auf Luino vom Lago Maggiore aus,1914,,,Italy,Lombardia,Luino,46.00185,8.74512,3,True,0
"Italia, Verbania, Pallanza, Ortsteilansicht",Piazza Giuseppe Garibaldi in Pallanza,1914,,,Italy,Piemonte,Pallanza,45.9214292,8.552505,4,False,1
"Italia, Verbania, Pallanza, Landschaft",Boote am Ufer des Lago Maggiore bei Pallanza,1914,,,Italy,Piemonte,Pallanza,45.92298,8.55045,3,True,0
"Locarno, Ponte Brolla, Ortsteilansicht","Schlucht bei Ponte Brolla mit Steinbrücke, Blick flussaufwärts, rechts im Bild Pension Belforte",1914,,,Switzerland,Cantone Ticino,Ponte Brolla,46.18715,8.75281,3,True,0
"Italia, Como, Ortsteilansicht",Uferpromende von Como,1914,,,Italy,Lombardia,Como,45.80819,9.0832,3,True,0
"Italia, Como, Ortsteilansicht",Uferpromende von Como,1914,,,Italy,Lombardia,Como,45.80819,9.0832,3,True,0
"Italia, Lago di Como, Teilansicht",Blick auf den Lago di Como,1914,,,Italy,Lombardia,Como,45.80819,9.0832,3,True,0
"Italia, Lago di Como, Teilansicht",Blick auf den Lago di Como,1914,,,Italy,Lombardia,Como,45.80819,9.0832,3,True,0
"Italia, Cernobbio, Villa d'Este, Teilaussenansicht",Teil der Villa d'Este und des Parks,1914,,,Italy,Lombardia,Cernobbio,41.95,12.8,5,False,0
"Italia, Cernobbio, Villa d'Este, Teilaussenansicht",Blick auf die Villa d'Este und eines Teils des Parks durch zwei Mauern hindurch,1914,,,Italy,Lombardia,Cernobbio,41.95,12.8,5,False,0
"Italia, Cernobbio, Villa d'Este, Parco, Landschaft",Teil des Parks der Villa d'Este,1914,,,Italy,Lombardia,Cernobbio,41.95,12.8,5,False,0
"Italia, Cadenabbia, Ortsteilansicht",Blick vom Lago di Como auf Cadenabbia,1914,,,Italy,Lombardia,Griante,45.99528,9.23554,3,True,0
"Italia, Cadenabbia, Ortsteilansicht",Blick vom Lago di Como auf Cadenabbia,1914-07,,,Italy,Lombardia,Griante,45.99528,9.23554,3,True,0
"Italia, Cadenabbia, Villa Carlotta","Villa Carlotta in Cadenabbia, im Hintergrund der Monte Crocione",1914-07,,,Italy,Lombardia,Griante,45.98636,9.23073,5,False,0
"Italia, Cadenabbia, Ortsteilansicht","Blick vom Lago di Como auf Cadenabbia, im Vordergrund ein Boot",1914-07,,,Italy,Lombardia,Griante,45.99528,9.23554,3,True,0
"Italia, Tremezzo, Ortsteilansicht",Blick vom Lago di Como auf Tremezzo,1914-07,,,Italy,Lombardia,Tremezzo,45.98423,9.21613,3,True,0
"Italia, Bellagio, Ortsgesamtansicht","Ansicht von Bellagio von einer Anhöhe aus, im Hintergrund der Lago di Como",1914-07,,,Italy,Lombardia,Bellagio,45.98772,9.26182,3,True,0
"Italia, Bellagio, Ortsgesamtansicht","Ansicht von Bellagio von einer Anhöhe aus, im Hintergrund der Lago di Como",1914-07,,,Italy,Lombardia,Bellagio,45.98772,9.26182,3,True,0
"Italia, Bellagio, Ortsgesamtansicht","Ansicht von Bellagio von einer Anhöhe aus, im Hintergrund der Lago di Como",1914-07,,,Italy,Lombardia,Bellagio,45.98772,9.26182,3,True,0
"Italia, Bellagio, Ortsgesamtansicht",Blick vom Lago di Como auf Bellagio,1914-07,,,Italy,Lombardia,Bellagio,45.98772,9.26182,3,True,0
"Italia, Bellagio, Hotel Bellagio",Ansicht des Hotel Bellagio,1914-07,,,Italy,Lombardia,Bellagio,45.9845,9.259,5,False,0
"Italia, Bellagio, Via Serbelloni",Via Serbelloni in Bellagio,1914-07,,,Italy,Lombardia,Bellagio,45.5016729,9.0307685,4,False,1
"Italia, Bellagio, Via Serbelloni",Via Serbelloni in Bellagio,1914-07,,,Italy,Lombardia,Bellagio,45.5016729,9.0307685,4,False,1
"Italia, Bellagio, Hotel Bellagio","Ansicht des Hotel Bellagio, links eine Mauer",1914-07,,,Italy,Lombardia,Bellagio,45.9845,9.259,5,False,0
"Italia, Griante, Chiesa San Martino","Ansicht der Kirche San Martino in Griante, im Hintergrund der Lago di Como sowie Bellagio",1914-07,,,Italy,Lombardia,Griante,46.0046488,9.2306995,4,False,1
"Italia, Bellagio, Villa Serbelloni",Blick von einem Tor zur Villa Serbelloni in Bellagio,1914-07,,,Italy,Lombardia,Bellagio,45.9870494,9.2642058,4,False,1
"Italia, Bellagio, Villa Serbelloni",Blick von einem Tor zur Villa Serbelloni in Bellagio,1914-07,,,Italy,Lombardia,Bellagio,45.9870494,9.2642058,4,False,1
"Italia, Bellagio, Villa Giulia",Villa Giulia im Stadtteil San Giovanni in Bellagio,1914-07,,,Italy,Lombardia,Bellagio,39.0833,16.6167,5,False,0
"Italia, Bellagio, San Giovanni, Ortsteilansicht",Strasse in San Giovanni in Bellagio,1914-07,,,Italy,Sicilia,San Giovanni,39.2167,16.5833,5,False,0
"Italia, Bellagio, Loppia, Ortsteilansicht","Weg in Loppia, rechts und links davon Zypressen, im Hintergrund di Chiesa Santa Maria di Loppia",1914-07,,,Italy,,Loppia,45.9776513,9.2521778,4,False,1
"Italia, Bellagio, Loppia, Ortsteilansicht","Weg in Loppia, rechts davon Zypressen und einige Häuser",1914-07,,,Italy,,Loppia,45.9776513,9.2521778,4,False,1
"Italia, Bellagio, Loppia, Ortsteilansicht","Weg in Loppia, rechts und links davon Zypressen, links im Hintergrund die Chiesa Santa Maria di Loppia",1914-07,,,Italy,,Loppia,45.9776513,9.2521778,4,False,1
"Italia, Varenna, Ortsteilansicht",Blick über ein Dach eines Hauses in Varenna auf den Lago di Como,1914,,,Italy,Lombardia,Varenna,46.01078,9.28465,3,True,0
"Italia, Varenna, Ortsteilansicht",Marktplatz in Varenna,1914,,,Italy,Lombardia,Varenna,46.01078,9.28465,3,True,0
"Italia, Varenna, Ortsgesamtansicht",Blick vom Lago di Como auf Varenna mit dem Castello di Vezio,1914,,,Italy,Lombardia,Varenna,46.01078,9.28465,3,True,0
"Italia, Varenna, Castello di Vezio, Teilaussenansicht",Blick auf das Castello di Vezio,1914,,,Italy,Lombardia,Varenna,46.01068,9.28673,5,False,0
"Italia, Varenna, Ortsteilansicht",Häuser und Brücke beim Fiumelatte in Varenna,1914,,,Italy,Lombardia,Varenna,46.0002962,9.2917577,4,False,1
"Italia, Perledo, Ortsteilansicht","Ansicht von Perledo, im Vordergrund eine Wiese",1914,,,Italy,Lombardia,Perledo,46.01529,9.2956,3,True,0
"Italia, Lago di Como, Landschaft",Garten einer Villa am Lago di Como,1914,,,Italy,,Lago di Como,46.00793,9.26079,5,False,0
"Italia, Lago di Como, Landschaft",Garten einer Villa am Lago di Como,1914,,,Italy,,Lago di Como,46.00793,9.26079,5,False,0
"San Salvatore, Landschaft",Lago di Lugano und Monte San Salvatore,1914,,,Switzerland,Cantone Ticino,Lugano,45.9746,8.944,5,False,0
"Italia, Valsolda, San Mamete, Ortsteilansicht",Boote Ufer von San Mamete,1914,,,Italy,Lombardia,San Mamete,46.02505,9.05364,3,True,0
"Morcote, Kirche Madonna des Sasso, Gesamtaussenansicht",Blick auf Friedhof und Kirche,1914,,,Switzerland,Cantone Ticino,Morcote,45.925,8.916,3,True,0
"Soldaten, Gruppenbild und Landschaft [Lokalisierung unsicher",Landsturm-Soldaten vor einem Tunneleingang,1914,,,Switzerland,,"Schweiz, [Lokalisierung unsicher]",,,0,False,0
"Soldaten, Gruppenbild und Landschaft [Lokalisierung unsicher",Landsturm-Soldaten vor einem Unterstand an der Sihl,1914,,,Switzerland,,"Schweiz, [Lokalisierung unsicher]",,,0,False,0
"Luzern, Ortsteilansicht",Blick auf Luzern runter vom Gütsch aus gesehen,1914,,,Switzerland,Kanton Luzern,Luzern,46.65,8.6167,5,False,0
"Baden, Schloss Schartenfels, Teilaussenansicht",Teilansicht des Schartenfels bei Baden,1906,,,Switzerland,Kanton Aargau,Baden,47.4744369,8.3142883,4,False,1
"Au, Halbinsel, Ortsteilansicht",Halbinsel Au am Zürichsee,1906,,,Switzerland,Kanton St. Gallen,Au,47.43093,9.63448,3,True,0
"Zürich, Kreis 1, Inneres Seebecken, Ortsteilansicht","Zürich, Ansicht des Fraumünsters mit Blick entlang des Utoquais auf die Alpen",1906,,,Switzerland,Kanton Zürich,Zürich,47.3697153,8.5411996,4,False,1
"Luzern, Frau in Luzerner Tracht, Teilansicht",Seitenansicht einer stehenden Frau mit Luzerner Tracht,1905,,,Switzerland,,Kanton Luzern,47.0908207,8.1719611,2,True,1
"Bern, Ortsteilansicht",Blick von Nordwesten auf die Kornhausbrücke und die Berner Altstadt. Im Hintergrund das Alpenpanorama,1906,,,Switzerland,Canton de Berne,Bern,46.9505379,7.4484506,4,False,1
"Brienz, Giessbachfälle, Teilansicht",Blick auf die Giessbachfälle und den umliegenden Wald,1906,,,Switzerland,Canton de Berne,Brienz,46.73121,8.02474,5,False,0
"Luzern, Ortsteilansicht",Teilansicht von Luzern mit dem Bahnhof vom See aus gesehen gegen den Pilatus,1923,,,Switzerland,Kanton Luzern,Luzern,47.05048,8.30635,3,True,0
"Lenzspitze, Dom, Täschhorn","Gebirge, Ballonaufnahme",1893-1924,,,Switzerland,,| depicted place =,,,0,False,0
"Matterhorn, Gesamtansicht","Matterhorn von Westen, Berg, Ballonaufnahme",1893-1924,,,Switzerland,,| depicted place = Matterhorn,45.97641,7.65861,5,False,0
"Val d'Hérens, Blick nach Süden","Ballonfaufnahme, unten Sasseneire mit Lac de Lona. Mitte, Val d'Arolla, links über der Mitte, Glacier du Mont Collon",1893-1924,,,Switzerland,,| depicted place = Sasseneire,46.1667,7.4333,5,False,0
"Arabische Wüste, Landschaft","Arabische Wüste, Ballonaufnahme",1893-1924,,,,,| depicted place = Arabische Wüste,20.0,36.0,5,False,0
"Ägypten, Ortsteilansicht","Ägypten, Grab Barkuk und Moschee El Aschraf, umgeben von Krawanen-Wegen, Ballonaufnahme aus ca. 800 m Höhe",1904,,,Egypt,,| depicted place = Ägypten,,,0,False,0
"Aegypten, Ortsteilansicht","Aegypten, Moschee El Aschraf und Moschee El Barkuk, umgeben von Krawanen-Wegen, Ballonaufnahme aus ca. 800 m Höhe",1904,,,Egypt,,| depicted place = Ägypten,,,0,False,0
"Kairo, Ortsteilansicht","Kairo, Ballonaufnahme aus ca. 800 m Höhe",1904,,,Egypt,Cairo Governorate,Kairo,30.06263,31.24967,3,True,0
"Kairo, Ortsteilansicht","Aegypten, Kairo, Ballonaufnahme der Stadt",1893-1904,,,Egypt,Cairo Governorate,Kairo,30.06263,31.24967,3,True,0
"Gasterntal, Landschaft","Unten einige Hütten, oben die Berge",1906,,,Switzerland,,Gasterntal,46.45264,7.75214,5,False,0
"Kairo, Ortsteilansicht","Aegypten, Totenstadt, Kalifengräber bei Kairo aus ca. 1200 m Höhe, Ballonaufnahme",1904,,,Egypt,,| depicted place = Ägypten,,,0,False,0
"Kairo, Landschaft","Aegypten, Nil-Ebene, Kairo, Ballonaufnahme",1904,,,Egypt,,| depicted place = Ägypten,,,0,False,0
"Kairo, Landschaft","Aegypten, Kairo und Nil aus ca. 500 m Höhe, Ballonaufnahme",1904,,,Egypt,Cairo Governorate,Kairo,30.06263,31.24967,3,True,0
"Kairo, Landschaft","Aegypten, Pyramiden von Gizeh bei Kairo aus ca. 600 m Höhe, Ballonaufnahme",1904,,,Egypt,,| depicted place = Ägypten,,,0,False,0
"Kopenhagen, Ortsteilansicht","Kopenhagen, Blick auf die Innenstadt mit der Christiansborg, Ballonaufnahme",1893-1924,,,Denmark,Region Hovedstaden,Kopenhagen,55.67594,12.56553,3,True,0
"Kopenhagen, Ortsteilansicht","Kopenhagen, Blick auf die Innenstadt, Ballonaufnahme",1893-1924,,,Denmark,Region Hovedstaden,Kopenhagen,55.67594,12.56553,3,True,0
"Kopenhagen, Ortsteilansicht","Kopenhagen, Blick auf die Innenstadt mit Bahnhof, Ballonaufnahme",1893-1924,,,Denmark,Region Hovedstaden,Kopenhagen,55.67594,12.56553,3,True,0
"Kopenhagen, Ortsteilansicht","Kopenhagen, Blick auf die Innenstadt, Ballonaufnahme",1893-1924,,,Denmark,Region Hovedstaden,Kopenhagen,55.67594,12.56553,3,True,0
"Kanderfirn, Landschaft",Ansicht des Kanderfirns,1906,,,Switzerland,,Kanderfirn,46.47496,7.80365,5,False,0
"Kopenhagen, Ortsteilansicht","Kopenhagen, Blick auf den Vergnügungspark Tivoli, Ballonaufnahme",1922,,,Denmark,Region Hovedstaden,Kopenhagen,55.67594,12.56553,3,True,0
"Andermatt, Landschaft","Andermatt, von Süden gesehen, rechts die Oberalpstrasse, Ballonaufnahme",1893-1916,,,Switzerland,Kanton Uri,Andermatt,46.63565,8.59388,3,True,0
"Mont-Blanc-Gebiet, Landschaft","Mont-Blanc-Gebiet, Ballonaufnahme",1893-1924,,,,,| depicted place = Mont Blanc,-23.24864,28.83284,5,False,0
"Lagginhorn, Landschaft","Lagginhorn, 4010 m, Südseite, Ballonaufnahme",1913,,,Switzerland,,| depicted place = Lagginhorn,46.15705,8.00308,5,False,0
"Gemmipass, Hotel Schwarenbach, Landschaft","Links das Hotel, rechts der steinerne Hang, oben ein Schneefeld",1906,,,Switzerland,Canton du Valais,Gemmipass,46.4320564,7.6250765,4,False,1
"France, Massif du Mont-Blanc, Mer de Glace, Landschaft","Gletscher Mer de Glace, Massif du Mont-Blanc (auch: Mont-Blanc-Gruppe), Ballonaufnahme",1909,,,France,Auvergne-Rhône-Alpes,Chamonix,45.91906,6.93045,5,False,0
"France, Massif du Mont-Blanc, Glacier d'Argentière, Landscha","Massif du Mont-Blanc (auch: Mont-Blanc-Gruppe) mit Glacier d'Argentière im Vordergrund, Ballonaufnahme",1909,,,France,,| depicted place = Mont Blanc,45.9458,6.9928,5,False,0
"Massif du Mont-Blanc, Glacier du Trient, Landschaft","Glacier du Trient auf der Nordseite des Massif du Mont-Blanc (auch: Mont-Blanc-Gruppe), Ballonaufnahme",1909,,,Switzerland,,| depicted place = Glacier du Trient,46.00777,7.02586,5,False,0
"France, Massif du Mont-Blanc, Landschaft","Massif du Mont-Blanc (auch: Mont-Blanc-Gruppe) von Norden gesehen mit dem Mer du Glace und den Aiguilles du Charmoz im Vordergrund, Ballonaufnahme",1909,,,France,Auvergne-Rhône-Alpes,Chamonix,45.8887285,6.8913925,4,False,1
"France, Massif du Mont-Blanc, Landschaft","Massif du Mont-Blanc (auch: Mont-Blanc-Gruppe) aus ca. 2600 m Höhe, von Norden gesehen, mit Mont Blanc du Tacul und Glacier des Bossons, Ballonaufnahme",1909,,,France,,| depicted place = Mont Blanc,45.8887285,6.8913925,4,False,1
"Massif du Mont-Blanc, Pointe d'Orny, Landschaft","Massif du Mont-Blanc (auch: Mont-Blanc-Gruppe) mit Pointe d'Orny, ganz rechts im Bild, Ballonaufnahme",1909,,,,,| depicted place = Mont Blanc,46.0021402,7.0430524,4,False,1
"France, Massif du Mont-Blanc, Landschaft","Massif du Mont-Blanc (auch: Mont-Blanc-Gruppe) von Norden gesehen, mit Mer de Glace und Aiguilles du Charmoz im Vordergrund, Ballonaufnahme",1909,,,France,,| depicted place = Mont Blanc,45.8887285,6.8913925,4,False,1
"France, Massif du Mont-Blanc, Landschaft","Massif du Mont-Blanc (auch: Mont-Blanc-Gruppe), Aiguille du tour, Aiguilles Dorées, Ballonaufnahme",1893-1924,,,France,,| depicted place = Mont Blanc,45.8887285,6.8913925,4,False,1
"Gemmipass, Daubensee, Landschaft",Blick auf den Daubensee und die umliegende Landschaft,1906,,,Switzerland,Canton du Valais,Gemmipass,46.41307,7.62022,5,False,0
"Interlaken, Ortsteilansicht","Interlaken, Höhematte mit Startplatz des Ballons, Ballonaufnahme",1893-1924,,,Switzerland,Canton de Berne,Interlaken,46.68387,7.86638,3,True,0
"Gspaltenhorn, Landschaft","de|1=Gspaltenhorn von Nordosten, Ballonaufnahme en|1=The end of the Sefinen valley in the Bernese Alps, Switzerland, seen from a ballon from about 3400m above sea level. In the center, the north-east wall of the Gspaltenhorn (3436m), to its left, Tschingelspitz and right behind that, Tschingelhorn (3562m). In the background between Tschingelhorn and Gspaltenhorn, the Bietschhorn (3934m).",,,,Switzerland,,| depicted place = Gspaltenhorn,46.5116,7.82728,5,False,0
"Teufelsgrat, Landschaft","Teufelsgrat, Festigletscher, Adlerhorn, Kingletscher, Monte Rosa, Liskamm, Ballonaufnahme",1908,,,Switzerland,,| depicted place = Teufelsgrat,46.08041,7.84666,5,False,0
"Südafrika, Johannesburg, Ortsteilansicht","Johannesburg, Ballonaufnahme",1911,,,South Africa,Gauteng,Johannesburg,-26.20227,28.04363,3,True,0
"Südafrika, Transvaal, Landschaft","Minen bei Johannesburg, Ballonaufnahme",1911,,,South Africa,Gauteng,Johannesburg,-26.20227,28.04363,3,True,0
"Südafrika, Transvaal, Landschaft","Transvaal, Südafrika, Industriegebiet, Ballonaufnahme",1893-1924,,,South Africa,,| depicted place = Südafrika,,,0,False,0
"Südafrika, Transvaal, Landschaft","Transvaal, Südafrika, Industriegebiet, Ballonaufnahme",1893-1924,,,South Africa,,| depicted place = Südafrika,,,0,False,0
"Südafrika, Transvaal, Ortsteilansicht","de|1=Minengebiet im Transvaal, Südafrika, Industriegebiet, Ballonaufnahmeen|1=City and Suburban Gold Mine, Johannesburg, South Africa",1893-1924,,,South Africa,Gauteng,Johannesburg,-26.20227,28.04363,3,True,0
"Südafrika, Transvaal, Landschaft","Transvaal, Witwatersrand, Südafrika, Goldminen, Ballonaufnahme",1893-1924,,,South Africa,,| depicted place = Südafrika,-26.25,28.0,5,False,0
"Südafrika, Transvaal, Ortsteilansicht","Transvaal, Minen, Ballonaufnahme",1893-1924,,,South Africa,,| depicted place = Südafrika,,,0,False,0
"Südafrika, Transvaal, Landschaft","Transvaal, Minen, Ballonaufnahme",1893-1924,,,South Africa,,| depicted place = Südafrika,,,0,False,0
"Doldenhorn, Blick Richtung Osten","Doldenhorn, Blick von unten, nach Osten (E). Rechts oben, im Hintergrund: Gasteretal und Kanderfirn, Ballonaufnahme",1893-1924,,,Switzerland,,| depicted place = Doldenhorn,46.46854,7.73491,5,False,0
"France, Massif du Mont-Blanc, Aiguille du Chardonnet","Aiguille du Chardonnet, Massif du Mont-Blanc (auch: Mont-Blanc-Gruppe), Ballonaufnahme",1909,,,France,,| depicted place = Mont Blanc,45.96898,7.00152,5,False,0
"Lavizzara, Lago di Tomé, Blick Richtung Westen","Vallemaggia, Gemeinde Lavizzara, Lago di Tomé (ehemals Lago Corte Grande), Bergsee, Ballonaufnahme",1909,,,Switzerland,,| depicted place = Vallemaggia,46.36305,8.68986,5,False,0
"Zürich, Ortsteilansicht","Zürich, Kreis 1, Ballonaufnahme",1893-1924,,,Switzerland,Kanton Zürich,Zürich,47.36667,8.55,3,True,0
"Bern, Bärengraben, Teilansicht",Bären im Bärengraben und Besucher,1906,,,Switzerland,Canton de Berne,Bern,46.9479896,7.4596724,4,False,1
"Titlis, Rotegg, Landschaft, Bergsteigen",Titlisbesteigung. Bergsteiger-Ausrüstung in Schneelandschaft beim Rotegg,1926,,,Switzerland,,Titlis,46.96782,7.94577,5,False,0
"Göschenen, Ortsgesamtansicht",Blick auf Göschenen Kirche und Bahnhof,1928,,,Switzerland,Kanton Uri,Göschenen,46.66816,8.58709,3,True,0
"Mürren, Hotel des Alpes, Teilaussenansicht",Hotel des Alpes,1906,,,Switzerland,,Mürren,46.1815,6.8736,5,False,0
"Grindelwald, Schweizerhaus, Gesamtaussenansicht","Schweizerhaus in Grindelwald, im Hintergrund das Wetterhorn",1905,,,Switzerland,Canton de Berne,Grindelwald,49.9833,7.85,5,False,0
"Berner Oberland, Lauterbrunnental, Landschaft",Blick in das Lauterbrunnental von der Hunnenfluh aus,1929,,,Switzerland,,Berner Oberland,46.6071864,7.9194048,4,False,1
"Interlaken, Ortsgesamtansicht",Blick aus der Ferne auf Interlaken,1906,,,Switzerland,Canton de Berne,Interlaken,46.68387,7.86638,3,True,0
"Mürren, Hotel des Alpes, Teilaussenansicht","Mürren, Grand Hotel des Alpes und die Alpen",1906,,,Switzerland,,Mürren,45.9222582,6.8689405,4,False,1
"Fiescherwand, Landschaft","Besteigung der Jungfrau XIII, eine Gruppe von 5 Bergsteigern beim Abstieg durch das Eislabyrinth der Fiescherwand (auch: Viescherwand)",1906,,,Switzerland,,Jungfrau,46.5367739,7.9625907,2,True,1
"Zürich, Kreis 10, Höngg, Altersheim, Gesamtaussenansicht","Zürich, Höngg. Aussenansicht des Altersheims",1931,,,Switzerland,Kanton Zürich,Zürich,47.5125277,8.5907685,4,False,1
"Zürich, Kreis 2, Fischerbrunnen, Gesamtansicht",Ansicht des Fischerbrunnens von vorn,1932,,,Switzerland,Kanton Zürich,Zürich,47.4098317,8.5437671,4,False,1
"Schwyz, Frau in Schwyzer Tracht, Teilansicht",Profilansicht einer sitzenden Schwyzerin in Tracht,1905,,,Switzerland,,Kanton Schwyz,47.0571976,8.7222073,2,True,1
"Genfersee, Teilansichten","Fotomontage vom Genfersee (Genève et le Mont Blanc, Lausanne, Tour Haldimann, Vevey. Vue générale, Vevey, Vevey. Débareadère, Vevey Place du marché, Château Blonay, Vevey la Tour, Barque du lac Léman, Clarens-Montreux, Montreux et la Dent du midi, Territet Montreux Clarens, Chillon et la Dent du midi, Château Chillon, Chillon la prison)",,,,Switzerland,Canton de Genève,Genève,46.43774,6.46906,5,False,0
"Oberaargletscher, Panorama, Bergsteigen",Oberaarhorn und -joch vom Oberaargletscher gesehen,1905,,,Switzerland,,Oberaargletscher,46.53391,8.21373,5,False,0
"Glion, Ortsteilansicht",Blick über ein Narzissenfeld auf Glion,1906,,,Switzerland,Canton de Vaud,Montreux,46.43301,6.91143,3,True,0
"Solothurn, Ortsteilansicht","Ansicht von Solothurn, Blick von Westen; im Vordergrund die Aare, im Hintergrund die Krummturmschanze und der Krummturm (1459-1463), links eine Eisenbahnbrücke (1856-1857)",1906,,,Switzerland,Kanton Solothurn,Solothurn,47.20791,7.53714,3,True,0
"Wettingen, Kloster, Gesamtaussenansicht",Blick über die Limmat auf das Kloster Wettingen und das Seminar,1906,,,Switzerland,Kanton Aargau,Wettingen,47.4561234,8.315516,4,False,1
"Lugano, Piazza della Fontana, Teilansicht","Lugano, Piazza Riziero Rezzonico (ehem. Piazza della Fontana); Ansicht gegen Nordwesten; im Vordergrund Brunnen Antonio Bossi von Otto Maraini und Luigi Vassalli (1895), auf dem Platz Laterne; im Hintergrund links Hotel Walter und Hotel Lloyd, rechts Riva Vincenzo Vela, Quai und Monte San Salvatore",,,,Switzerland,Cantone Ticino,Lugano,46.0030403,8.9510794,4,False,1
"Territet, Ortsgesamtansicht",Blick auf Territet mit Burg Chillon und den Dents du Midi im Hintergrund.,1907,,,Switzerland,Canton de Vaud,Montreux,46.43301,6.91143,3,True,0
"Clarens, Ortsteilansicht",Ortsteilansicht über Bucht hinweg von der Schiffländte her. Dampfboot 'HELVETIE',,,,Switzerland,Canton de Vaud,Clarens,46.44055,6.89233,3,True,0
"Genève, Ortsteilansicht",Das Brunswick-Denkmal vor der Genfer Altstadt. Im Hintergrund die Kathedrale.,1908,,,Switzerland,Canton de Genève,Genève,46.20222,6.14569,3,True,0
"France, Pas de l'Echelle, Chemin de fer du Salève","Ansicht der Mont-Salève-Zahnradbahn, im Hintergrund das Château de Monnetier",1908,,,France,,Pas de l'Echelle,46.1652508,6.1898205,2,True,1
"Genève, Victoria Hall, Teilinnenansicht",Blick in Konzertsaal im reichen Belle-Epoque-Stil,1908,,,Switzerland,Canton de Genève,Genève,46.2014013,6.1410532,4,False,1
"Genève, Parc 'Mon Repos', Teilansicht",Teilausblick auf den Park und auf den See,1908,,,Switzerland,Canton de Genève,Genève,46.2180287,6.1512559,4,False,1
"France, Évian-les-Bains, Ortsteilansicht","Blick auf Évian-les-Bains, im Vordergrund der Lac Léman, im Hintergrund der Dent d'Oche",1908,,,France,,Évian-les-Bains,46.400979,6.5897931,2,True,1
"France, Évian-les-Bains, Ortsteilansicht",Ansicht der Uferpromenade in Évian-les-Bains,1908,,,France,,Évian-les-Bains,46.400979,6.5897931,2,True,1
"France, Évian-les-Bains, Ortsteilansicht","Ansicht der Uferpromenade in Évian-les-Bains, im Vordergrund das Denkmal mit Büste von Grégoire Bibesco Bassaraba de Brancovan, im Hintergrund der Leuchtturm",1908,,,France,,Évian-les-Bains,46.400979,6.5897931,2,True,1
"France, Évian-les-Bains, Église Notre-Dame",Ansicht der Église Notre-Dame de l'Assomption von Évian-les-Bains,1908,,,France,,Évian-les-Bains,47.8338525,4.7086908,4,False,1
"France, Thonon-les-Bains, Ortsteilansicht","Blick auf Thonon-les-Bains, im Vordergrund der Lac Léman",1908,,,France,,Thonon-les-Bains,46.3731303,6.4779448,2,True,1
"Nyon, Ortsteilansicht",Blick vom Genfersee aus auf das Schloss Nyon und Nyon,1908,,,Switzerland,Canton de Vaud,Nyon,46.3820552,6.2407012,4,False,1
"Col du Pillon, Landschaft",Berglandschaft mit Passstrasse beim Col du Pillon,1908,,,Switzerland,,Col de Pillon,46.35342,7.20457,5,False,0
"Lausanne Ouchy, Ortsteilansicht",Ouchy,1905,,,Switzerland,Canton de Vaud,Ouchy,46.50666,6.62493,3,True,0
"Genève, Tour de L'Ile, Teilansicht",Tour de l'Ile mit Marktplatz,1908,,,Switzerland,Canton de Genève,Genève,46.2049713,6.1432419,4,False,1
"Lausanne, le grand Pont, Ortsteilansicht","Lausanne, le grand Pont et la Cathédrale",1905,,,Switzerland,Canton de Vaud,Lausanne,46.5219354,6.6299603,4,False,1
"France, Chamonix, Ortsteilansicht","Blick auf Chamonix, im Hintergrund der Mont Blanc",1909,,,France,Auvergne-Rhône-Alpes,Chamonix,45.92375,6.86933,3,True,0
"France, Chamonix, Ortsteilansicht",Ansicht einer Strasse in Chamonix,1909,,,France,Auvergne-Rhône-Alpes,Chamonix,45.92375,6.86933,3,True,0
"France, Massif du Mont-Blanc, Landschaft","Gebirgs- und Gletscherlandschaft auf dem Mont Blanc, Bergsteiger auf schmalem Pfad und Steintreppe",1909,,,France,,Massif du Mont-Blanc,45.8887285,6.8913925,4,False,1
"France, Chamonix, Ortsteilansicht",Ansicht eines Bergdorfes unterhalb des Mont Blancs,1909,,,France,Auvergne-Rhône-Alpes,Chamonix,45.92375,6.86933,3,True,0
"France, Massif du Mont-Blanc, Col de Balme, Panorama","Col de Balme, Panorama. Blick ins Tal auf Chamonix und den Mont Blanc",1909,,,France,,Frankreich,46.02478,6.96209,5,False,0
"France, Massif du Mont-Blanc, Panorama",Drei Bergsteiger beim Überqueren einer Gletscherspalte im Mont Blanc Massiv (Traversée d'une Crevasse),1909,,,France,,Mont Blanc,,,0,False,0
"France, Mer de Glace, Landschaft",Blick auf das Mer de Glace und die Grandes Jorasses,1909,,,France,,Mer de Glace,45.91906,6.93045,5,False,0
"France, Mer de Glace, Panorama",Blick vom Mer de Glace auf 'La Flégère',1909,,,France,,Mer de Glace,45.91906,6.93045,5,False,0
"France, Massif du Mont-Blanc, Landschaft","Gletscherlandschaft im Massif du Mont-Blanc (auch: Mont-Blanc-Gruppe), im Vordergrund eine Gruppe Bergsteiger",1909,,,France,,Massif du Mont-Blanc,45.8887285,6.8913925,4,False,1
"France, Massif du Mont-Blanc, Landschaft","Blick auf das Massif du Mont-Blanc (auch: Mont-Blanc-Gruppe), im Tal Chamonix",1909,,,France,,Massif du Mont-Blanc,45.8887285,6.8913925,4,False,1
"France, Mer de Glace, Landschaft",Blick auf das Mer de Glace,1909,,,France,,Mer de Glace,45.91906,6.93045,5,False,0
"France, Mer de Glace, Landschaft",Blick auf das Mer de Glace und 'La Flégère',1909,,,France,,Mer de Glace,45.91906,6.93045,5,False,0
"France, Chamonix, Ortsteilansicht","Blick auf Chamonix, im Hintergrund der Mont Blanc, im Vordergrund eine Strasse",1909,,,France,Auvergne-Rhône-Alpes,Chamonix,45.92375,6.86933,3,True,0
"France, Massif du Mont-Blanc, Panorama","Blick vom Massif du Mont-Blanc auf den Plan des Aiguilles und die Aiguilles Rouges, im Vordergrund ein Berghaus",1909,,,France,,Massif du Mont-Blanc,45.8887285,6.8913925,4,False,1
"France, Chamonix, Les Praz, Ortsteilansicht",Ansicht einiger Häuser in Les Praz,1909,,,France,Auvergne-Rhône-Alpes,Les Praz,46.19925,6.992,5,False,0
"France, Chamonix, Ortsteilansicht","Blick auf Chamonix, im Vordergrund die Arve",1909,,,France,Auvergne-Rhône-Alpes,Chamonix,45.92375,6.86933,3,True,0
"France, Chamonix, Les Praz, Ortsteilansicht","Anicht einiger Häuser von Les Praz, im Vordergrund eine Strasse, im Hintergrund die Aiguille du Dru",1909,,,France,Auvergne-Rhône-Alpes,Les Praz,46.19925,6.992,5,False,0
"France, Glacier des Bossons, Panorama","Blick auf den Glacier des Bossons und die Grotte mit Bergsteigern (Frauen und Männer), im Hintergrund der Aiguille du Midi",1909,,,France,,Glacier des Bossons,45.88007,6.86411,5,False,0
"France, Chamonix, Les Praz, Ortsteilansicht","Anicht einiger Häuser von Les Praz, im Vordergrund eine Strasse, im Hintergrund die Aiguille du Dru",1909,,,France,Auvergne-Rhône-Alpes,Les Praz,46.19925,6.992,5,False,0
"France, Glacier des Bossons, Landschaft",Blick über Glacier des Bossons,1909,,,France,,Glacier des Bossons,45.88007,6.86411,5,False,0
"France, Massif du Mont-Blanc, Glacier des Bossons, Landschaf","Ansicht des Bossons-Gletschers, Blick bergauf. Links im Bild eine Berghütte",1909,,,France,,Massif du Mont-Blanc,45.88007,6.86411,5,False,0
"France, Chamonix, Eglise Saint Michel, Teilaussensicht","Ansicht der Eglise Saint Michel in Chamonix, im Hintergrund der Brévent",1909,,,France,Auvergne-Rhône-Alpes,Chamonix,45.5697945,6.7429313,4,False,1
"France, Chamonix, Monument à la gloire de Saussure et Balmat",Ansicht des Monument à la gloire de Saussure et Balmat in Chamonix,1909,,,France,Auvergne-Rhône-Alpes,Chamonix,45.92375,6.86933,3,True,0
"France, Chamonix, Ortsgesamtansicht","Blick auf Chamonix von einer Wiese aus, im Hintergrund die Aiguille Verte",1909,,,France,Auvergne-Rhône-Alpes,Chamonix,45.92375,6.86933,3,True,0
"France, Chamonix, Grand Rue, Ortsteilansicht","Ansicht der Grand Rue von Chamonix, im Hintergrund der Mont Blanc",1909,,,France,Auvergne-Rhône-Alpes,Chamonix,45.92375,6.86933,3,True,0
"France, Chamonix, Ortsteilansicht","Blick auf Chamonix von einer Wiese aus, im Hintergrund der Mont Blanc",1909,,,France,Auvergne-Rhône-Alpes,Chamonix,45.92375,6.86933,3,True,0
"France, Chamonix, Ortsteilansicht","Blick auf Chamonix von einer Wiese aus, im Hintergrund der Mont Blanc",1909,,,France,Auvergne-Rhône-Alpes,Chamonix,45.92375,6.86933,3,True,0
"France, Chamonix, Eglise Saint Michel, Teilaussensicht","Ansicht der Eglise Saint Michel in Chamonix, im Hintergrund der Brévent",1909,,,France,Auvergne-Rhône-Alpes,Chamonix,45.5697945,6.7429313,4,False,1
"France, Chamonix, Arve, Landschaft",Flusslauf der Arve bei Chamonix,1909,,,France,Auvergne-Rhône-Alpes,Chamonix,45.92375,6.86933,3,True,0
"France, Chamonix, Lac du Brévent, Landschaft","Blick auf den Lac du Brévent bei Chamonix, im Vordergrund sitzt ein Bergsteiger und blickt auf den See",1909,,,France,Auvergne-Rhône-Alpes,Chamonix,45.9288862,6.8277294,4,False,1
"France, Chamonix, Refuge Bellachat, Panorama",Blick auf die Aiguille Verte und Chamonix im Tal von der Refuge Bellachat aus gesehen,1909,,,France,Auvergne-Rhône-Alpes,Chamonix,45.9221805,6.8296087,4,False,1
"France, Glacier des Bossons, Landschaft",Blick auf den Glacier des Bossons,1909,,,France,,Glacier des Bossons,45.88007,6.86411,5,False,0
"France, Massif du Mont-Blanc, Aiguilles Rouges, Landschaft",Berglandschaft der Aiguilles Rouges und la Flégère,1909,,,France,,Frankreich,45.98931,6.87473,5,False,0
"France, Brévent, Landschaft",Gipfelansicht des Brévent mit Blick gegen den Mont Blanc,1909,,,France,,Frankreich,45.9355164,6.8538115,4,False,1
"France, Brévent, Panorama",Blick vom Brévent ins Vallée de l'Arve,1909,,,France,,Brévent,45.9355164,6.8538115,4,False,1
"France, Brévent, Teilansicht","Ansicht des Gipfels des Brévent, dahinter der Mont Blanc",1909,,,France,,Frankreich,45.9355164,6.8538115,4,False,1
"France, Brévent, Panorama",Blick vom Brévent gegen Planpraz und die Aiguille Verte,1909,,,France,,Frankreich,45.9355164,6.8538115,4,False,1
"France, La Flégère, Panorama","La Flégère, Panoramasicht",1909,,,France,,Frankreich,45.9605371,6.8870748,4,False,1
