Titel,Beschreibung,Breitengrad,Längengrad,Exakte Koordinaten,Adresse,Datei,Region,Periode,Beschreibung.1,Quelle,Urheber:in,Referenz,Title,Description,Periode,Urheber,Technik,Country,Region,City,Lat,Lon,Coord-Quality-Score,Fallback,Ext-Calls,Deviation_km,Map
"Pontresina, Bahnhof, Gesamtaussenansicht",Gesamtansicht des Bahnhofs mit Berninabahn und Pferdekutschen,46.489993,9.9042965,Nein,Pontresina,lcmt-nabi-pctmp_ead_wehr_15237-B_pctmp.jpg,,1908,,Schweizerische Nationalbibliothek,Jean Gaberell,https://commons.wikimedia.org/entity/M144729177,"Pontresina, Bahnhof, Gesamtaussenansicht",Gesamtansicht des Bahnhofs mit Berninabahn und Pferdekutschen,1908,Jean Gaberell,,Switzerland,Kanton Graubünden,Pontresina,46.4906964,9.8963981,4,False,1,0.61,https://www.openstreetmap.org/?mlat=46.4906964&mlon=9.8963981&zoom=14
"St. Moritz, Bahnhof und Hotel La Margna, Gesamtaussenansicht","Bahnhofplatz mit Dampflokomotive, Kutschen ('Hoteltaxis') und Hotel La Margna",46.4978958,9.8392428,Nein,St. Moritz,lcmt-nabi-pctmp_ead_wehr_15233-B_pctmp.jpg,,1908,,Schweizerische Nationalbibliothek,Jean Gaberell,https://commons.wikimedia.org/entity/M144728975,"St. Moritz, Bahnhof und Hotel La Margna","Bahnhofplatz mit Dampflokomotive, Kutschen ('Hoteltaxis') und Hotel La Margna",1908,Jean Gaberell,,Switzerland,Kanton Graubünden,St. Moritz,46.4987087,9.8459869,4,False,1,0.52,https://www.openstreetmap.org/?mlat=46.4987087&mlon=9.8459869&zoom=14
"Thusis, Viamala, Landschaft","Sils im Domleschg GR. Landschaft des innern Domleschg. Blick von einem Steilhang hinter Thusis aus in nordöstlicher Richtung hinüber nach dem Dorf Sils und dem Piz Danis. Im Mittelgrund die Strassenbrücke über den Hinterrhein (Thusis-Albulatal), (vgl. Bild Nr. 9999)",46.6972368,9.4390836,Nein,Thusis,lcmt-nabi-pctmp_ead_zing_10000_pctmp.jpg,Graubünden,circa 1890,,Schweizerische Nationalbibliothek,Rudolf Zinggeler,https://commons.wikimedia.org/entity/M159026677,"Thusis, Viamala, Landschaft","Sils im Domleschg GR. Landschaft des innern Domleschg. Blick von einem Steilhang hinter Thusis aus in nordöstlicher Richtung hinüber nach dem Dorf Sils und dem Piz Danis. Im Mittelgrund die Strassenbrücke über den Hinterrhein (Thusis-Albulatal), (vgl. Bild Nr. 9999)",,,,Switzerland,Kanton Graubünden,Thusis,46.662043,9.448247,4,False,1,3.98,https://www.openstreetmap.org/?mlat=46.662043&mlon=9.448247&zoom=14
"Italia, Bormio, Ortsteilansicht","Bormio, Italien. Landschaft mit Felswänden, Schründen, Schluchten, Steilhängen; an dem Hange rechts i.B. eine Gebäudegruppe (alte Bäder von Bormio?)",46.4692482,10.3721712,Nein,Bormio,lcmt-nabi-pctmp_ead_zing_10045_pctmp.jpg,,circa 1900,,Schweizerische Nationalbibliothek,Rudolf Zinggeler,https://commons.wikimedia.org/entity/M159028367,"Bormio, Ortsteilansicht","Bormio, Italien. Landschaft mit Felswänden, Schründen, Schluchten, Steilhängen; an dem Hange rechts i.B. eine Gebäudegruppe (alte Bäder von Bormio?)",1900,Rudolf Zinggeler,,Italy,Lombardia,Bormio,46.46717,10.37008,3,True,0,0.28,https://www.openstreetmap.org/?mlat=46.46717&mlon=10.37008&zoom=14
"Passo dello Stelvio, Landschaft","Stelvio, Italien. Landschaft. Weitausgedehnte Bergflanke mit fast lauter Felspartien; Stilfserjochstrasse (ital. Seite) zieht sich in gleichmässig-horizontalem Trassé dem Hange entlang, mit mehreren Tunnels und Galerien",46.5424387,10.5578294,Nein,Stelvio,lcmt-nabi-pctmp_ead_zing_10046_pctmp.jpg,,circa 1900,,Schweizerische Nationalbibliothek,Rudolf Zinggeler,https://commons.wikimedia.org/entity/M159028405,"Passo dello Stelvio, Landschaft","Stelvio, Italien. Landschaft. Weitausgedehnte Bergflanke mit fast lauter Felspartien; Stilfserjochstrasse (ital. Seite) zieht sich in gleichmässig-horizontalem Trassé dem Hange entlang, mit mehreren Tunnels und Galerien",1900,,,Italy,Lombardia,Stelvio,46.5333,10.45,5,False,0,8.31,https://www.openstreetmap.org/?mlat=46.5333&mlon=10.45&zoom=14
"Passo dello Stelvio, Panorama","Stelvio, Italien. Hochgebirgslandschaft mit schroffem Bergkegel und grösserem Gletscherfeld: Motatsch",46.5424387,10.5578294,Nein,Stelvio,lcmt-nabi-pctmp_ead_zing_10047_pctmp.jpg,,circa 1900,,Schweizerische Nationalbibliothek,Rudolf Zinggeler,https://commons.wikimedia.org/entity/M159028443,"Passo dello Stelvio, Panorama","Stelvio, Italien. Hochgebirgslandschaft mit schroffem Bergkegel und grösserem Gletscherfeld: Motatsch",1900,Rudolf Zinggeler,,Italy,Lombardia,Stelvio,46.5333,10.45,5,False,0,8.31,https://www.openstreetmap.org/?mlat=46.5333&mlon=10.45&zoom=14
"Ortler, Landschaft","Sta Maria Val Müstair GR. Hochgebirgslandschaft aus dem Tourengebiet von Sta. Maria: Bergzacken und Schnee- und Eisfelder in der Ortlergruppe, gesehen vom Stilfserjoche aus",,,Nein,,lcmt-nabi-pctmp_ead_zing_11165_pctmp.jpg,,1890-1936,,Schweizerische Nationalbibliothek,Rudolf Zinggeler,https://commons.wikimedia.org/entity/M162267831,"Ortler, Landschaft","Sta Maria Val Müstair GR. Hochgebirgslandschaft aus dem Tourengebiet von Sta. Maria: Bergzacken und Schnee- und Eisfelder in der Ortlergruppe, gesehen vom Stilfserjoche aus",1890-1936,Rudolf Zinggeler,,Italy,Trentino-Alto Adige,Santa Maria Val Müstair,,,0,False,0,,
"Ortler, Landschaft","Sta Maria Val Müstair GR. Hochgebirgslandschaft im Tourengebiet von Sta. Maria: die Ortlergruppe, gesehen vom Stilfserjoche aus.",,,Nein,,lcmt-nabi-pctmp_ead_zing_11166_pctmp.jpg,,1890-1936,,Schweizerische Nationalbibliothek,Rudolf Zinggeler,https://commons.wikimedia.org/entity/M162267859,"Ortler, Landschaft","Sta Maria Val Müstair GR. Hochgebirgslandschaft im Tourengebiet von Sta. Maria: die Ortlergruppe, gesehen vom Stilfserjoche aus.",1890-1936,Rudolf Zinggeler,,Italy,Trentino-Alto Adige,Santa Maria Val Müstair,,,0,False,0,,
"Ortler, Landschaft","Sta Maria Val Müstair GR. Hochgebirgslandschaft im Tourengebiet von Sta. Maria: Berghaupt, Gletscher und Schneefelder in der südlichen Nachbarschaft des Ortler",,,Nein,,lcmt-nabi-pctmp_ead_zing_11168_pctmp.jpg,,1890-1936,,Schweizerische Nationalbibliothek,Rudolf Zinggeler,https://commons.wikimedia.org/entity/M162267940,"Ortler, Landschaft","Sta Maria Val Müstair GR. Hochgebirgslandschaft im Tourengebiet von Sta. Maria: Berghaupt, Gletscher und Schneefelder in der südlichen Nachbarschaft des Ortler",1890-1936,Rudolf Zinggeler,,Italy,Trentino-Alto Adige,Santa Maria Val Müstair,,,0,False,0,,
"Porträt, Männliche Person, Engadin","Schweiz. Alter Mann mit Stock, vor einem Haus auf Bank sitzend, Pfeife rauchend",,,Nein,,lcmt-nabi-pctmp_ead_zing_11190_pctmp.jpg,,1890-1936,,Schweizerische Nationalbibliothek,Rudolf Zinggeler,https://commons.wikimedia.org/entity/M162268999,"Porträt, Männliche Person, Engadin","Schweiz. Alter Mann mit Stock, vor einem Haus auf Bank sitzend, Pfeife rauchend",1890-1936,Rudolf Zinggeler,,Switzerland,Kanton Graubünden,,,,0,False,0,,
"Finstermünz, Landschaft",Finstermünz. Oesterreich. Das Inn-Tal an der Landesgrenze. Aufnahme 1917.,47.657323,11.5233058,Nein,Finstermünz,lcmt-nabi-pctmp_ead_zing_11559_pctmp.jpg,,1917,,Schweizerische Nationalbibliothek,Rudolf Zinggeler,https://commons.wikimedia.org/entity/M162340481,"Finstermünz, Landschaft",Finstermünz. Oesterreich. Das Inn-Tal an der Landesgrenze. Aufnahme 1917.,1917,Rudolf Zinggeler,,Austria,Tirol,Finstermünz,46.9457,9.7392,5,False,0,156.07,https://www.openstreetmap.org/?mlat=46.9457&mlon=9.7392&zoom=14
"Finstermünz, Landschaft",Finstermünz. Oesterreich. Das Inn-Tal an der Landesgrenze. Blick talauswärts. Aufnahme 1917.,47.657323,11.5233058,Nein,Finstermünz,lcmt-nabi-pctmp_ead_zing_11560_pctmp.jpg,,1917,,Schweizerische Nationalbibliothek,Rudolf Zinggeler,https://commons.wikimedia.org/entity/M162340574,"Finstermünz, Landschaft",Finstermünz. Oesterreich. Das Inn-Tal an der Landesgrenze. Blick talauswärts. Aufnahme 1917.,1917,Rudolf Zinggeler,,Austria,Tirol,Finstermünz,46.9457,9.7392,5,False,0,156.07,https://www.openstreetmap.org/?mlat=46.9457&mlon=9.7392&zoom=14
"Puria (IT), Ortschaft, Ortsteilansicht","Val Solda, Italien. Landschaft, Siedlung. Die Dörfer Piria und Dasio mit ihrer landschaftlichen Umgebung, von unten gesehen; Blick nach Nord-Nordwesten",46.032034,9.0562556,Nein,Puria,lcmt-nabi-pctmp_ead_zing_12082_pctmp.jpg,,1890-1936,,Schweizerische Nationalbibliothek,Rudolf Zinggeler,https://commons.wikimedia.org/entity/M162737107,"Puria, Ortschaft, Ortsteilansicht","Val Solda, Italien. Landschaft, Siedlung. Die Dörfer Piria und Dasio mit ihrer landschaftlichen Umgebung, von unten gesehen; Blick nach Nord-Nordwesten",1890-1936,Rudolf Zinggeler,,Italy,Lombardia,Puria,46.0333,9.05,5,False,0,0.5,https://www.openstreetmap.org/?mlat=46.0333&mlon=9.05&zoom=14
"Puria (IT), Ortschaft, Ortsteilansicht","Puria, Italien. Landschaft, Siedlung. Romantische Gegend mit Schlucht und steilen Berghalden; über der Schlucht, an den Hang geklebt das Dorf Puria, rechts hinten Dasio: in der Val Solda",46.032034,9.0562556,Nein,Puria,lcmt-nabi-pctmp_ead_zing_12083_pctmp.jpg,,1890-1936,,Schweizerische Nationalbibliothek,Rudolf Zinggeler,https://commons.wikimedia.org/entity/M162737125,"Puria, Ortschaft, Ortsteilansicht","Puria, Italien. Landschaft, Siedlung. Romantische Gegend mit Schlucht und steilen Berghalden; über der Schlucht, an den Hang geklebt das Dorf Puria, rechts hinten Dasio: in der Val Solda",1890-1936,Rudolf Zinggeler,,Italy,Lombardia,Puria,46.0333,9.05,5,False,0,0.5,https://www.openstreetmap.org/?mlat=46.0333&mlon=9.05&zoom=14
"Cressogno (IT), Chiesa San Nicolao, Teilaussenansicht","Cressogno/Val Solda, Italien. Landschaft, Sakralbau. Halde mit Kirchweg und der Kirche, Ansicht von Westen: Hauptfasade",46.0247294,9.0727473,Nein,Cressogno,lcmt-nabi-pctmp_ead_zing_12084_pctmp.jpg,,1890-1936,,Schweizerische Nationalbibliothek,Rudolf Zinggeler,https://commons.wikimedia.org/entity/M162737140,"Cressogno, Chiesa San Nicolao","Cressogno/Val Solda, Italien. Landschaft, Sakralbau. Halde mit Kirchweg und der Kirche, Ansicht von Westen: Hauptfasade",1890-1936,Rudolf Zinggeler,,Italy,Lombardia,Cressogno,46.02426,9.07102,3,True,0,0.14,https://www.openstreetmap.org/?mlat=46.02426&mlon=9.07102&zoom=14
"Castello (IT), Ortschaft, Ortsteilansicht","Castello Val Solda, Italien. Landschaft. Bergkeil, der auf seiner Spitze eine dicht zusammengedrängte Häusergruppe trägt; liegt zwischen zwei wilden Schluchten, hat schroffe Abstürze; Ansicht von Südosten(?)",44.9515624,9.2536443,Nein,Castello,lcmt-nabi-pctmp_ead_zing_12085_pctmp.jpg,,1890-1936,,Schweizerische Nationalbibliothek,Rudolf Zinggeler,https://commons.wikimedia.org/entity/M162737158,"Castello Val Solda, Ortsteilansicht","Castello Val Solda, Italien. Landschaft. Bergkeil, der auf seiner Spitze eine dicht zusammengedrängte Häusergruppe trägt; liegt zwischen zwei wilden Schluchten, hat schroffe Abstürze; Ansicht von Südosten(?)",1890-1936,,,Italy,Lombardia,Castello,45.9492211,8.6652135,4,False,1,120.05,https://www.openstreetmap.org/?mlat=45.9492211&mlon=8.6652135&zoom=14
"Porträt, Männliche Person, Onsernone","Russo TI. Menschliches. Älterer Mann: Arbeiter, Handlanger (Porträt, in Arbeitstenue)",46.2020983,8.6224134,Nein,Russo,lcmt-nabi-pctmp_ead_zing_12140_pctmp.jpg,Tessin,1933,,Schweizerische Nationalbibliothek,Rudolf Zinggeler,https://commons.wikimedia.org/entity/M162738441,"Porträt, Männliche Person, Onsernone","Russo TI. Menschliches. Älterer Mann: Arbeiter, Handlanger (Porträt, in Arbeitstenue)",1933,Rudolf Zinggeler,,Switzerland,Cantone Ticino,Russo,46.20304,8.62333,3,True,0,0.13,https://www.openstreetmap.org/?mlat=46.20304&mlon=8.62333&zoom=14
"Porträt, Weibliche Person, Onsernone",Russo TI. Menschliches. Bäuerin in dunkler Werktagskleidung und dunklem Kopftuch (Brustbild),46.2020983,8.6224134,Nein,Russo,lcmt-nabi-pctmp_ead_zing_12153_pctmp.jpg,Tessin,1933,,Schweizerische Nationalbibliothek,Rudolf Zinggeler,https://commons.wikimedia.org/entity/M162738511,"Porträt, Weibliche Person, Onsernone",Russo TI. Menschliches. Bäuerin in dunkler Werktagskleidung und dunklem Kopftuch (Brustbild),1933,Rudolf Zinggeler,,Switzerland,Cantone Ticino,Russo,46.20304,8.62333,3,True,0,0.13,https://www.openstreetmap.org/?mlat=46.20304&mlon=8.62333&zoom=14
"Porträt, Kind, Onsernone",Russo TI. Menschliches. Zwei junge Mädchen (ca. 15-jährig) in schlichter Kleidung,46.2020983,8.6224134,Nein,Russo,lcmt-nabi-pctmp_ead_zing_12155_pctmp.jpg,Tessin,1933,,Schweizerische Nationalbibliothek,Rudolf Zinggeler,https://commons.wikimedia.org/entity/M162738537,"Porträt, Kind, Onsernone",Russo TI. Menschliches. Zwei junge Mädchen (ca. 15-jährig) in schlichter Kleidung,1933,Rudolf Zinggeler,,Switzerland,Cantone Ticino,Russo,46.20304,8.62333,3,True,0,0.13,https://www.openstreetmap.org/?mlat=46.20304&mlon=8.62333&zoom=14
"Porträt, Weibliche Person, Onsernone","Onsernone TI. Russo. Mensch, Arbeit. Ältere Frau: Strohflechterin an der Arbeit (Brustbild von vorn)",46.2020983,8.6224134,Nein,Russo,lcmt-nabi-pctmp_ead_zing_12161_pctmp.jpg,Tessin,1933,,Schweizerische Nationalbibliothek,Rudolf Zinggeler,https://commons.wikimedia.org/entity/M162738588,"Porträt, Weibliche Person, Onsernone","Onsernone TI. Russo. Mensch, Arbeit. Ältere Frau: Strohflechterin an der Arbeit (Brustbild von vorn)",1933,Rudolf Zinggeler,,Switzerland,Cantone Ticino,Russo,46.20304,8.62333,3,True,0,0.13,https://www.openstreetmap.org/?mlat=46.20304&mlon=8.62333&zoom=14
"Porträt, Weibliche Person, Onsernone","Onsernone TI. Russo. Mensch, Arbeit. Ältere Frau: Strohflechterin an der Arbeit; Brustbild seitlich",46.2020983,8.6224134,Nein,Russo,lcmt-nabi-pctmp_ead_zing_12162_pctmp.jpg,Tessin,1933,,Schweizerische Nationalbibliothek,Rudolf Zinggeler,https://commons.wikimedia.org/entity/M162738625,"Porträt, Weibliche Person, Onsernone","Onsernone TI. Russo. Mensch, Arbeit. Ältere Frau: Strohflechterin an der Arbeit; Brustbild seitlich",1933,Rudolf Zinggeler,,Switzerland,Cantone Ticino,Russo,46.20304,8.62333,3,True,0,0.13,https://www.openstreetmap.org/?mlat=46.20304&mlon=8.62333&zoom=14
"Porträt, Kind, Cevio",Cevio TI. Menschliches: kleines Mädchen (ca. 6 Jahre?) auf Steinbank vor dem Hause sitzend mit Essgerät,46.3169604,8.6018223,Nein,Cevio,lcmt-nabi-pctmp_ead_zing_12198_pctmp.jpg,Tessin,1932,,Schweizerische Nationalbibliothek,Rudolf Zinggeler,https://commons.wikimedia.org/entity/M162740607,"Porträt, Kind, Cevio",Cevio TI. Menschliches: kleines Mädchen (ca. 6 Jahre?) auf Steinbank vor dem Hause sitzend mit Essgerät,1932,Rudolf Zinggeler,,Switzerland,Cantone Ticino,Cevio,46.31479,8.60332,3,True,0,0.27,https://www.openstreetmap.org/?mlat=46.31479&mlon=8.60332&zoom=14
"Porträt, Kind, Cevio",Cevio TI. Menschliches: kleines Mädchen (ca. 6 Jahre?) auf Steinbank vor dem Hause sitzend mit Essgerät,46.3169604,8.6018223,Nein,Cevio,lcmt-nabi-pctmp_ead_zing_12199_pctmp.jpg,Tessin,1932,,Schweizerische Nationalbibliothek,Rudolf Zinggeler,https://commons.wikimedia.org/entity/M162740627,"Porträt, Kind, Cevio",Cevio TI. Menschliches: kleines Mädchen (ca. 6 Jahre?) auf Steinbank vor dem Hause sitzend mit Essgerät,1932,Rudolf Zinggeler,,Switzerland,Cantone Ticino,Cevio,46.31479,8.60332,3,True,0,0.27,https://www.openstreetmap.org/?mlat=46.31479&mlon=8.60332&zoom=14
"Porträt, Weibliche Person, Bignasco","Bignasco TI. Menschliches, Trachtenwesen. Zwei junge Bignascerinnen in der heimischen Tracht, den Gerlo am Rücken",46.3397342,8.6085558,Nein,Bignasco,lcmt-nabi-pctmp_ead_zing_12207_pctmp.jpg,Tessin,1932,,Schweizerische Nationalbibliothek,Rudolf Zinggeler,https://commons.wikimedia.org/entity/M162741063,"Porträt, Weibliche Person, Bignasco","Bignasco TI. Menschliches, Trachtenwesen. Zwei junge Bignascerinnen in der heimischen Tracht, den Gerlo am Rücken",1932,Rudolf Zinggeler,,Switzerland,Cantone Ticino,Bignasco,46.33845,8.60816,3,True,0,0.15,https://www.openstreetmap.org/?mlat=46.33845&mlon=8.60816&zoom=14
"Porträt, Weibliche Person, Bignasco","Bignasco TI. Menschliches, Trachtenwesen. Zwei junge Bignascerinnen in der heimischen Tracht, den Gerlo am Rücken",46.3397342,8.6085558,Nein,Bignasco,lcmt-nabi-pctmp_ead_zing_12208_pctmp.jpg,Tessin,1932,,Schweizerische Nationalbibliothek,Rudolf Zinggeler,https://commons.wikimedia.org/entity/M162741088,"Porträt, Weibliche Person, Bignasco","Bignasco TI. Menschliches, Trachtenwesen. Zwei junge Bignascerinnen in der heimischen Tracht, den Gerlo am Rücken",1932,Rudolf Zinggeler,,Switzerland,Cantone Ticino,Bignasco,46.33845,8.60816,3,True,0,0.15,https://www.openstreetmap.org/?mlat=46.33845&mlon=8.60816&zoom=14
"Porträt, Weibliche Person, Bignasco",Bignasco TI. Menschliches. Junge Frau (Bäuerin) unter ihrer Haustüre,46.3397342,8.6085558,Nein,Bignasco,lcmt-nabi-pctmp_ead_zing_12210_pctmp.jpg,Tessin,1932,,Schweizerische Nationalbibliothek,Rudolf Zinggeler,https://commons.wikimedia.org/entity/M162741108,"Porträt, Weibliche Person, Bignasco",Bignasco TI. Menschliches. Junge Frau (Bäuerin) unter ihrer Haustüre,1932,Rudolf Zinggeler,,Switzerland,Cantone Ticino,Bignasco,46.33845,8.60816,3,True,0,0.15,https://www.openstreetmap.org/?mlat=46.33845&mlon=8.60816&zoom=14
"Porträt, Kind, Cavergno","Cavergno TI. Menschliches. Junges Mädchen, Bauerntochter, im Sonntagsstaat",46.3451674,8.6072509,Nein,Cavergno,lcmt-nabi-pctmp_ead_zing_12213_pctmp.jpg,Tessin,1932,,Schweizerische Nationalbibliothek,Rudolf Zinggeler,https://commons.wikimedia.org/entity/M162741186,"Porträt, Kind, Cavergno","Cavergno TI. Menschliches. Junges Mädchen, Bauerntochter, im Sonntagsstaat",1932,Rudolf Zinggeler,,Switzerland,Cantone Ticino,Cavergno,46.34531,8.60713,3,True,0,0.02,https://www.openstreetmap.org/?mlat=46.34531&mlon=8.60713&zoom=14
"Porträt, Weibliche Person, Cavergno","Cavergno TI. Menschliches. Bäuerin, auf der Steintreppe vor ihrem Hause sitzend",46.3451674,8.6072509,Nein,Cavergno,lcmt-nabi-pctmp_ead_zing_12215_pctmp.jpg,Tessin,1932,,Schweizerische Nationalbibliothek,Rudolf Zinggeler,https://commons.wikimedia.org/entity/M162741212,"Porträt, Weibliche Person, Cavergno","Cavergno TI. Menschliches. Bäuerin, auf der Steintreppe vor ihrem Hause sitzend",1932,Rudolf Zinggeler,,Switzerland,Cantone Ticino,Cavergno,46.34531,8.60713,3,True,0,0.02,https://www.openstreetmap.org/?mlat=46.34531&mlon=8.60713&zoom=14
"Porträt, Kind, Cavergno","Cavergno TI. Menschliches. Kleines Mädchen (ca. 10 Jahre?) in buntem Kleid, hellem Kopftuch",46.3451674,8.6072509,Nein,Cavergno,lcmt-nabi-pctmp_ead_zing_12216_pctmp.jpg,Tessin,1932,,Schweizerische Nationalbibliothek,Rudolf Zinggeler,https://commons.wikimedia.org/entity/M162741229,"Porträt, Kind, Cavergno","Cavergno TI. Menschliches. Kleines Mädchen (ca. 10 Jahre?) in buntem Kleid, hellem Kopftuch",1932,Rudolf Zinggeler,,Switzerland,Cantone Ticino,Cavergno,46.34531,8.60713,3,True,0,0.02,https://www.openstreetmap.org/?mlat=46.34531&mlon=8.60713&zoom=14
"Porträt, Kind, Cavergno","Cavergno TI. Menschliches. Fröhlich lachender Knabe (12-13 Jahre?) in Werktagstenue, auf Wegmauer sitzend, aus dem Weiler Mondada",46.3451674,8.6072509,Nein,Cavergno,lcmt-nabi-pctmp_ead_zing_12232_pctmp.jpg,Tessin,1931,,Schweizerische Nationalbibliothek,Rudolf Zinggeler,https://commons.wikimedia.org/entity/M162741540,"Porträt, Kind, Cavergno","Cavergno TI. Menschliches. Fröhlich lachender Knabe (12-13 Jahre?) in Werktagstenue, auf Wegmauer sitzend, aus dem Weiler Mondada",1931,Rudolf Zinggeler,,Switzerland,Cantone Ticino,Cavergno,46.35638,8.58472,5,False,0,2.13,https://www.openstreetmap.org/?mlat=46.35638&mlon=8.58472&zoom=14
"Porträt, Kind, Brione (Verzasca)","Brione (Verzasca) TI. Menschliches. Junges Mädchen (14-15 Jahre, Bauernkind), auf Steintreppe sitzend",46.2963757,8.7908609,Nein,Brione (Verzasca),lcmt-nabi-pctmp_ead_zing_12283_pctmp.jpg,Tessin,1934,,Schweizerische Nationalbibliothek,Rudolf Zinggeler,https://commons.wikimedia.org/entity/M162742629,"Porträt, Kind, Brione (Verzasca)","Brione (Verzasca) TI. Menschliches. Junges Mädchen (14-15 Jahre, Bauernkind), auf Steintreppe sitzend",1934,Rudolf Zinggeler,,Switzerland,Cantone Ticino,Brione (Verzasca),46.29525,8.79173,3,True,0,0.14,https://www.openstreetmap.org/?mlat=46.29525&mlon=8.79173&zoom=14
"Porträt, Kind, Frasco",Frasco TI. Menschliches. Kleines Mädchen (ca. 10 Jahre) mit weissblondem Haar,46.3377617,8.804355,Nein,Frasco,lcmt-nabi-pctmp_ead_zing_12295_pctmp.jpg,Tessin,1934,,Schweizerische Nationalbibliothek,Rudolf Zinggeler,https://commons.wikimedia.org/entity/M162747750,"Porträt, Kind, Frasco",Frasco TI. Menschliches. Kleines Mädchen (ca. 10 Jahre) mit weissblondem Haar,1934,Rudolf Zinggeler,,Switzerland,Cantone Ticino,Frasco,46.34398,8.7984,3,True,0,0.83,https://www.openstreetmap.org/?mlat=46.34398&mlon=8.7984&zoom=14
"Porträt, Kind, Frasco",Frasco TI. Menschliches. Kleines Mädchen (9-10 Jahre) in Kopftuch und Werktagsschürze vor dem Tenntor sitzend,46.3377617,8.804355,Nein,Frasco,lcmt-nabi-pctmp_ead_zing_12318_pctmp.jpg,Tessin,1934,,Schweizerische Nationalbibliothek,Rudolf Zinggeler,https://commons.wikimedia.org/entity/M162748621,"Porträt, Kind, Frasco",Frasco TI. Menschliches. Kleines Mädchen (9-10 Jahre) in Kopftuch und Werktagsschürze vor dem Tenntor sitzend,1934,Rudolf Zinggeler,,Switzerland,Cantone Ticino,Frasco,46.34398,8.7984,3,True,0,0.83,https://www.openstreetmap.org/?mlat=46.34398&mlon=8.7984&zoom=14
"Porträt, Weibliche Person, Frasco","Frasco TI. Junges Mädchen (16-17 Jahre), eine Tochter Ferini; Porträt vor dunklem Hintergrund. Aufnahme 1934.",46.3377617,8.804355,Nein,Frasco,lcmt-nabi-pctmp_ead_zing_12337_pctmp.jpg,Tessin,1934,,Schweizerische Nationalbibliothek,Rudolf Zinggeler,https://commons.wikimedia.org/entity/M162748722,"Porträt, Weibliche Person, Frasco","Frasco TI. Junges Mädchen (16-17 Jahre), eine Tochter Ferini; Porträt vor dunklem Hintergrund. Aufnahme 1934.",1934,Rudolf Zinggeler,,Switzerland,Cantone Ticino,Frasco,46.34398,8.7984,3,True,0,0.83,https://www.openstreetmap.org/?mlat=46.34398&mlon=8.7984&zoom=14
"Frasco, Ortsteilansicht","Frasco TI. Mensch, Arbeit. Zwei Männer mit Sägefeilen beschäftigt in einem Winkel zwischen Hauswand und Treppengemäuer",,,Nein,,lcmt-nabi-pctmp_ead_zing_12365_pctmp.jpg,,1934,,Schweizerische Nationalbibliothek,Rudolf Zinggeler,https://commons.wikimedia.org/entity/M162749395,"Frasco, Ortsteilansicht","Frasco TI. Mensch, Arbeit. Zwei Männer mit Sägefeilen beschäftigt in einem Winkel zwischen Hauswand und Treppengemäuer",1934,Rudolf Zinggeler,,Switzerland,Cantone Ticino,Frasco,46.34398,8.7984,3,True,0,,https://www.openstreetmap.org/?mlat=46.34398&mlon=8.7984&zoom=14
"Frasco, Ortsteilansicht","Frasco TI. Mensch, Arbeit. Zwei Männer mit Sägefeilen am Werk",,,Nein,,lcmt-nabi-pctmp_ead_zing_12366_pctmp.jpg,,1934,,Schweizerische Nationalbibliothek,Rudolf Zinggeler,https://commons.wikimedia.org/entity/M162749423,"Frasco, Ortsteilansicht","Frasco TI. Mensch, Arbeit. Zwei Männer mit Sägefeilen am Werk",1934,Rudolf Zinggeler,,Switzerland,Cantone Ticino,Frasco,46.34398,8.7984,3,True,0,,https://www.openstreetmap.org/?mlat=46.34398&mlon=8.7984&zoom=14
"Schweiz, Gesamtaussenansicht einer Kapelle [Lokalisierung unsicher]","Schweiz. Die Kapelle zwischen einem Stall und einem Speicher; davor Weg und Zäune, Wiesenfläche. Aufnahme 1921.",,,Nein,,lcmt-nabi-pctmp_ead_zing_12415_pctmp.jpg,,1921,,Schweizerische Nationalbibliothek,Rudolf Zinggeler,https://commons.wikimedia.org/entity/M162751051,"Schweiz, Gesamtaussenansicht einer Kapelle","Schweiz. Die Kapelle zwischen einem Stall und einem Speicher; davor Weg und Zäune, Wiesenfläche. Aufnahme 1921.",1921,Rudolf Zinggeler,,Switzerland,,,,,0,False,0,,
"Porträt, Männliche Person, Schweiz","Schweiz. Menschliches. Alter Herr (Professor?) in grauem Jaquetkleid, vor Hausecke an Treppe stehend",,,Nein,,lcmt-nabi-pctmp_ead_zing_12428_pctmp.jpg,,1890-1936,,Schweizerische Nationalbibliothek,Rudolf Zinggeler,https://commons.wikimedia.org/entity/M162751300,"Porträt, Männliche Person, Schweiz","Schweiz. Menschliches. Alter Herr (Professor?) in grauem Jaquetkleid, vor Hausecke an Treppe stehend",1890-1936,Rudolf Zinggeler,,Switzerland,,,,,0,False,0,,
"Porträt, Weibliche Person, Evolène","Evolène VS. Trachtenwesen. Junge Frau in der Evolènertracht, mit Strickzeug auf Haustreppe sitzend",46.1129048,7.4958022,Nein,Evolène,lcmt-nabi-pctmp_ead_zing_12473_pctmp.jpg,Wallis,1922,,Schweizerische Nationalbibliothek,Rudolf Zinggeler,https://commons.wikimedia.org/entity/M162755678,"Porträt, Weibliche Person, Evolène","Evolène VS. Trachtenwesen. Junge Frau in der Evolènertracht, mit Strickzeug auf Haustreppe sitzend",1922,Rudolf Zinggeler,,Switzerland,Canton du Valais,Evolène,46.11422,7.49407,3,True,0,0.2,https://www.openstreetmap.org/?mlat=46.11422&mlon=7.49407&zoom=14
"Porträt, Kind, Evolène",Evolène VS. Menschliches. Zwölfjähriger Bauern- und Hirtenbub; Brustbild von vorn,46.1129048,7.4958022,Nein,Evolène,lcmt-nabi-pctmp_ead_zing_12480_pctmp.jpg,Wallis,1922,,Schweizerische Nationalbibliothek,Rudolf Zinggeler,https://commons.wikimedia.org/entity/M162756094,"Porträt, Kind, Evolène",Evolène VS. Menschliches. Zwölfjähriger Bauern- und Hirtenbub; Brustbild von vorn,1922,Rudolf Zinggeler,,Switzerland,Canton du Valais,Evolène,46.11422,7.49407,3,True,0,0.2,https://www.openstreetmap.org/?mlat=46.11422&mlon=7.49407&zoom=14
"Schweiz, Gesamtaussenansicht eines Hauses [Lokalisierung unsicher]","Schweiz. Landschaft, Einzelbau. Stattliches Bauernhaus, von Wiesengelände umgeben",,,Nein,,lcmt-nabi-pctmp_ead_zing_12780_pctmp.jpg,,1890-1936,,Schweizerische Nationalbibliothek,Rudolf Zinggeler,https://commons.wikimedia.org/entity/M163011117,"Schweiz, Gesamtaussenansicht eines Hauses","Schweiz. Landschaft, Einzelbau. Stattliches Bauernhaus, von Wiesengelände umgeben",1890-1936,Rudolf Zinggeler,,Switzerland,,,,,0,False,0,,
"Schweiz, Landschaft [Lokalisierung unsicher]",Schweiz. Landschaft. Weiher und Wiesenstreifen am Ufer und Baumreihe,,,Nein,,lcmt-nabi-pctmp_ead_zing_12789_pctmp.jpg,,1890-1936,,Schweizerische Nationalbibliothek,Rudolf Zinggeler,https://commons.wikimedia.org/entity/M163011717,"Schweiz, Landschaft",Schweiz. Landschaft. Weiher und Wiesenstreifen am Ufer und Baumreihe,1890-1936,Rudolf Zinggeler,,Switzerland,,,,,0,False,0,,
"Rüti, Zürcher Oberland, Ortsteilansicht mit 4 Bürgerhäusern an der Sonnenbergstrasse (links)","Rüti, Blick nach Südosten auf die Glarner (Vor-)Alpen. Links über der Mitte: Glarner und Schwyzer Voralpenkette zwischen Planggenstock und Stockberg; links hinter dem Wald: Mürtschenstock; rechts der Mitte: Wägital",,,Nein,,lcmt-nabi-pctmp_ead_zing_12954_pctmp.jpg,,1890-1936,,Schweizerische Nationalbibliothek,Rudolf Zinggeler,https://commons.wikimedia.org/entity/M163018355,"Rüti, Zürcher Oberland, Ortsteilansicht","Rüti, Blick nach Südosten auf die Glarner (Vor-)Alpen. Links über der Mitte: Glarner und Schwyzer Voralpenkette zwischen Planggenstock und Stockberg; links hinter dem Wald: Mürtschenstock; rechts der Mitte: Wägital",1890-1936,,,Switzerland,Kanton Zürich,Rüti,47.25603,8.85552,3,True,0,,https://www.openstreetmap.org/?mlat=47.25603&mlon=8.85552&zoom=14
"Porträt, Männliche Person, Schweiz",Schweiz. Sonntagsfreuden. Drei Herren in einem kleinen Boot startbereit,,,Nein,,lcmt-nabi-pctmp_ead_zing_13106_pctmp.jpg,,1890-1936,,Schweizerische Nationalbibliothek,Rudolf Zinggeler,https://commons.wikimedia.org/entity/M163023584,"Porträt, Männliche Person, Schweiz",Schweiz. Sonntagsfreuden. Drei Herren in einem kleinen Boot startbereit,1890-1936,Rudolf Zinggeler,,Switzerland,,,,,0,False,0,,
"Fürstentum Liechtenstein, Vaduz, Ortsteilansicht","Vaduz FL. Landschaft, Siedlung. Das alte Dorf, Teilansicht mit Umgebung von Südosten (von der Strasse nach dem Schlosse aus)",47.1392862,9.5227962,Nein,Vaduz,lcmt-nabi-pctmp_ead_zing_13189_pctmp.jpg,,1890-1936,,Schweizerische Nationalbibliothek,Rudolf Zinggeler,https://commons.wikimedia.org/entity/M163027338,"Vaduz, Ortsteilansicht","Vaduz FL. Landschaft, Siedlung. Das alte Dorf, Teilansicht mit Umgebung von Südosten (von der Strasse nach dem Schlosse aus)",1890-1936,Rudolf Zinggeler,,Liechtenstein,Vaduz,Vaduz,47.14151,9.52154,3,True,0,0.26,https://www.openstreetmap.org/?mlat=47.14151&mlon=9.52154&zoom=14
"Fürstentum Liechtenstein, Vaduz, Ortsteilansicht","Vaduz FL. Dorfbild. Gebäudekomplex Vaistlihof im Alten Dorf, von Rebbergen umgeben, Ansicht von Südosten",47.1392862,9.5227962,Nein,Vaduz,lcmt-nabi-pctmp_ead_zing_13190_pctmp.jpg,,1890-1936,,Schweizerische Nationalbibliothek,Rudolf Zinggeler,https://commons.wikimedia.org/entity/M163027368,"Vaduz, Vaistlihof, Ortsteilansicht","Vaduz FL. Dorfbild. Gebäudekomplex Vaistlihof im Alten Dorf, von Rebbergen umgeben, Ansicht von Südosten",1890-1936,Rudolf Zinggeler,,Liechtenstein,Vaduz,Vaduz,47.14151,9.52154,3,True,0,0.26,https://www.openstreetmap.org/?mlat=47.14151&mlon=9.52154&zoom=14
"Fürstentum Liechtenstein, Vaduz, Landschaft","Vaduz FL. Landschaft. Die Strasse vom Alten Dorf nach dem Fürstlichen Schlosse an einem Berghang entlang führend; Blick gegen das Schloss, von dem man infolge Nebels nur die Umrisse sieht",47.1392862,9.5227962,Nein,Vaduz,lcmt-nabi-pctmp_ead_zing_13191_pctmp.jpg,,1890-1936,,Schweizerische Nationalbibliothek,Rudolf Zinggeler,https://commons.wikimedia.org/entity/M163027391,"Vaduz, Landschaft","Vaduz FL. Landschaft. Die Strasse vom Alten Dorf nach dem Fürstlichen Schlosse an einem Berghang entlang führend; Blick gegen das Schloss, von dem man infolge Nebels nur die Umrisse sieht",1890-1936,Rudolf Zinggeler,,Liechtenstein,Vaduz,Vaduz,47.14151,9.52154,3,True,0,0.26,https://www.openstreetmap.org/?mlat=47.14151&mlon=9.52154&zoom=14
"Fürstentum Liechtenstein, Vaduz, Ortsteilansicht","Vaduz FL. Landschaft, Siedlung. Kulturgelände mit Wies- und Ackerboden, Obstbäumen; Häuser des Alten Dorfes von Vaduz; links hinten das Schloss; Blick von Norden gegen Süden",47.1392862,9.5227962,Nein,Vaduz,lcmt-nabi-pctmp_ead_zing_13192_pctmp.jpg,,1890-1936,,Schweizerische Nationalbibliothek,Rudolf Zinggeler,https://commons.wikimedia.org/entity/M163027419,"Vaduz, Ortsteilansicht","Vaduz FL. Landschaft, Siedlung. Kulturgelände mit Wies- und Ackerboden, Obstbäumen; Häuser des Alten Dorfes von Vaduz; links hinten das Schloss; Blick von Norden gegen Süden",1890-1936,Rudolf Zinggeler,,Liechtenstein,Vaduz,Vaduz,47.14151,9.52154,3,True,0,0.26,https://www.openstreetmap.org/?mlat=47.14151&mlon=9.52154&zoom=14
"Fürstentum Liechtenstein, Vaduz, Schloss Vaduz, Teilaussenansicht",Vaduz FL. Das Schloss. Teil-Aussenansicht von Süden: der Saalbau mit An- und Vorbauten,47.1392862,9.5227962,Nein,Vaduz,lcmt-nabi-pctmp_ead_zing_13193_pctmp.jpg,,1890-1936,,Schweizerische Nationalbibliothek,Rudolf Zinggeler,https://commons.wikimedia.org/entity/M163027449,"Vaduz, Schloss Vaduz, Teilaussenansicht",Vaduz FL. Das Schloss. Teil-Aussenansicht von Süden: der Saalbau mit An- und Vorbauten,1890-1936,Rudolf Zinggeler,,Liechtenstein,Vaduz,Vaduz,47.13961,9.52434,5,False,0,0.12,https://www.openstreetmap.org/?mlat=47.13961&mlon=9.52434&zoom=14
"Fürstentum Liechtenstein, Vaduz, Schloss Vaduz, Teilaussenansicht","Vaduz FL. Das Schloss. Gesamt-Aussenansicht von Süden, mit Vorgelände",47.1392862,9.5227962,Nein,Vaduz,lcmt-nabi-pctmp_ead_zing_13194_pctmp.jpg,,1890-1936,,Schweizerische Nationalbibliothek,Rudolf Zinggeler,https://commons.wikimedia.org/entity/M163027472,"Vaduz, Schloss Vaduz, Teilaussenansicht","Vaduz FL. Das Schloss. Gesamt-Aussenansicht von Süden, mit Vorgelände",1890-1936,Rudolf Zinggeler,,Liechtenstein,Vaduz,Vaduz,47.13961,9.52434,5,False,0,0.12,https://www.openstreetmap.org/?mlat=47.13961&mlon=9.52434&zoom=14
"Fürstentum Liechtenstein, Vaduz, Schloss Vaduz, Teilaussenansicht","Vaduz FL. Das Schloss. Vorwerk, Zugang: zwei kurz nacheinander folgende offene Rundbogentore als Einfahrt",47.1392862,9.5227962,Nein,Vaduz,lcmt-nabi-pctmp_ead_zing_13195_pctmp.jpg,,1890-1936,,Schweizerische Nationalbibliothek,Rudolf Zinggeler,https://commons.wikimedia.org/entity/M163027500,"Vaduz, Schloss Vaduz, Teilaussenansicht","Vaduz FL. Das Schloss. Vorwerk, Zugang: zwei kurz nacheinander folgende offene Rundbogentore als Einfahrt",1890-1936,Rudolf Zinggeler,,Liechtenstein,Vaduz,Vaduz,47.13961,9.52434,5,False,0,0.12,https://www.openstreetmap.org/?mlat=47.13961&mlon=9.52434&zoom=14
"Fürstentum Liechtenstein, Vaduz, Ortsteilansicht",Vaduz FL. Das Schloss. Hofinneres: die nördlichen Winkel des Hofes und Bauteile,47.1392862,9.5227962,Nein,Vaduz,lcmt-nabi-pctmp_ead_zing_13196_pctmp.jpg,,1890-1936,,Schweizerische Nationalbibliothek,Rudolf Zinggeler,https://commons.wikimedia.org/entity/M163027524,"Vaduz, Schloss Vaduz, Hofinneres",Vaduz FL. Das Schloss. Hofinneres: die nördlichen Winkel des Hofes und Bauteile,1890-1936,Rudolf Zinggeler,,Liechtenstein,Vaduz,Vaduz,47.13961,9.52434,5,False,0,0.12,https://www.openstreetmap.org/?mlat=47.13961&mlon=9.52434&zoom=14
"Fürstentum Liechtenstein, Vaduz, Schloss Vaduz, Teilaussenansicht",Vaduz FL. Das Schloss. Der Zugang: Blick von aussen durch zwei kurz nacheinander liegende Rundbogentore in den äussern Schlosshof,47.1392862,9.5227962,Nein,Vaduz,lcmt-nabi-pctmp_ead_zing_13197_pctmp.jpg,,1890-1936,,Schweizerische Nationalbibliothek,Rudolf Zinggeler,https://commons.wikimedia.org/entity/M163027544,"Vaduz, Schloss Vaduz, Teilaussenansicht",Vaduz FL. Das Schloss. Der Zugang: Blick von aussen durch zwei kurz nacheinander liegende Rundbogentore in den äussern Schlosshof,1890-1936,Rudolf Zinggeler,,Liechtenstein,Vaduz,Vaduz,47.13961,9.52434,5,False,0,0.12,https://www.openstreetmap.org/?mlat=47.13961&mlon=9.52434&zoom=14
"Fürstentum Liechtenstein, Vaduz, Ortsteilansicht","Vaduz FL. Das Schloss. Äussern und Vorwerk, Zufahrt zum innern Schlosstor, westliche Fassade Rundbogentore und Anbau",47.1392862,9.5227962,Nein,Vaduz,lcmt-nabi-pctmp_ead_zing_13198_pctmp.jpg,,1890-1936,,Schweizerische Nationalbibliothek,Rudolf Zinggeler,https://commons.wikimedia.org/entity/M163027561,"Vaduz, Schloss Vaduz, Ortsteilansicht","Vaduz FL. Das Schloss. Äussern und Vorwerk, Zufahrt zum innern Schlosstor, westliche Fassade Rundbogentore und Anbau",1890-1936,Rudolf Zinggeler,,Liechtenstein,Vaduz,Vaduz,47.13961,9.52434,5,False,0,0.12,https://www.openstreetmap.org/?mlat=47.13961&mlon=9.52434&zoom=14
"Schweiz, Landschaft [Lokalisierung unsicher]",Schweiz. Landschaft. Der Talfluss mit Sperren und Wasserfällen; Blick taleinwärts,,,Nein,,lcmt-nabi-pctmp_ead_zing_13229_pctmp.jpg,,1890-1936,,Schweizerische Nationalbibliothek,Rudolf Zinggeler,https://commons.wikimedia.org/entity/M163028323,"Schweiz, Landschaft",Schweiz. Landschaft. Der Talfluss mit Sperren und Wasserfällen; Blick taleinwärts,1890-1936,Rudolf Zinggeler,,Switzerland,,,,,0,False,0,,
"Schweiz, Landschaft [Lokalisierung unsicher]",Schweiz. Landschaft. Der Talfluss mit gemauerten Sperren und Verbauungen; Blick taleinwärts,,,Nein,,lcmt-nabi-pctmp_ead_zing_13230_pctmp.jpg,,1890-1936,,Schweizerische Nationalbibliothek,Rudolf Zinggeler,https://commons.wikimedia.org/entity/M163028357,"Schweiz, Landschaft",Schweiz. Landschaft. Der Talfluss mit gemauerten Sperren und Verbauungen; Blick taleinwärts,1890-1936,Rudolf Zinggeler,,Switzerland,,,,,0,False,0,,
"Schweiz, Teilaussenansicht eines Hauses [Lokalisierung unsicher]","Schweiz. Landschaftsmotiv mit Bauernhaus im lnnerschweizer Stil (mit Klebedächern), von Wiesland, Garten und Obstbäumen umgeben",,,Nein,,lcmt-nabi-pctmp_ead_zing_13299_pctmp.jpg,,1890-1936,,Schweizerische Nationalbibliothek,Rudolf Zinggeler,https://commons.wikimedia.org/entity/M163030195,"Schweiz, Teilaussenansicht eines Hauses","Schweiz. Landschaftsmotiv mit Bauernhaus im lnnerschweizer Stil (mit Klebedächern), von Wiesland, Garten und Obstbäumen umgeben",1890-1936,Rudolf Zinggeler,,Switzerland,,,,,0,False,0,,
"Donaueschingeng, Ortsteilansicht","Donaueschingen, Deutschland. Landschaft, Stadtbild. Flüsschen (die Brigach) mit architektonischer Steinbrücke (Leopoldsbrücke), dahinter eine Kirche mit zwei Türmen; an den Flussufern viel Baum- und Buschvegetation",47.9534194,8.4959257,Nein,Donaueschingen,lcmt-nabi-pctmp_ead_zing_13347_pctmp.jpg,,1890-1936,,Schweizerische Nationalbibliothek,Rudolf Zinggeler,https://commons.wikimedia.org/entity/M163032084,"Donaueschingen, Ortsteilansicht","Donaueschingen, Deutschland. Landschaft, Stadtbild. Flüsschen (die Brigach) mit architektonischer Steinbrücke (Leopoldsbrücke), dahinter eine Kirche mit zwei Türmen; an den Flussufern viel Baum- und Buschvegetation",1890-1936,,,Germany,Baden-Württemberg,Donaueschingen,47.95514,8.49707,3,True,0,0.21,https://www.openstreetmap.org/?mlat=47.95514&mlon=8.49707&zoom=14
"Donaueschingen, Donauquelle, Gesamtansicht","Donaueschingen, Deutschland. Landschaft, Vegetation, Architektur. Gewässer, an dessen Ufer vor einem Parkbäume und zwischen Büschen sich ein architektonisches Monument in Form eines Tempelchens erhebt, unter dem hervor eine Quelle quillt. Am Architrav die lnschrift: 'Danuvii caput exornavit' (Ein Denkmal gesetzt vom letzten deutschen Kaiser zum Gedenken an sich selber! 1900)",47.9534194,8.4959257,Nein,Donaueschingen,lcmt-nabi-pctmp_ead_zing_13348_pctmp.jpg,,1890-1936,,Schweizerische Nationalbibliothek,Rudolf Zinggeler,https://commons.wikimedia.org/entity/M163032147,"Donaueschingen, Donauquelle","Donaueschingen, Deutschland. Landschaft, Vegetation, Architektur. Gewässer, an dessen Ufer vor einem Parkbäume und zwischen Büschen sich ein architektonisches Monument in Form eines Tempelchens erhebt, unter dem hervor eine Quelle quillt. Am Architrav die lnschrift: 'Danuvii caput exornavit' (Ein Denkmal gesetzt vom letzten deutschen Kaiser zum Gedenken an sich selber! 1900)",1890-1936,,,Germany,Baden-Württemberg,Donaueschingen,47.9518381,8.5024899,4,False,1,0.52,https://www.openstreetmap.org/?mlat=47.9518381&mlon=8.5024899&zoom=14
"Konstanz, Ortsteilansicht","Konstanz, Deutschland. Flusslandschaft, Stadtbild",47.659216,9.1750718,Nein,Konstanz,lcmt-nabi-pctmp_ead_zing_13437_pctmp.jpg,,1890-1936,,Schweizerische Nationalbibliothek,Rudolf Zinggeler,https://commons.wikimedia.org/entity/M163051808,"Konstanz, Ortsteilansicht","Konstanz, Deutschland. Flusslandschaft, Stadtbild",1890-1936,Rudolf Zinggeler,,Germany,Baden-Württemberg,Konstanz,47.66033,9.17582,3,True,0,0.14,https://www.openstreetmap.org/?mlat=47.66033&mlon=9.17582&zoom=14
"Schweiz, Vierwaldstättersee, Stanserhorn und Bürgenstock","Vierwaldstättersee, Blick von Merlischachen (SZ) nach Südsüdwesten. Links (von vorne nach hinten): Landspitze von Hertenstein, Bürgenstock, Stanserhorn",,,Nein,,lcmt-nabi-pctmp_ead_zing_13439_pctmp.jpg,,1890-1936,,Schweizerische Nationalbibliothek,Rudolf Zinggeler,https://commons.wikimedia.org/entity/M163051873,"Vierwaldstättersee, Stanserhorn und Bürgenstock","Vierwaldstättersee, Blick von Merlischachen (SZ) nach Südsüdwesten. Links (von vorne nach hinten): Landspitze von Hertenstein, Bürgenstock, Stanserhorn",1890-1936,Rudolf Zinggeler,,Switzerland,Kanton Luzern,,46.9819,8.48,5,False,0,,https://www.openstreetmap.org/?mlat=46.9819&mlon=8.48&zoom=14
"Schweiz, Kirche, Teilaussenansicht [Lokalisierung unsicher]","Schweiz. Kirche. Teil-Aussenansicht. Kirchenäusseres mit Eingangsvorhalle seitlich von rechts gesehen; links hinten ein Turm-Anbau; Friedhofpartie, Weg. Aufnahme 1890-1936.",,,Nein,,lcmt-nabi-pctmp_ead_zing_13440_pctmp.jpg,,1890-1936,,Schweizerische Nationalbibliothek,Rudolf Zinggeler,https://commons.wikimedia.org/entity/M163051907,"Kirche, Teilaussenansicht","Schweiz. Kirche. Teil-Aussenansicht. Kirchenäusseres mit Eingangsvorhalle seitlich von rechts gesehen; links hinten ein Turm-Anbau; Friedhofpartie, Weg. Aufnahme 1890-1936.",1890-1936,Rudolf Zinggeler,,Switzerland,,,,,0,False,0,,
"Schweiz, Weibliche Person [Lokalisierung unsicher]","Schweiz. Landschaft. Strassenkreuzung mit Baum in der Mitte, um den herum, auf einer Ringbank, eine Anzahl alter Leute sitzen (lnsassen eines Altersheimes?), dahinter ansteigenes Wiesengelände. Aufnahme 1890-1936.",,,Nein,,lcmt-nabi-pctmp_ead_zing_13442_pctmp.jpg,,1890-1936,,Schweizerische Nationalbibliothek,Rudolf Zinggeler,https://commons.wikimedia.org/entity/M163051975,Weibliche Person,"Schweiz. Landschaft. Strassenkreuzung mit Baum in der Mitte, um den herum, auf einer Ringbank, eine Anzahl alter Leute sitzen (lnsassen eines Altersheimes?), dahinter ansteigenes Wiesengelände. Aufnahme 1890-1936.",1890-1936,Rudolf Zinggeler,,Switzerland,,,,,0,False,0,,
"Schweiz, Gebäude, Gesamtaussenansicht [Lokalisierung unsicher]",Schweiz. Landschaft. Freier Platz auf einer Anhöhe. lm Mittelgrund ein Restaurationsgebäude mit Anbau und ein Schopf. Aufnahme 1890-1936.,,,Nein,,lcmt-nabi-pctmp_ead_zing_13443_pctmp.jpg,,1890-1936,,Schweizerische Nationalbibliothek,Rudolf Zinggeler,https://commons.wikimedia.org/entity/M163052050,"Gebäude, Gesamtaussenansicht",Schweiz. Landschaft. Freier Platz auf einer Anhöhe. lm Mittelgrund ein Restaurationsgebäude mit Anbau und ein Schopf. Aufnahme 1890-1936.,1890-1936,Rudolf Zinggeler,,Switzerland,,,,,0,False,0,,
"Schweiz, Ortsteilansicht eines Dorfes [Lokalisierung unsicher]",Schweiz. Dorfbild. Motiv mit dem Dorfbach mit Wasserstand; Blick vom rechten Ufer hinüber nach der Kirche und deren Nachbarhäusern,,,Nein,,lcmt-nabi-pctmp_ead_zing_13445_pctmp.jpg,,1890-1936,,Schweizerische Nationalbibliothek,Rudolf Zinggeler,https://commons.wikimedia.org/entity/M163052300,Ortsteilansicht eines Dorfes,Schweiz. Dorfbild. Motiv mit dem Dorfbach mit Wasserstand; Blick vom rechten Ufer hinüber nach der Kirche und deren Nachbarhäusern,1890-1936,Rudolf Zinggeler,,Switzerland,,,,,0,False,0,,
"Schweiz, Landschaft [Lokalisierung unsicher]",Schweiz. Landschaft. Mondnacht über dem See,,,Nein,,lcmt-nabi-pctmp_ead_zing_13446_pctmp.jpg,,1890-1936,,Schweizerische Nationalbibliothek,Rudolf Zinggeler,https://commons.wikimedia.org/entity/M163052357,Landschaft,Schweiz. Landschaft. Mondnacht über dem See,1890-1936,Rudolf Zinggeler,,Switzerland,,,,,0,False,0,,
"Schweiz, Landschaft [Lokalisierung unsicher]",Schweiz. Landschaft mit Weiher. Am Ufer Laubbäume und Schilfzone; dahinter Wiesengelände ansteigend zu einer bewaldeten Anhöhe,,,Nein,,lcmt-nabi-pctmp_ead_zing_13447_pctmp.jpg,,1890-1936,,Schweizerische Nationalbibliothek,Rudolf Zinggeler,https://commons.wikimedia.org/entity/M163052383,Landschaft mit Weiher,Schweiz. Landschaft mit Weiher. Am Ufer Laubbäume und Schilfzone; dahinter Wiesengelände ansteigend zu einer bewaldeten Anhöhe,1890-1936,Rudolf Zinggeler,,Switzerland,,,,,0,False,0,,
"Schweiz, Landschaft [Lokalisierung unsicher]",Schweiz. Seelandschaft. Blick vom Ufer aus über den See hinweg; Aufnahme im Moment einer totalen Sonnenfinsternis? Eigenartiger Lichteffekt,,,Nein,,lcmt-nabi-pctmp_ead_zing_13448_pctmp.jpg,,1890-1936,,Schweizerische Nationalbibliothek,Rudolf Zinggeler,https://commons.wikimedia.org/entity/M163052423,Seelandschaft,Schweiz. Seelandschaft. Blick vom Ufer aus über den See hinweg; Aufnahme im Moment einer totalen Sonnenfinsternis? Eigenartiger Lichteffekt,1890-1936,Rudolf Zinggeler,,Switzerland,,,,,0,False,0,,
"Schweiz, Ortsteilansicht [Lokalisierung unsicher]",Schweiz. Landschaft. Strasse entlang dem eisernen Zaun eines privaten Parks zu Villa. lnnerhalb des Zauns ein Pförntner- und Gärtnerhaus in englischer Neugotik; auf der Strasse ein Automobil von ca. 1915,,,Nein,,lcmt-nabi-pctmp_ead_zing_13451_pctmp.jpg,,circa 1916,,Schweizerische Nationalbibliothek,Rudolf Zinggeler,https://commons.wikimedia.org/entity/M163052545,Ortsteilansicht,Schweiz. Landschaft. Strasse entlang dem eisernen Zaun eines privaten Parks zu Villa. lnnerhalb des Zauns ein Pförntner- und Gärtnerhaus in englischer Neugotik; auf der Strasse ein Automobil von ca. 1915,1916,Rudolf Zinggeler,,Switzerland,,,,,0,False,0,,
"Bignasco, Ortsteilansicht","Bignasco TI. Bauerntum. Teilansicht eines Speicher- und Stallgebäudes: Erdgeschoss mit offenem Unterstand, in welchem zwei alte Männer sich einer handwerklichen Arbeit widmen",46.3397342,8.6085558,Nein,Bignasco,lcmt-nabi-pctmp_ead_zing_13567_pctmp.jpg,Tessin,1932,,Schweizerische Nationalbibliothek,Rudolf Zinggeler,https://commons.wikimedia.org/entity/M163072813,"Bignasco, Ortsteilansicht","Bignasco TI. Bauerntum. Teilansicht eines Speicher- und Stallgebäudes: Erdgeschoss mit offenem Unterstand, in welchem zwei alte Männer sich einer handwerklichen Arbeit widmen",1932,Rudolf Zinggeler,,Switzerland,Cantone Ticino,Bignasco,46.33845,8.60816,3,True,0,0.15,https://www.openstreetmap.org/?mlat=46.33845&mlon=8.60816&zoom=14
"Schweiz, Landschaft [Lokalisierung unsicher]",Schweiz. Botanisches,,,Nein,,lcmt-nabi-pctmp_ead_zing_13569_pctmp.jpg,,1890-1936,,Schweizerische Nationalbibliothek,Rudolf Zinggeler,https://commons.wikimedia.org/entity/M163072972,Botanisches,Schweiz. Botanisches,1890-1936,Rudolf Zinggeler,,Switzerland,,,,,0,False,0,,
"Schweiz, Landschaft [Lokalisierung unsicher]",Schweiz. Botanisches,,,Nein,,lcmt-nabi-pctmp_ead_zing_13570_pctmp.jpg,,1890-1936,,Schweizerische Nationalbibliothek,Rudolf Zinggeler,https://commons.wikimedia.org/entity/M163073117,Botanisches,Schweiz. Botanisches,1890-1936,Rudolf Zinggeler,,Switzerland,,,,,0,False,0,,
"Schweiz, Landschaft [Lokalisierung unsicher]",Schweiz. Botanisches,,,Nein,,lcmt-nabi-pctmp_ead_zing_13571_pctmp.jpg,,1890-1936,,Schweizerische Nationalbibliothek,Rudolf Zinggeler,https://commons.wikimedia.org/entity/M163073228,Botanisches,Schweiz. Botanisches,1890-1936,Rudolf Zinggeler,,Switzerland,,,,,0,False,0,,
"Schweiz, Landschaft [Lokalisierung unsicher]",Schweiz. Botanisches,,,Nein,,lcmt-nabi-pctmp_ead_zing_13572_pctmp.jpg,,1890-1936,,Schweizerische Nationalbibliothek,Rudolf Zinggeler,https://commons.wikimedia.org/entity/M163073346,Botanisches,Schweiz. Botanisches,1890-1936,Rudolf Zinggeler,,Switzerland,,,,,0,False,0,,
"Schweiz, Landschaft [Lokalisierung unsicher]","Schweiz (im Küsnachter Tobel ?/b. Katzensee?). Landschaft, Vegetation. Stilles Grabengewässer inmitten üppiger, sommerlicher Rasen-, Baum- und Buschvegetation. Aufnahme 1890-1936.",,,Nein,,lcmt-nabi-pctmp_ead_zing_13573_pctmp.jpg,,1890-1936,,Schweizerische Nationalbibliothek,Rudolf Zinggeler,https://commons.wikimedia.org/entity/M163073469,Küsnachter Tobel bei Katzensee,"Schweiz (im Küsnachter Tobel ?/b. Katzensee?). Landschaft, Vegetation. Stilles Grabengewässer inmitten üppiger, sommerlicher Rasen-, Baum- und Buschvegetation. Aufnahme 1890-1936.",1890-1936,Rudolf Zinggeler,,Switzerland,Kanton Zürich,Küsnacht,,,0,False,0,,
"Schweiz, Landschaft [Lokalisierung unsicher]","Schweiz (im Küsnachter Tobel ?/b. Katzensee?). Landschaft, Vegetation. Stilles Grabengewässer inmitten üppiger, sommerlicher Rasen-, Baum- und Buschvegetation (zu Bild Nr. 13573). Aufnahme 1890-1936.",,,Nein,,lcmt-nabi-pctmp_ead_zing_13574_pctmp.jpg,,1890-1936,,Schweizerische Nationalbibliothek,Rudolf Zinggeler,https://commons.wikimedia.org/entity/M163073663,Küsnachter Tobel bei Katzensee,"Schweiz (im Küsnachter Tobel ?/b. Katzensee?). Landschaft, Vegetation. Stilles Grabengewässer inmitten üppiger, sommerlicher Rasen-, Baum- und Buschvegetation (zu Bild Nr. 13573). Aufnahme 1890-1936.",1890-1936,Rudolf Zinggeler,,Switzerland,Kanton Zürich,Küsnacht,,,0,False,0,,
"Schweiz, Landschaft [Lokalisierung unsicher]","Schweiz. Landschaft, Vegetation. Blick durch eine Geländepartie von grabenartiger Formation, in waldiger Umgebung: links eine Felswand, an und auf welcher Nadel- und Laubbäume stehen, rechts ein Steilhang mit Buschwerk überwachsen; hinten zwei Bergzacken",,,Nein,,lcmt-nabi-pctmp_ead_zing_13575_pctmp.jpg,,1890-1936,,Schweizerische Nationalbibliothek,Rudolf Zinggeler,https://commons.wikimedia.org/entity/M163073749,Landschaft mit Felswand und Bergzacken,"Schweiz. Landschaft, Vegetation. Blick durch eine Geländepartie von grabenartiger Formation, in waldiger Umgebung: links eine Felswand, an und auf welcher Nadel- und Laubbäume stehen, rechts ein Steilhang mit Buschwerk überwachsen; hinten zwei Bergzacken",1890-1936,Rudolf Zinggeler,,Switzerland,,,,,0,False,0,,
"Schweiz, Landschaft [Lokalisierung unsicher]","Schweiz. Landschaft, Vegetation",,,Nein,,lcmt-nabi-pctmp_ead_zing_13576_pctmp.jpg,,1890-1936,,Schweizerische Nationalbibliothek,Rudolf Zinggeler,https://commons.wikimedia.org/entity/M163073821,"Landschaft, Vegetation","Schweiz. Landschaft, Vegetation",1890-1936,Rudolf Zinggeler,,Switzerland,,,,,0,False,0,,
"Porträt, Männliche Person und weibliche Person, Mergoscia","Mergoscia TI. Mensch, Arbeit. Älteres kleinbäuerliches Ehepaar mit Tragbürden am Wegrand ruhend, auf dem Heimwege",46.2106544,8.8471958,Nein,Mergoscia,lcmt-nabi-pctmp_ead_zing_13577_pctmp.jpg,Tessin,1890-1936,,Schweizerische Nationalbibliothek,Rudolf Zinggeler,https://commons.wikimedia.org/entity/M163073892,"Porträt, Männliche und weibliche Person","Mergoscia TI. Mensch, Arbeit. Älteres kleinbäuerliches Ehepaar mit Tragbürden am Wegrand ruhend, auf dem Heimwege",1890-1936,Rudolf Zinggeler,,Switzerland,Cantone Ticino,Mergoscia,46.21061,8.84777,3,True,0,0.04,https://www.openstreetmap.org/?mlat=46.21061&mlon=8.84777&zoom=14
"Orselina, Ortsteilansicht","Orselina TI. Dorfbild. Weg unter einer Pergola, Garten, Häuser, Vorfrühlingsstimmung.",46.1778147,8.7956508,Nein,Orselina,lcmt-nabi-pctmp_ead_zing_13579_pctmp.jpg,Tessin,1890-1936,,Schweizerische Nationalbibliothek,Rudolf Zinggeler,https://commons.wikimedia.org/entity/M163074122,"Orselina, Ortsteilansicht","Orselina TI. Dorfbild. Weg unter einer Pergola, Garten, Häuser, Vorfrühlingsstimmung.",1890-1936,Rudolf Zinggeler,,Switzerland,Cantone Ticino,Orselina,46.18013,8.79979,3,True,0,0.41,https://www.openstreetmap.org/?mlat=46.18013&mlon=8.79979&zoom=14
"Orselina, Landschaft","Orselina TI. Landschaftsmotiv mit Felswand, Gemäuer, Wasserstrahl, Wäscherinnen an Wassertümpel in der Nähe von Madonna del Sasso",46.1778147,8.7956508,Nein,Orselina,lcmt-nabi-pctmp_ead_zing_13581_pctmp.jpg,Tessin,1890-1936,,Schweizerische Nationalbibliothek,Rudolf Zinggeler,https://commons.wikimedia.org/entity/M163074585,"Orselina, Landschaft","Orselina TI. Landschaftsmotiv mit Felswand, Gemäuer, Wasserstrahl, Wäscherinnen an Wassertümpel in der Nähe von Madonna del Sasso",1890-1936,Rudolf Zinggeler,,Switzerland,Cantone Ticino,Orselina,46.18013,8.79979,3,True,0,0.41,https://www.openstreetmap.org/?mlat=46.18013&mlon=8.79979&zoom=14
"Losone, Landschaft",Losone TI. Landschaftsmotiv mit Bach und alter Mauerbrücke in dünnem Laubgehölz; Vorfrühlingsstimmung; Blick bachaufwärts gegen die Dorfkirche.,46.1679841,8.7633619,Nein,Losone,lcmt-nabi-pctmp_ead_zing_13583_pctmp.jpg,Tessin,1890-1936,,Schweizerische Nationalbibliothek,Rudolf Zinggeler,https://commons.wikimedia.org/entity/M163074970,"Losone, Landschaft",Losone TI. Landschaftsmotiv mit Bach und alter Mauerbrücke in dünnem Laubgehölz; Vorfrühlingsstimmung; Blick bachaufwärts gegen die Dorfkirche.,1890-1936,Rudolf Zinggeler,,Switzerland,Cantone Ticino,Losone,46.16866,8.75928,3,True,0,0.32,https://www.openstreetmap.org/?mlat=46.16866&mlon=8.75928&zoom=14
"Locarno, Ortsteilansicht",Locarno TI. Stadtbild. Marktszene auf der Piazza Grande.,46.1695739,8.7954859,Nein,Locarno,lcmt-nabi-pctmp_ead_zing_13585_pctmp.jpg,Tessin,circa 1900,,Schweizerische Nationalbibliothek,Rudolf Zinggeler,https://commons.wikimedia.org/entity/M163075293,"Locarno, Ortsteilansicht",Locarno TI. Stadtbild. Marktszene auf der Piazza Grande.,1900,Rudolf Zinggeler,,Switzerland,Cantone Ticino,Locarno,46.1692181,8.7949702,4,False,1,0.06,https://www.openstreetmap.org/?mlat=46.1692181&mlon=8.7949702&zoom=14
"Locarno, Ortsteilansicht",Locarno TI. Stadtbild. Marktleben auf der Piazza del Mercato.,46.1695739,8.7954859,Nein,Locarno,lcmt-nabi-pctmp_ead_zing_13587_pctmp.jpg,Tessin,circa 1900,,Schweizerische Nationalbibliothek,Rudolf Zinggeler,https://commons.wikimedia.org/entity/M163075633,"Locarno, Ortsteilansicht",Locarno TI. Stadtbild. Marktleben auf der Piazza del Mercato.,1900,Rudolf Zinggeler,,Switzerland,Cantone Ticino,Locarno,46.17086,8.79953,3,True,0,0.34,https://www.openstreetmap.org/?mlat=46.17086&mlon=8.79953&zoom=14
"Isole di Brissago, Landschaft",Brissago TI. Landschaftsmotiv (auf der Brissago lnsel) mit Parkanlagen am Seeufer. Subtropische und andere Baumvegetation; Blick über einen Spazierweg nach dem See in südwestlicher Richtung,45.9485671,8.7472331,Nein,Brissago,lcmt-nabi-pctmp_ead_zing_13589_pctmp.jpg,Tessin,circa 1900,,Schweizerische Nationalbibliothek,Rudolf Zinggeler,https://commons.wikimedia.org/entity/M163075941,"Isole di Brissago, Landschaft",Brissago TI. Landschaftsmotiv (auf der Brissago lnsel) mit Parkanlagen am Seeufer. Subtropische und andere Baumvegetation; Blick über einen Spazierweg nach dem See in südwestlicher Richtung,1900,Rudolf Zinggeler,,Switzerland,Cantone Ticino,Brissago,46.13228,8.73545,5,False,0,20.45,https://www.openstreetmap.org/?mlat=46.13228&mlon=8.73545&zoom=14
"Brissago, Landschaft","Brissago TI. Landschaft, Vegetation. Motiv mit subtropischen Pflanzen auf der Brissago lnsel. Blick in westlicher Richtung gegen Brissago Dorf. Aufnahme um 1900?.",45.9485671,8.7472331,Nein,Brissago,lcmt-nabi-pctmp_ead_zing_13591_pctmp.jpg,Tessin,1890-1936,,Schweizerische Nationalbibliothek,Rudolf Zinggeler,https://commons.wikimedia.org/entity/M163076308,"Brissago, Landschaft","Brissago TI. Landschaft, Vegetation. Motiv mit subtropischen Pflanzen auf der Brissago lnsel. Blick in westlicher Richtung gegen Brissago Dorf. Aufnahme um 1900?.",1890-1936,Rudolf Zinggeler,,Switzerland,Cantone Ticino,Brissago,46.13228,8.73545,5,False,0,20.45,https://www.openstreetmap.org/?mlat=46.13228&mlon=8.73545&zoom=14
"Locarno, Ortsteilansicht",Locarno TI. Marktleben. Szene auf dem Schweinemarkt; Bauernvolk mit Ferkelkörben.,46.1695739,8.7954859,Nein,Locarno,lcmt-nabi-pctmp_ead_zing_13593_pctmp.jpg,Tessin,circa 1900,,Schweizerische Nationalbibliothek,Rudolf Zinggeler,https://commons.wikimedia.org/entity/M163076664,"Locarno, Ortsteilansicht",Locarno TI. Marktleben. Szene auf dem Schweinemarkt; Bauernvolk mit Ferkelkörben.,1900,Rudolf Zinggeler,,Switzerland,Cantone Ticino,Locarno,46.17086,8.79953,3,True,0,0.34,https://www.openstreetmap.org/?mlat=46.17086&mlon=8.79953&zoom=14
"Locarno, Ortsteilansicht",Locarno TI. Marktleben. Szene auf dem Schweinemarkt; Bauern und Schweinehändler um Ferkelkörbe herumstehend.,46.1695739,8.7954859,Nein,Locarno,lcmt-nabi-pctmp_ead_zing_13595_pctmp.jpg,Tessin,circa 1900,,Schweizerische Nationalbibliothek,Rudolf Zinggeler,https://commons.wikimedia.org/entity/M163076849,"Locarno, Ortsteilansicht",Locarno TI. Marktleben. Szene auf dem Schweinemarkt; Bauern und Schweinehändler um Ferkelkörbe herumstehend.,1900,Rudolf Zinggeler,,Switzerland,Cantone Ticino,Locarno,46.17086,8.79953,3,True,0,0.34,https://www.openstreetmap.org/?mlat=46.17086&mlon=8.79953&zoom=14
"Locarno, Ortsteilansicht",Locarno TI. Stadtbild. Marktleben auf der Piazza del Mercato.,46.1695739,8.7954859,Nein,Locarno,lcmt-nabi-pctmp_ead_zing_13597_pctmp.jpg,Tessin,circa 1900,,Schweizerische Nationalbibliothek,Rudolf Zinggeler,https://commons.wikimedia.org/entity/M163077052,"Locarno, Ortsteilansicht",Locarno TI. Stadtbild. Marktleben auf der Piazza del Mercato.,1900,Rudolf Zinggeler,,Switzerland,Cantone Ticino,Locarno,46.17086,8.79953,3,True,0,0.34,https://www.openstreetmap.org/?mlat=46.17086&mlon=8.79953&zoom=14
"Locarno, Ortsteilansicht",Locarno TI. Stadtbild. Marktleben auf dem Marktplatz.,46.1695739,8.7954859,Nein,Locarno,lcmt-nabi-pctmp_ead_zing_13599_pctmp.jpg,Tessin,circa 1900,,Schweizerische Nationalbibliothek,Rudolf Zinggeler,https://commons.wikimedia.org/entity/M163077213,"Locarno, Ortsteilansicht",Locarno TI. Stadtbild. Marktleben auf dem Marktplatz.,1900,Rudolf Zinggeler,,Switzerland,Cantone Ticino,Locarno,46.17086,8.79953,3,True,0,0.34,https://www.openstreetmap.org/?mlat=46.17086&mlon=8.79953&zoom=14
"Locarno, Ortsteilansicht",Locarno TI. Stadtbild. Marktleben auf der piazza del Mercato.,46.1695739,8.7954859,Nein,Locarno,lcmt-nabi-pctmp_ead_zing_13601_pctmp.jpg,Tessin,circa 1900,,Schweizerische Nationalbibliothek,Rudolf Zinggeler,https://commons.wikimedia.org/entity/M163077412,"Locarno, Ortsteilansicht",Locarno TI. Stadtbild. Marktleben auf der piazza del Mercato.,1900,Rudolf Zinggeler,,Switzerland,Cantone Ticino,Locarno,46.17086,8.79953,3,True,0,0.34,https://www.openstreetmap.org/?mlat=46.17086&mlon=8.79953&zoom=14
"Locarno, Teilinnenansicht einer Schmiede",Locarno TI. Handwerk. Schmiedewerkstatt; Teil-lnnenansicht; Blick in den Teil mit dem mechanischen Hammer,46.1695739,8.7954859,Nein,Locarno,lcmt-nabi-pctmp_ead_zing_13603_pctmp.jpg,Tessin,circa 1900,,Schweizerische Nationalbibliothek,Rudolf Zinggeler,https://commons.wikimedia.org/entity/M163077636,"Locarno, Schmiedewerkstatt",Locarno TI. Handwerk. Schmiedewerkstatt; Teil-lnnenansicht; Blick in den Teil mit dem mechanischen Hammer,1900,Rudolf Zinggeler,,Switzerland,Cantone Ticino,Locarno,46.17086,8.79953,3,True,0,0.34,https://www.openstreetmap.org/?mlat=46.17086&mlon=8.79953&zoom=14
"Locarno, Ortsteilansicht",Locarno TI. Marktwesen. Szene mit Schweinen am Rande des Schweinemarktes am Ansatz des Maggiadeltas.,46.1695739,8.7954859,Nein,Locarno,lcmt-nabi-pctmp_ead_zing_13605_pctmp.jpg,Tessin,circa 1900,,Schweizerische Nationalbibliothek,Rudolf Zinggeler,https://commons.wikimedia.org/entity/M163077814,"Locarno, Ortsteilansicht",Locarno TI. Marktwesen. Szene mit Schweinen am Rande des Schweinemarktes am Ansatz des Maggiadeltas.,1900,Rudolf Zinggeler,,Switzerland,Cantone Ticino,Locarno,46.17086,8.79953,3,True,0,0.34,https://www.openstreetmap.org/?mlat=46.17086&mlon=8.79953&zoom=14
"Porträt, Männliche Person, Ascona","Ascona TI. Mensch, Arbeit. Der Totengräber von Ascona an der Stätte seines Wirkens, bei einer kurzen Arbeitspause, auf einem Mauerabsatz sitzend",46.1554222,8.7707865,Nein,Ascona,lcmt-nabi-pctmp_ead_zing_13607_pctmp.jpg,Tessin,1890-1936,,Schweizerische Nationalbibliothek,Rudolf Zinggeler,https://commons.wikimedia.org/entity/M163077984,"Porträt, Männliche Person, Ascona","Ascona TI. Mensch, Arbeit. Der Totengräber von Ascona an der Stätte seines Wirkens, bei einer kurzen Arbeitspause, auf einem Mauerabsatz sitzend",1890-1936,Rudolf Zinggeler,,Switzerland,Cantone Ticino,Ascona,46.15451,8.77327,3,True,0,0.22,https://www.openstreetmap.org/?mlat=46.15451&mlon=8.77327&zoom=14
"Locarno, Tiere","Locarno TI. Tierleben. Ein braver Esel, der Transportaufgaben zu lösen hat.",46.1695739,8.7954859,Nein,Locarno,lcmt-nabi-pctmp_ead_zing_13609_pctmp.jpg,Tessin,circa 1900,,Schweizerische Nationalbibliothek,Rudolf Zinggeler,https://commons.wikimedia.org/entity/M163078129,"Locarno, Tiere","Locarno TI. Tierleben. Ein braver Esel, der Transportaufgaben zu lösen hat.",1900,Rudolf Zinggeler,,Switzerland,Cantone Ticino,Locarno,46.17086,8.79953,3,True,0,0.34,https://www.openstreetmap.org/?mlat=46.17086&mlon=8.79953&zoom=14
"Vira, Mulino, Teilansicht","Vira (Gambarogno) TI. Landschaft, Dorfbild. Alte Mühle; zweiteiliges, altes gemauertes Bauwerk, an Steilhang stufenweise angelegt. Aufnahme 1890-1936.",46.1438542,8.8418863,Nein,Vira (Gambarogno),lcmt-nabi-pctmp_ead_zing_13613_pctmp.jpg,Tessin,1890-1936,,Schweizerische Nationalbibliothek,Rudolf Zinggeler,https://commons.wikimedia.org/entity/M163078251,"Vira, Mulino","Vira (Gambarogno) TI. Landschaft, Dorfbild. Alte Mühle; zweiteiliges, altes gemauertes Bauwerk, an Steilhang stufenweise angelegt. Aufnahme 1890-1936.",1890-1936,Rudolf Zinggeler,,Switzerland,Cantone Ticino,Vira (Gambarogno),46.14327,8.84202,3,True,0,0.07,https://www.openstreetmap.org/?mlat=46.14327&mlon=8.84202&zoom=14
"Porträt, Weibliche Person und Kind, Brione sopra Minusio","Brione sopra Minusio TI. Mensch, Arbeit, Behausung. Grossmutter, Mutter und Kind vor dem Hause auf der gemauerten Freitreppe ihres alten Bauernhauses",46.1832076,8.8132035,Nein,Brione sopra Minusio,lcmt-nabi-pctmp_ead_zing_13617_pctmp.jpg,Tessin,1890-1936,,Schweizerische Nationalbibliothek,Rudolf Zinggeler,https://commons.wikimedia.org/entity/M163078412,"Porträt, Weibliche Person und Kind, Brione sopra Minusio","Brione sopra Minusio TI. Mensch, Arbeit, Behausung. Grossmutter, Mutter und Kind vor dem Hause auf der gemauerten Freitreppe ihres alten Bauernhauses",1890-1936,Rudolf Zinggeler,,Switzerland,Cantone Ticino,Brione sopra Minusio,46.18417,8.81421,3,True,0,0.13,https://www.openstreetmap.org/?mlat=46.18417&mlon=8.81421&zoom=14
"Porträt, Weibliche Person und Kind, Brione sopra Minusio","Brione sopra Minusio TI. Strassen-, Dorfbild. Junge Bäuerin mit drei Kindern unterwegs auf der Hauptstrasse",46.1832076,8.8132035,Nein,Brione sopra Minusio,lcmt-nabi-pctmp_ead_zing_13619_pctmp.jpg,Tessin,1890-1936,,Schweizerische Nationalbibliothek,Rudolf Zinggeler,https://commons.wikimedia.org/entity/M163078472,"Porträt, Weibliche Person und Kind, Brione sopra Minusio","Brione sopra Minusio TI. Strassen-, Dorfbild. Junge Bäuerin mit drei Kindern unterwegs auf der Hauptstrasse",1890-1936,Rudolf Zinggeler,,Switzerland,Cantone Ticino,Brione sopra Minusio,46.18417,8.81421,3,True,0,0.13,https://www.openstreetmap.org/?mlat=46.18417&mlon=8.81421&zoom=14
"Locarno, Landschaft",Locarno TI. Landschaft mit stehendem Gewässer und kahlen Laubbäumen im Maggiadelta.,46.1695739,8.7954859,Nein,Locarno,lcmt-nabi-pctmp_ead_zing_13621_pctmp.jpg,Tessin,1890-1936,,Schweizerische Nationalbibliothek,Rudolf Zinggeler,https://commons.wikimedia.org/entity/M163078539,"Locarno, Landschaft",Locarno TI. Landschaft mit stehendem Gewässer und kahlen Laubbäumen im Maggiadelta.,1890-1936,Rudolf Zinggeler,,Switzerland,Cantone Ticino,Locarno,46.17086,8.79953,3,True,0,0.34,https://www.openstreetmap.org/?mlat=46.17086&mlon=8.79953&zoom=14
"Magadino, Landschaft",Magadino TI. Landschaft mit stehendem Gewässer in kahlem Laubgehölz; im Tessindelta.,46.1474272,8.8559472,Nein,Magadino,lcmt-nabi-pctmp_ead_zing_13623_pctmp.jpg,Tessin,1890-1936,,Schweizerische Nationalbibliothek,Rudolf Zinggeler,https://commons.wikimedia.org/entity/M163078615,"Magadino, Landschaft",Magadino TI. Landschaft mit stehendem Gewässer in kahlem Laubgehölz; im Tessindelta.,1890-1936,Rudolf Zinggeler,,Switzerland,Cantone Ticino,Magadino,46.14892,8.8561,3,True,0,0.17,https://www.openstreetmap.org/?mlat=46.14892&mlon=8.8561&zoom=14
"Schweiz, Landschaft [Lokalisierung unsicher]",Schweiz. Militär. Manöver: Schützenlinie einer Gefechtsübung an einer Halde,,,Nein,,lcmt-nabi-pctmp_ead_zing_13625_pctmp.jpg,,1890-1936,,Schweizerische Nationalbibliothek,Rudolf Zinggeler,https://commons.wikimedia.org/entity/M163078671,"Schweiz, Landschaft [Lokalisierung unsicher]",Schweiz. Militär. Manöver: Schützenlinie einer Gefechtsübung an einer Halde,1890-1936,Rudolf Zinggeler,,Switzerland,,,,,0,False,0,,
"Schweiz, Landschaft [Lokalisierung unsicher]",Schweiz. Militär. Eine Gruppe Guiden in Gefechtsstellung am Maschinengewehr,,,Nein,,lcmt-nabi-pctmp_ead_zing_13626_pctmp.jpg,,1890-1936,,Schweizerische Nationalbibliothek,Rudolf Zinggeler,https://commons.wikimedia.org/entity/M163078734,"Schweiz, Landschaft [Lokalisierung unsicher]",Schweiz. Militär. Eine Gruppe Guiden in Gefechtsstellung am Maschinengewehr,1890-1936,Rudolf Zinggeler,,Switzerland,,,,,0,False,0,,
"Schweiz, Landschaft [Lokalisierung unsicher]","Schweiz. Militär. Manöver. Drei hohe Herren in Zivil, hoch zu Ross auf einem Wiesengelände; verfolgen den Verlauf einer Gefechtsübung (Bundesräte?)",,,Nein,,lcmt-nabi-pctmp_ead_zing_13627_pctmp.jpg,,1890-1936,,Schweizerische Nationalbibliothek,Rudolf Zinggeler,https://commons.wikimedia.org/entity/M163078795,"Schweiz, Landschaft [Lokalisierung unsicher]","Schweiz. Militär. Manöver. Drei hohe Herren in Zivil, hoch zu Ross auf einem Wiesengelände; verfolgen den Verlauf einer Gefechtsübung (Bundesräte?)",1890-1936,Rudolf Zinggeler,,Switzerland,,,,,0,False,0,,
"Schweiz, Landschaft [Lokalisierung unsicher]","Schweiz. Militär. Manöver. Wiesengelände, auf dem sich einige Geschütze (Kanonen, Haubitzen?) mit Pferdegespann und Soldaten bewegen",,,Nein,,lcmt-nabi-pctmp_ead_zing_13628_pctmp.jpg,,1890-1936,,Schweizerische Nationalbibliothek,Rudolf Zinggeler,https://commons.wikimedia.org/entity/M163078869,"Schweiz, Landschaft [Lokalisierung unsicher]","Schweiz. Militär. Manöver. Wiesengelände, auf dem sich einige Geschütze (Kanonen, Haubitzen?) mit Pferdegespann und Soldaten bewegen",1890-1936,Rudolf Zinggeler,,Switzerland,,,,,0,False,0,,
"Schweiz, Landschaft [Lokalisierung unsicher]","Schweiz. Militär. Manöver. Ein Geschütz in Stellung, Gruppe von Soldaten auf einem Wiesengelände",,,Nein,,lcmt-nabi-pctmp_ead_zing_13629_pctmp.jpg,,1890-1936,,Schweizerische Nationalbibliothek,Rudolf Zinggeler,https://commons.wikimedia.org/entity/M163162456,"Schweiz, Landschaft [Lokalisierung unsicher]","Schweiz. Militär. Manöver. Ein Geschütz in Stellung, Gruppe von Soldaten auf einem Wiesengelände",1890-1936,Rudolf Zinggeler,,Switzerland,,,,,0,False,0,,
"Schweiz, Landschaft [Lokalisierung unsicher]","Schweiz. Militär. Manöver. Einige Reitpferde und Guiden am Rande eines Laubgehölzes, ausser Gefecht",,,Nein,,lcmt-nabi-pctmp_ead_zing_13630_pctmp.jpg,,1890-1936,,Schweizerische Nationalbibliothek,Rudolf Zinggeler,https://commons.wikimedia.org/entity/M163162437,"Schweiz, Landschaft [Lokalisierung unsicher]","Schweiz. Militär. Manöver. Einige Reitpferde und Guiden am Rande eines Laubgehölzes, ausser Gefecht",1890-1936,Rudolf Zinggeler,,Switzerland,,,,,0,False,0,,
"Schweiz, Landschaft [Lokalisierung unsicher]",Schweiz. Militär. Manöver. Artillerie-Fahrzeug und -pferde unterwegs auf einem Wiesengelände,,,Nein,,lcmt-nabi-pctmp_ead_zing_13631_pctmp.jpg,,1890-1936,,Schweizerische Nationalbibliothek,Rudolf Zinggeler,https://commons.wikimedia.org/entity/M163162416,"Schweiz, Landschaft [Lokalisierung unsicher]",Schweiz. Militär. Manöver. Artillerie-Fahrzeug und -pferde unterwegs auf einem Wiesengelände,1890-1936,Rudolf Zinggeler,,Switzerland,,,,,0,False,0,,
"Schweiz, Landschaft [Lokalisierung unsicher]",Schweiz. Militär. Manöver. Die Pferde einer Guiden-Abteilung am Rande eines Laubgehölzes auf Wiesengelände (Marschhalt?),,,Nein,,lcmt-nabi-pctmp_ead_zing_13632_pctmp.jpg,,1890-1936,,Schweizerische Nationalbibliothek,Rudolf Zinggeler,https://commons.wikimedia.org/entity/M163162400,"Schweiz, Landschaft [Lokalisierung unsicher]",Schweiz. Militär. Manöver. Die Pferde einer Guiden-Abteilung am Rande eines Laubgehölzes auf Wiesengelände (Marschhalt?),1890-1936,Rudolf Zinggeler,,Switzerland,,,,,0,False,0,,
"Schweiz, Ortsteilansicht [Lokalisierung unsicher]",Schweiz. Militär. Manöver. Eine Kompanie Soldaten auf einem Bauernhof,,,Nein,,lcmt-nabi-pctmp_ead_zing_13633_pctmp.jpg,,1890-1936,,Schweizerische Nationalbibliothek,Rudolf Zinggeler,https://commons.wikimedia.org/entity/M163162383,"Schweiz, Landschaft [Lokalisierung unsicher]",Schweiz. Militär. Manöver. Eine Kompanie Soldaten auf einem Bauernhof,1890-1936,Rudolf Zinggeler,,Switzerland,,,,,0,False,0,,
"Schweiz, Landschaft [Lokalisierung unsicher]","Schweiz. Militär. Manöver. Weites Wiesengelände mit vielen Pferden, Soldaten, Zivilisten: Schlachtenbummlern",,,Nein,,lcmt-nabi-pctmp_ead_zing_13634_pctmp.jpg,,1890-1936,,Schweizerische Nationalbibliothek,Rudolf Zinggeler,https://commons.wikimedia.org/entity/M163162364,"Schweiz, Landschaft [Lokalisierung unsicher]","Schweiz. Militär. Manöver. Weites Wiesengelände mit vielen Pferden, Soldaten, Zivilisten: Schlachtenbummlern",1890-1936,Rudolf Zinggeler,,Switzerland,,,,,0,False,0,,
"Schweiz, Landschaft [Lokalisierung unsicher]",Schweiz. Militär. Manöver. Grosse Menschenmasse: Offiziere und Zivilisten durcheinander auf einer Wiesenhalde (bei Manöverkritik?),,,Nein,,lcmt-nabi-pctmp_ead_zing_13635_pctmp.jpg,,1890-1936,,Schweizerische Nationalbibliothek,Rudolf Zinggeler,https://commons.wikimedia.org/entity/M163162349,"Schweiz, Landschaft [Lokalisierung unsicher]",Schweiz. Militär. Manöver. Grosse Menschenmasse: Offiziere und Zivilisten durcheinander auf einer Wiesenhalde (bei Manöverkritik?),1890-1936,Rudolf Zinggeler,,Switzerland,,,,,0,False,0,,
"Italia, Monte Spluga, Ortsteilansicht","Splügen GR. Landschaft, Siedlung. Häusergruppe vor einer Szenerie schneebedeckter, blendender Berge: Splügenpass",46.2257202,9.560271,Nein,Monte Spluga,lcmt-nabi-pctmp_ead_zing_13638_pctmp.jpg,,circa 1920,,Schweizerische Nationalbibliothek,Rudolf Zinggeler,https://commons.wikimedia.org/entity/M163162282,"Italia, Monte Spluga, Ortsteilansicht","Splügen GR. Landschaft, Siedlung. Häusergruppe vor einer Szenerie schneebedeckter, blendender Berge: Splügenpass",1920,Rudolf Zinggeler,,Italy,Lombardia,Monte Spluga,46.20011,9.55988,5,False,0,2.85,https://www.openstreetmap.org/?mlat=46.20011&mlon=9.55988&zoom=14
"Italia, Montespluga, Ortsteilansicht","Splügen GR. Landschaft, Siedlung, Dorfbild. Häuserreihe und Vorplatz, Strasse am Splügenberg, italienische Seite: Monte Spluga, beim italienischen Zollgebäude.",46.4892372,9.3365387,Nein,Montespluga,lcmt-nabi-pctmp_ead_zing_13639_pctmp.jpg,,circa 1920,,Schweizerische Nationalbibliothek,Rudolf Zinggeler,https://commons.wikimedia.org/entity/M163162252,"Italia, Montespluga, Ortsteilansicht","Splügen GR. Landschaft, Siedlung, Dorfbild. Häuserreihe und Vorplatz, Strasse am Splügenberg, italienische Seite: Monte Spluga, beim italienischen Zollgebäude.",1920,Rudolf Zinggeler,,Italy,Lombardia,Montespluga,46.4828667,9.3055962,4,False,1,2.47,https://www.openstreetmap.org/?mlat=46.4828667&mlon=9.3055962&zoom=14
"Splügenpass, Ortsteilansicht",Splügen GR. Landschaft im Tourengebiet von Splügen: italienisches Grenzwächterhaus auf Splügenberg/Splügenpass mit zwei bewaffneten Carabinieri,,,Nein,Splügenpass,lcmt-nabi-pctmp_ead_zing_13643_pctmp.jpg,,circa 1920,,Schweizerische Nationalbibliothek,Rudolf Zinggeler,https://commons.wikimedia.org/entity/M163162101,"Splügenpass, Ortsteilansicht",Splügen GR. Landschaft im Tourengebiet von Splügen: italienisches Grenzwächterhaus auf Splügenberg/Splügenpass mit zwei bewaffneten Carabinieri,1920,Rudolf Zinggeler,,Switzerland,Kanton Graubünden,Splügen,46.5054,9.3304,5,False,0,,https://www.openstreetmap.org/?mlat=46.5054&mlon=9.3304&zoom=14
Obere Surselva und Val Medel,"Blick vom Piz Muraun nach Westen Richtung Oberalppass, Dammagletscher und Finsteraarhorn. Unter der Mitte Val Medel; links: Piz Gannaretsch",,,Nein,Val Medel,lcmt-nabi-pctmp_ead_zing_13772_pctmp.jpg,,circa 1890 1936,,Schweizerische Nationalbibliothek,Rudolf Zinggeler,https://commons.wikimedia.org/entity/M163159349,Obere Surselva und Val Medel,"Blick vom Piz Muraun nach Westen Richtung Oberalppass, Dammagletscher und Finsteraarhorn. Unter der Mitte Val Medel; links: Piz Gannaretsch",1890-1936,Rudolf Zinggeler,,Switzerland,Kanton Graubünden,Val Medel,46.67206,8.90614,5,False,0,,https://www.openstreetmap.org/?mlat=46.67206&mlon=8.90614&zoom=14
"St. Moritz Bad, Landschaft",Flugzeug auf dem St. Moritzersee. Im Hintergrund St. Moritz Bad. Aufnahme 1890-1936.,,,Nein,St. Moritz,lcmt-nabi-pctmp_ead_zing_14005_pctmp.jpg,,1890-1936,,Schweizerische Nationalbibliothek,Rudolf Zinggeler,https://commons.wikimedia.org/entity/M163155378,"St. Moritz Bad, Landschaft",Flugzeug auf dem St. Moritzersee. Im Hintergrund St. Moritz Bad. Aufnahme 1890-1936.,1890-1936,Rudolf Zinggeler,,Switzerland,Kanton Graubünden,St. Moritz,46.4938,9.84591,5,False,0,,https://www.openstreetmap.org/?mlat=46.4938&mlon=9.84591&zoom=14
"Locarno, Ortsteilansicht",Locarno TI. Stadtbild. Der Marktplatz mit einem Teil seiner Häuser mit Arkaden und Kolonnaden; vorn eine grosse Wasserlache.,46.1695739,8.7954859,Nein,Locarno,lcmt-nabi-pctmp_ead_zing_14087_pctmp.jpg,Tessin,circa 1900,,Schweizerische Nationalbibliothek,Rudolf Zinggeler,https://commons.wikimedia.org/entity/M163154042,"Locarno, Ortsteilansicht",Locarno TI. Stadtbild. Der Marktplatz mit einem Teil seiner Häuser mit Arkaden und Kolonnaden; vorn eine grosse Wasserlache.,1900,Rudolf Zinggeler,,Switzerland,Cantone Ticino,Locarno,46.17086,8.79953,3,True,0,0.34,https://www.openstreetmap.org/?mlat=46.17086&mlon=8.79953&zoom=14
"Schweiz, Landschaft [Lokalisierung unsicher]",Schweiz. Hochgebirgslandschaft. Weites Schneefeld im Vordergrund; einige Erhebungen von ca. 3000 m,,,Nein,,lcmt-nabi-pctmp_ead_zing_14118_pctmp.jpg,,1890-1936,,Schweizerische Nationalbibliothek,Rudolf Zinggeler,https://commons.wikimedia.org/entity/M163153687,"Schweiz, Landschaft [Lokalisierung unsicher]",Schweiz. Hochgebirgslandschaft. Weites Schneefeld im Vordergrund; einige Erhebungen von ca. 3000 m,1890-1936,Rudolf Zinggeler,,Switzerland,,,,,0,False,0,,
Thunersee und Stockhornkette,Thunersee mit Blick nach Westen auf die Stockhornkette. Links Anstieg zum Niesen,,,Nein,,lcmt-nabi-pctmp_ead_zing_14120_pctmp.jpg,,1890-1936,,Schweizerische Nationalbibliothek,Rudolf Zinggeler,https://commons.wikimedia.org/entity/M163153658,Thunersee und Stockhornkette,Thunersee mit Blick nach Westen auf die Stockhornkette. Links Anstieg zum Niesen,1890-1936,Rudolf Zinggeler,,Switzerland,Canton de Berne,,46.69228,7.72085,5,False,0,,https://www.openstreetmap.org/?mlat=46.69228&mlon=7.72085&zoom=14
"Unterseen, Aare und Thunersee","Thunersee bei der Einmündung der Aare (Kanal) bei Unterseen, Blick nach Westen auf Niesen und Stockhornkett",,,Nein,,lcmt-nabi-pctmp_ead_zing_14121_pctmp.jpg,,1890-1936,,Schweizerische Nationalbibliothek,Rudolf Zinggeler,https://commons.wikimedia.org/entity/M163153632,"Unterseen, Aare und Thunersee","Thunersee bei der Einmündung der Aare (Kanal) bei Unterseen, Blick nach Westen auf Niesen und Stockhornkett",1890-1936,Rudolf Zinggeler,,Switzerland,Canton de Berne,Unterseen,46.69228,7.72085,5,False,0,,https://www.openstreetmap.org/?mlat=46.69228&mlon=7.72085&zoom=14
"Italia, Landschaft [Lokalisierung unsicher]",ltalien. Landschaft am Ostarm des Luganersees. lm Vordergrund eine Bootswerft. Aufnahme 1890-1936.,,,Nein,,lcmt-nabi-pctmp_ead_zing_14129_pctmp.jpg,,1890-1936,,Schweizerische Nationalbibliothek,Rudolf Zinggeler,https://commons.wikimedia.org/entity/M163153474,"Italia, Landschaft",ltalien. Landschaft am Ostarm des Luganersees. lm Vordergrund eine Bootswerft. Aufnahme 1890-1936.,1890-1936,Rudolf Zinggeler,,Italy,Ticino,,,,0,False,0,,
"Schweiz, Ortsteilansicht [Lokalisierung unsicher]","Schweiz. Stadtbild. Grösserer Platz mit Bäumen und Anlagen, hinter denen sich eine Reihe aneinandergebauter Hoteltrakte erhebt",,,Nein,,lcmt-nabi-pctmp_ead_zing_14132_pctmp.jpg,,1890-1936,,Schweizerische Nationalbibliothek,Rudolf Zinggeler,https://commons.wikimedia.org/entity/M163153394,"Schweiz, Ortsteilansicht","Schweiz. Stadtbild. Grösserer Platz mit Bäumen und Anlagen, hinter denen sich eine Reihe aneinandergebauter Hoteltrakte erhebt",1890-1936,Rudolf Zinggeler,,Switzerland,,,,,0,False,0,,
"Italia, Landschaft [Lokalisierung unsicher]","Italien. Landschaft mit grossem See. Ein Bergland mit ca. 1000-1200 m.-Erhebungen, an dessen Hängen einige Dörfer liegen, am Ufer Parkanlagen und Villen (am Langen- oder am Luganersee?). Aufnahme 1890-1936.",,,Nein,,lcmt-nabi-pctmp_ead_zing_14133_pctmp.jpg,,1890-1936,,Schweizerische Nationalbibliothek,Rudolf Zinggeler,https://commons.wikimedia.org/entity/M163153370,"Italia, Landschaft","Italien. Landschaft mit grossem See. Ein Bergland mit ca. 1000-1200 m.-Erhebungen, an dessen Hängen einige Dörfer liegen, am Ufer Parkanlagen und Villen (am Langen- oder am Luganersee?). Aufnahme 1890-1936.",1890-1936,Rudolf Zinggeler,,Italy,Ticino,,,,0,False,0,,
"Schweiz, Landschaft [Lokalisierung unsicher]","Schweiz. Landschaft, Siedlung",,,Nein,,lcmt-nabi-pctmp_ead_zing_14264_pctmp.jpg,,1890-1936,,Schweizerische Nationalbibliothek,Rudolf Zinggeler,https://commons.wikimedia.org/entity/M163148123,"Schweiz, Landschaft","Schweiz. Landschaft, Siedlung",1890-1936,Rudolf Zinggeler,,Switzerland,,,,,0,False,0,,
"Schweiz, Landschaft [Lokalisierung unsicher]",Schweiz. Hochgebirgslandschaft. Aufnahme 1890-1936.,,,Nein,,lcmt-nabi-pctmp_ead_zing_14266_pctmp.jpg,,1890-1936,,Schweizerische Nationalbibliothek,Rudolf Zinggeler,https://commons.wikimedia.org/entity/M163148057,"Schweiz, Hochgebirgslandschaft",Schweiz. Hochgebirgslandschaft. Aufnahme 1890-1936.,1890-1936,Rudolf Zinggeler,,Switzerland,,,,,0,False,0,,
"Grindelwald, Alp Itramen","Alp Itramen mit Blick nach Westen. Von links nach rechts: Tschuggen, Männlichen, Schynige Platte, im Hintergrund Güggisgrat",,,Nein,,lcmt-nabi-pctmp_ead_zing_14271_pctmp.jpg,,1890-1936,,Schweizerische Nationalbibliothek,Rudolf Zinggeler,https://commons.wikimedia.org/entity/M163147872,"Grindelwald, Alp Itramen","Alp Itramen mit Blick nach Westen. Von links nach rechts: Tschuggen, Männlichen, Schynige Platte, im Hintergrund Güggisgrat",1890-1936,Rudolf Zinggeler,,Switzerland,Canton de Berne,Grindelwald,46.62396,8.03601,3,True,0,,https://www.openstreetmap.org/?mlat=46.62396&mlon=8.03601&zoom=14
"Schweiz, Landschaft [Lokalisierung unsicher]",Schweiz. Hochgebirgslandschaft (Variante zu Bild Nr. 14266). Aufnahme 1890-1936.,,,Nein,,lcmt-nabi-pctmp_ead_zing_14281_pctmp.jpg,,1890-1936,,Schweizerische Nationalbibliothek,Rudolf Zinggeler,https://commons.wikimedia.org/entity/M163147293,"Schweiz, Hochgebirgslandschaft",Schweiz. Hochgebirgslandschaft (Variante zu Bild Nr. 14266). Aufnahme 1890-1936.,1890-1936,Rudolf Zinggeler,,Switzerland,,,,,0,False,0,,
"Zürich, Teilaussenansicht einer Sägerei [Lokalisierung unsicher]","Schweiz. Dorfbild. Landschaftsmotiv mit Stall und Säge, im Winkel zu einander zusammengebaut, am Fusse eines bewaldeten Abhangs",,,Nein,,lcmt-nabi-pctmp_ead_zing_14318_pctmp.jpg,,1890-1936,,Schweizerische Nationalbibliothek,Rudolf Zinggeler,https://commons.wikimedia.org/entity/M163145381,"Zürich, Sägerei","Schweiz. Dorfbild. Landschaftsmotiv mit Stall und Säge, im Winkel zu einander zusammengebaut, am Fusse eines bewaldeten Abhangs",1890-1936,Rudolf Zinggeler,,Switzerland,Kanton Zürich,Zürich,,,0,False,0,,
"Schweiz, Mühlengebäude, Teilaussenansicht [Lokalisierung unsicher]","Schweiz. Ländliche ldylle mit altem Mühlengebäude; Rückseite mit grossem Mühlrad, viel Baumvegetation an Tobelrand. Aufnahme 1890-1936.",,,Nein,,lcmt-nabi-pctmp_ead_zing_14320_pctmp.jpg,,1890-1936,,Schweizerische Nationalbibliothek,Rudolf Zinggeler,https://commons.wikimedia.org/entity/M163145340,"Schweiz, Mühlengebäude","Schweiz. Ländliche ldylle mit altem Mühlengebäude; Rückseite mit grossem Mühlrad, viel Baumvegetation an Tobelrand. Aufnahme 1890-1936.",1890-1936,Rudolf Zinggeler,,Switzerland,,Mulegns,,,0,False,0,,
"Schweiz, Gesamtaussenansicht eines Hauses [Lokalisierung unsicher]",Schweiz. Dorfbild. Blick über einen Weiher hinweg gegen ein ländliches Haus mit Walmdach und Anbau; Bäume; Turmspitze,,,Nein,,lcmt-nabi-pctmp_ead_zing_14321_pctmp.jpg,,1890-1936,,Schweizerische Nationalbibliothek,Rudolf Zinggeler,https://commons.wikimedia.org/entity/M163145316,"Schweiz, Haus",Schweiz. Dorfbild. Blick über einen Weiher hinweg gegen ein ländliches Haus mit Walmdach und Anbau; Bäume; Turmspitze,1890-1936,Rudolf Zinggeler,,Switzerland,,,,,0,False,0,,
"Schweiz, Haus, Teilaussenansicht [Lokalisierung unsicher]",Schweiz. Dorfbild. Teil-Aussenansicht (zu Bild Nr. 14318). Aufnahme 1890-1936.,,,Nein,,lcmt-nabi-pctmp_ead_zing_14322_pctmp.jpg,,1890-1936,,Schweizerische Nationalbibliothek,Rudolf Zinggeler,https://commons.wikimedia.org/entity/M163145238,"Schweiz, Haus",Schweiz. Dorfbild. Teil-Aussenansicht (zu Bild Nr. 14318). Aufnahme 1890-1936.,1890-1936,Rudolf Zinggeler,,Switzerland,,,,,0,False,0,,
"Schweiz, Landschaft [Lokalisierung unsicher]",Schweiz. Landschaft mit stehendem Nebengewässer des Zürichsees; Uferpartie mit Wiesland; rechts eine Waldpartie,,,Nein,,lcmt-nabi-pctmp_ead_zing_14382_pctmp.jpg,,1890-1936,,Schweizerische Nationalbibliothek,Rudolf Zinggeler,https://commons.wikimedia.org/entity/M163143387,"Schweiz, Landschaft",Schweiz. Landschaft mit stehendem Nebengewässer des Zürichsees; Uferpartie mit Wiesland; rechts eine Waldpartie,1890-1936,Rudolf Zinggeler,,Switzerland,Kanton Zürich,,,,0,False,0,,
"Schweiz, Landschaft [Lokalisierung unsicher]","Schweiz. Landschaft, Vegetation. Sauberer Buchenwald; Frühling: das erste Laub schmückt die Bäume; am Boden liegt noch das dürre Laub",,,Nein,,lcmt-nabi-pctmp_ead_zing_14510_pctmp.jpg,,1890-1936,,Schweizerische Nationalbibliothek,Rudolf Zinggeler,https://commons.wikimedia.org/entity/M163137999,"Schweiz, Buchenwald","Schweiz. Landschaft, Vegetation. Sauberer Buchenwald; Frühling: das erste Laub schmückt die Bäume; am Boden liegt noch das dürre Laub",1890-1936,Rudolf Zinggeler,,Switzerland,,,,,0,False,0,,
"Italia, Roma, Castel Sant'Angelo, Gesamtansicht","Rom, Italien. Castello Sant'Angelo, von einer Tiberbrücke aus gesehen",41.8933203,12.4829321,Nein,Rom,lcmt-nabi-pctmp_ead_zing_14601_pctmp.jpg,,1930-1931,,Schweizerische Nationalbibliothek,Rudolf Zinggeler,https://commons.wikimedia.org/entity/M163136016,"Roma, Castel Sant'Angelo","Rom, Italien. Castello Sant'Angelo, von einer Tiberbrücke aus gesehen",1930-1931,Rudolf Zinggeler,,Italy,Lazio,Rome,41.9167,12.4667,5,False,0,2.93,https://www.openstreetmap.org/?mlat=41.9167&mlon=12.4667&zoom=14
"Italia, Roma, Arco di Costantino, Gesamtansicht","Rom, Italien. Triumphbogen des Kaisers Konstantin",41.8933203,12.4829321,Nein,Rom,lcmt-nabi-pctmp_ead_zing_14602_pctmp.jpg,,circa 1930,,Schweizerische Nationalbibliothek,Rudolf Zinggeler,https://commons.wikimedia.org/entity/M163135846,"Roma, Arco di Costantino","Rom, Italien. Triumphbogen des Kaisers Konstantin",1930,Rudolf Zinggeler,,Italy,Lazio,Rome,41.88977,12.49064,5,False,0,0.75,https://www.openstreetmap.org/?mlat=41.88977&mlon=12.49064&zoom=14
"Italia, Roma, Piazza San Pietro, Teilansicht","Rom, Italien. Vatikan. Petersplatz. Ansicht des Platzes von einer Stelle vor der Peterskirche aus mit Blick gegen die Säule; sichtbar ferner die beiden Endpartien der Kolonnaden des Bernini, dazwischen Häuser der Stadt",41.8933203,12.4829321,Nein,Rom,lcmt-nabi-pctmp_ead_zing_14603_pctmp.jpg,,circa 1930,,Schweizerische Nationalbibliothek,Rudolf Zinggeler,https://commons.wikimedia.org/entity/M163135726,"Roma, Piazza San Pietro","Rom, Italien. Vatikan. Petersplatz. Ansicht des Platzes von einer Stelle vor der Peterskirche aus mit Blick gegen die Säule; sichtbar ferner die beiden Endpartien der Kolonnaden des Bernini, dazwischen Häuser der Stadt",1930,Rudolf Zinggeler,,Italy,Lazio,Rome,41.80773,12.68078,5,False,0,18.95,https://www.openstreetmap.org/?mlat=41.80773&mlon=12.68078&zoom=14
"Italia, Roma, Colosseo, Teilinnenansicht","Rom, Italien. Das Kolosseum (Amphitheatrum Flavianum); Innenansicht",41.8933203,12.4829321,Nein,Rom,lcmt-nabi-pctmp_ead_zing_14604_pctmp.jpg,,circa 1930,,Schweizerische Nationalbibliothek,Rudolf Zinggeler,https://commons.wikimedia.org/entity/M163135628,"Roma, Colosseo","Rom, Italien. Das Kolosseum (Amphitheatrum Flavianum); Innenansicht",1930,Rudolf Zinggeler,,Italy,Lazio,Rome,41.89018,12.49231,5,False,0,0.85,https://www.openstreetmap.org/?mlat=41.89018&mlon=12.49231&zoom=14
"Porträt, Männliche Person, Italien",Italien. Meerfahrt zwischen ltalien und Sizilien. Auf dem Verdeck eines Dampfers; Blick aufs Meer hinaus,,,Nein,,lcmt-nabi-pctmp_ead_zing_14605_pctmp.jpg,,circa 1930,,Schweizerische Nationalbibliothek,Rudolf Zinggeler,https://commons.wikimedia.org/entity/M163135554,"Porträt, Meerfahrt Italien",Italien. Meerfahrt zwischen ltalien und Sizilien. Auf dem Verdeck eines Dampfers; Blick aufs Meer hinaus,1930,Rudolf Zinggeler,,Italy,,,,,0,False,0,,
"Italia, Monreale, Chiostro, Teilansicht","Palermo (Sizilien), Italien. Kloster in Monreale. Durchblick in den Kreuzgang mit Spitzbogenöffnungen und Kolonnaden",38.0826321,13.2919931,Nein,Monreale,lcmt-nabi-pctmp_ead_zing_14621_pctmp.jpg,,1930,,Schweizerische Nationalbibliothek,Rudolf Zinggeler,https://commons.wikimedia.org/entity/M163134431,"Monreale, Chiostro","Palermo (Sizilien), Italien. Kloster in Monreale. Durchblick in den Kreuzgang mit Spitzbogenöffnungen und Kolonnaden",1930,Rudolf Zinggeler,,Italy,Sicilia,Monreale,38.1153751,13.3628714,4,False,1,7.19,https://www.openstreetmap.org/?mlat=38.1153751&mlon=13.3628714&zoom=14
"Italia, Monreale, Ortsteilansicht","Palermo (Sizilien), Italien. Stadtbild. Grosser Platz mit Denkmal und drei Palmen in einer Rondelle; hinten einige alte Gebäude: in Monreale",38.1112268,13.3524434,Nein,Palermo,lcmt-nabi-pctmp_ead_zing_14625_pctmp.jpg,,1930,,Schweizerische Nationalbibliothek,Rudolf Zinggeler,https://commons.wikimedia.org/entity/M163134220,"Monreale, Ortsteilansicht","Palermo (Sizilien), Italien. Stadtbild. Grosser Platz mit Denkmal und drei Palmen in einer Rondelle; hinten einige alte Gebäude: in Monreale",1930,Rudolf Zinggeler,,Italy,Sicilia,Palermo,38.1166,13.3636,3,True,0,1.14,https://www.openstreetmap.org/?mlat=38.1166&mlon=13.3636&zoom=14
"Italia, Monreale, Ortsteilansicht","Monreale/Palermo (Sizilien), Italien. Kloster in Monreale. Durchblick in den Kreuzgang mit Spitzbogenöffnungen und Kolonnaden; Gartenseite",38.0826321,13.2919931,Nein,Monreale,lcmt-nabi-pctmp_ead_zing_14626_pctmp.jpg,,1930,,Schweizerische Nationalbibliothek,Rudolf Zinggeler,https://commons.wikimedia.org/entity/M163134144,"Italia, Monreale, Ortsteilansicht","Monreale/Palermo (Sizilien), Italien. Kloster in Monreale. Durchblick in den Kreuzgang mit Spitzbogenöffnungen und Kolonnaden; Gartenseite",1930,Rudolf Zinggeler,,Italy,Sicilia,Monreale,38.08125,13.28947,3,True,0,0.27,https://www.openstreetmap.org/?mlat=38.08125&mlon=13.28947&zoom=14
"Italia, Monreale, Duomo di Monreale, Teilinnensansicht","Monreale/Palermo (Sizilien), Italien. Kirche. lnnenansicht: linke Seite des Hauptschiffes mit Spitzbogenarkaden und Säulen; Chor",38.0826321,13.2919931,Nein,Monreale,lcmt-nabi-pctmp_ead_zing_14627_pctmp.jpg,,1930,,Schweizerische Nationalbibliothek,Rudolf Zinggeler,https://commons.wikimedia.org/entity/M163134088,"Italia, Monreale, Duomo di Monreale, Teilinnensicht","Monreale/Palermo (Sizilien), Italien. Kirche. lnnenansicht: linke Seite des Hauptschiffes mit Spitzbogenarkaden und Säulen; Chor",1930,Rudolf Zinggeler,,Italy,Sicilia,Monreale,38.08202,13.29215,5,False,0,0.07,https://www.openstreetmap.org/?mlat=38.08202&mlon=13.29215&zoom=14
"Italia, Monreale, Cattedrale di Monreale, Teilinnenansicht","Monreale/Palermo (Sizilien), Italien. Kirche. Teil-lnnenansicht: linke Seite des Hauptschiffes mit Spitzbogenarkaden und Säulen (zu Bild Nr. 14627)",38.0826321,13.2919931,Nein,Monreale,lcmt-nabi-pctmp_ead_zing_14635_pctmp.jpg,,1930,,Schweizerische Nationalbibliothek,Rudolf Zinggeler,https://commons.wikimedia.org/entity/M163133789,"Italia, Monreale, Cattedrale di Monreale, Teilinnenansicht","Monreale/Palermo (Sizilien), Italien. Kirche. Teil-lnnenansicht: linke Seite des Hauptschiffes mit Spitzbogenarkaden und Säulen (zu Bild Nr. 14627)",1930,Rudolf Zinggeler,,Italy,Sicilia,Monreale,38.08202,13.29215,5,False,0,0.07,https://www.openstreetmap.org/?mlat=38.08202&mlon=13.29215&zoom=14
"Schweiz, Landschaft [Lokalisierung unsicher]","Schweiz. Landschaftsmotiv mit Bächlein, Rasenflächen und Büschen in ebenem Gelände, dahinter felsiger Steilhang, an dessen Fuss eine Strasse sich entlang zieht",,,Nein,,lcmt-nabi-pctmp_ead_zing_14821_pctmp.jpg,,1890-1936,,Schweizerische Nationalbibliothek,Rudolf Zinggeler,https://commons.wikimedia.org/entity/M163126725,"Schweiz, Landschaft [Lokalisierung unsicher]","Schweiz. Landschaftsmotiv mit Bächlein, Rasenflächen und Büschen in ebenem Gelände, dahinter felsiger Steilhang, an dessen Fuss eine Strasse sich entlang zieht",1890-1936,Rudolf Zinggeler,,Switzerland,,,,,0,False,0,,
"Schweiz, Landschaft [Lokalisierung unsicher]","Schweiz. Reizvolles Landschaftsmotiv mit Bächlein, Büschen und Felspartie",,,Nein,,lcmt-nabi-pctmp_ead_zing_14822_pctmp.jpg,,1890-1936,,Schweizerische Nationalbibliothek,Rudolf Zinggeler,https://commons.wikimedia.org/entity/M163126706,"Schweiz, Landschaft [Lokalisierung unsicher]","Schweiz. Reizvolles Landschaftsmotiv mit Bächlein, Büschen und Felspartie",1890-1936,Rudolf Zinggeler,,Switzerland,,,,,0,False,0,,
"Schweiz, Landschaft [Lokalisierung unsicher]",Schweiz. Landschaftsmotiv mit Tobel und Bach an einem Hange; einige schlanke kahle Laubbäume am Tobelrand (Vorfrühling),,,Nein,,lcmt-nabi-pctmp_ead_zing_14823_pctmp.jpg,,1890-1936,,Schweizerische Nationalbibliothek,Rudolf Zinggeler,https://commons.wikimedia.org/entity/M163126685,"Schweiz, Landschaft [Lokalisierung unsicher]",Schweiz. Landschaftsmotiv mit Tobel und Bach an einem Hange; einige schlanke kahle Laubbäume am Tobelrand (Vorfrühling),1890-1936,Rudolf Zinggeler,,Switzerland,,,,,0,False,0,,
"Schweiz, Landschaft [Lokalisierung unsicher]",Schweiz. Landschaftsmotiv mit Tobel und Bach an Hang,,,Nein,,lcmt-nabi-pctmp_ead_zing_14824_pctmp.jpg,,1890-1936,,Schweizerische Nationalbibliothek,Rudolf Zinggeler,https://commons.wikimedia.org/entity/M163126665,"Schweiz, Landschaft [Lokalisierung unsicher]",Schweiz. Landschaftsmotiv mit Tobel und Bach an Hang,1890-1936,Rudolf Zinggeler,,Switzerland,,,,,0,False,0,,
"Schweiz, Landschaft [Lokalisierung unsicher]",Schweiz. Vegetation. Pflanzendecke in der Uferzone eines Sees am Katzensee?: Schilf. Aufnahme 1890-1936.,,,Nein,,lcmt-nabi-pctmp_ead_zing_14825_pctmp.jpg,,1890-1936,,Schweizerische Nationalbibliothek,Rudolf Zinggeler,https://commons.wikimedia.org/entity/M163126650,"Schweiz, Landschaft [Lokalisierung unsicher]",Schweiz. Vegetation. Pflanzendecke in der Uferzone eines Sees am Katzensee?: Schilf. Aufnahme 1890-1936.,1890-1936,Rudolf Zinggeler,,Switzerland,Kanton Zürich,,,,0,False,0,,
"Schweiz, Landschaft [Lokalisierung unsicher]",Schweiz. Vegetation. Pflanzendecke in der Uferzone eines Sees am Katzensee? (vgl. Bild Nr. 14825). Aufnahme 1890-1936.,,,Nein,,lcmt-nabi-pctmp_ead_zing_14826_pctmp.jpg,,1890-1936,,Schweizerische Nationalbibliothek,Rudolf Zinggeler,https://commons.wikimedia.org/entity/M163126631,"Schweiz, Landschaft [Lokalisierung unsicher]",Schweiz. Vegetation. Pflanzendecke in der Uferzone eines Sees am Katzensee? (vgl. Bild Nr. 14825). Aufnahme 1890-1936.,1890-1936,Rudolf Zinggeler,,Switzerland,Kanton Zürich,,,,0,False,0,,
"Schweiz, Landschaft [Lokalisierung unsicher]","Schweiz. Natur, Vegetation (Katzensee?). Ein Laubgehölz mit kleinem stehendem Gewässer; schlanke Bäume mit sommerlichen Laubstand",,,Nein,,lcmt-nabi-pctmp_ead_zing_14827_pctmp.jpg,,1890-1936,,Schweizerische Nationalbibliothek,Rudolf Zinggeler,https://commons.wikimedia.org/entity/M163126607,"Schweiz, Landschaft [Lokalisierung unsicher]","Schweiz. Natur, Vegetation (Katzensee?). Ein Laubgehölz mit kleinem stehendem Gewässer; schlanke Bäume mit sommerlichen Laubstand",1890-1936,Rudolf Zinggeler,,Switzerland,Kanton Zürich,,,,0,False,0,,
"Schweiz, Landschaft [Lokalisierung unsicher]","Schweiz. Natur, Vegetation (Katzensee?). Ein Laubgehölz mit Tümpel",,,Nein,,lcmt-nabi-pctmp_ead_zing_14828_pctmp.jpg,,1890-1936,,Schweizerische Nationalbibliothek,Rudolf Zinggeler,https://commons.wikimedia.org/entity/M163126596,"Schweiz, Landschaft [Lokalisierung unsicher]","Schweiz. Natur, Vegetation (Katzensee?). Ein Laubgehölz mit Tümpel",1890-1936,Rudolf Zinggeler,,Switzerland,Kanton Zürich,,,,0,False,0,,
"Schweiz, Landschaft [Lokalisierung unsicher]",Schweiz. Landschaft (Katzensee?). Weiher in einer Umgebung von Laubwald. Rechts hinten ein von Tannen bestandener Hang,,,Nein,,lcmt-nabi-pctmp_ead_zing_14829_pctmp.jpg,,1890-1936,,Schweizerische Nationalbibliothek,Rudolf Zinggeler,https://commons.wikimedia.org/entity/M163126567,"Schweiz, Landschaft [Lokalisierung unsicher]",Schweiz. Landschaft (Katzensee?). Weiher in einer Umgebung von Laubwald. Rechts hinten ein von Tannen bestandener Hang,1890-1936,Rudolf Zinggeler,,Switzerland,Kanton Zürich,,,,0,False,0,,
"Schweiz, Landschaft [Lokalisierung unsicher]",Schweiz. Landschaft (Katzensee?). Weiher in einer Umgebung von Laubwald,,,Nein,,lcmt-nabi-pctmp_ead_zing_14830_pctmp.jpg,,1890-1936,,Schweizerische Nationalbibliothek,Rudolf Zinggeler,https://commons.wikimedia.org/entity/M163126492,"Schweiz, Landschaft [Lokalisierung unsicher]",Schweiz. Landschaft (Katzensee?). Weiher in einer Umgebung von Laubwald,1890-1936,Rudolf Zinggeler,,Switzerland,Kanton Zürich,,,,0,False,0,,
"Schweiz, Landschaft [Lokalisierung unsicher]","Schweiz. Natur, Vegetation (Katzensee?). Üppig ins Kraut schiessendes Gras- und Kräutergewächs, darüber Laubwald",,,Nein,,lcmt-nabi-pctmp_ead_zing_14831_pctmp.jpg,,1890-1936,,Schweizerische Nationalbibliothek,Rudolf Zinggeler,https://commons.wikimedia.org/entity/M163126425,"Schweiz, Landschaft [Lokalisierung unsicher]","Schweiz. Natur, Vegetation (Katzensee?). Üppig ins Kraut schiessendes Gras- und Kräutergewächs, darüber Laubwald",1890-1936,Rudolf Zinggeler,,Switzerland,Kanton Zürich,,,,0,False,0,,
"Schweiz, Landschaft [Lokalisierung unsicher]","Schweiz. Natur, Vegetation (Katzensee?). Fast mannshohes Kräutergewächs in einer Lichtung innerhalb eines Laubgehölzes",,,Nein,,lcmt-nabi-pctmp_ead_zing_14832_pctmp.jpg,,1890-1936,,Schweizerische Nationalbibliothek,Rudolf Zinggeler,https://commons.wikimedia.org/entity/M163124139,"Schweiz, Landschaft [Lokalisierung unsicher]","Schweiz. Natur, Vegetation (Katzensee?). Fast mannshohes Kräutergewächs in einer Lichtung innerhalb eines Laubgehölzes",1890-1936,Rudolf Zinggeler,,Switzerland,Kanton Zürich,,,,0,False,0,,
"Lavertezzo, Ortsteilansicht","Lavertezzo TI. Dorfbild. Malerische Partie mit der Pfarrkirche und Tessinerhäusern, von Südosten gesehen",46.1785333,8.8892225,Nein,Lavertezzo,lcmt-nabi-pctmp_ead_zing_15718_pctmp.jpg,Tessin,1934,,Schweizerische Nationalbibliothek,Rudolf Zinggeler,https://commons.wikimedia.org/entity/M159090606,"Lavertezzo, Ortsteilansicht","Lavertezzo TI. Dorfbild. Malerische Partie mit der Pfarrkirche und Tessinerhäusern, von Südosten gesehen",1934,Rudolf Zinggeler,,Switzerland,Cantone Ticino,Lavertezzo,46.258318,8.8391028,4,False,1,9.67,https://www.openstreetmap.org/?mlat=46.258318&mlon=8.8391028&zoom=14
"Sonogno, Val Vegornèss, Pinell, Ortsteilansicht und Landschaft",Sonogno TI. Landschaft mit Felsblöcken und gemauerten Hütten auf Alp Pinello im Val Vigornesso; hinten die Cima Bianca; Blick taleinwärts.,46.3503084,8.7863269,Nein,Sonogno,lcmt-nabi-pctmp_ead_zing_15722_pctmp.jpg,Tessin,1934,,Schweizerische Nationalbibliothek,Rudolf Zinggeler,https://commons.wikimedia.org/entity/M159090736,"Sonogno, Val Vegornèss, Pinell, Ortsteilansicht und Landscha",Sonogno TI. Landschaft mit Felsblöcken und gemauerten Hütten auf Alp Pinello im Val Vigornesso; hinten die Cima Bianca; Blick taleinwärts.,1934,Rudolf Zinggeler,,Switzerland,Cantone Ticino,Sonogno,46.3504,8.78514,3,True,0,0.09,https://www.openstreetmap.org/?mlat=46.3504&mlon=8.78514&zoom=14
"Castro, Chiesa San Giorgio, TEilansicht",Castro TI. Die Kirche. Aussenansicht: Chorseite mit der Komunalstrasse.,34.4952536,-102.2592314,Nein,Castro,lcmt-nabi-pctmp_ead_zing_15867_pctmp.jpg,Tessin,1935,,Schweizerische Nationalbibliothek,Rudolf Zinggeler,https://commons.wikimedia.org/entity/M159095522,"Castro, Chiesa San Giorgio, TEilansicht",Castro TI. Die Kirche. Aussenansicht: Chorseite mit der Komunalstrasse.,1935,Rudolf Zinggeler,,Switzerland,Cantone Ticino,Castro,46.4674919,8.9283869,4,False,1,8689.43,https://www.openstreetmap.org/?mlat=46.4674919&mlon=8.9283869&zoom=14
"Fürstentum Liechtenstein, Vaduz, Schloss Vaduz, Teilaussenansicht","Vaduz, Liechtenstein. Schloss Vaduz. Ansicht des Schlosshofes von Süden gegen den Nordwinkel mit Erker und Holztreppe",47.1392862,9.5227962,Nein,Vaduz,lcmt-nabi-pctmp_ead_zing_16141_pctmp.jpg,,1890-1936,,Schweizerische Nationalbibliothek,Rudolf Zinggeler,https://commons.wikimedia.org/entity/M159985279,"Fürstentum Liechtenstein, Vaduz, Schloss Vaduz, Teilaussenan","Vaduz, Liechtenstein. Schloss Vaduz. Ansicht des Schlosshofes von Süden gegen den Nordwinkel mit Erker und Holztreppe",1890-1936,Rudolf Zinggeler,,Liechtenstein,Vaduz,Vaduz,47.13961,9.52434,5,False,0,0.12,https://www.openstreetmap.org/?mlat=47.13961&mlon=9.52434&zoom=14
"Fürstentum Liechtenstein, Vaduz, Schloss Vaduz, Teilaussenansicht","Vaduz, Liechtenstein. Schloss Vaduz. Teil-Aussenansicht von Süden: die westlichen Bauteile und der südliche Rundbau",47.1392862,9.5227962,Nein,Vaduz,lcmt-nabi-pctmp_ead_zing_16142_pctmp.jpg,,1890-1936,,Schweizerische Nationalbibliothek,Rudolf Zinggeler,https://commons.wikimedia.org/entity/M159975712,"Fürstentum Liechtenstein, Vaduz, Schloss Vaduz, Teilaussenan","Vaduz, Liechtenstein. Schloss Vaduz. Teil-Aussenansicht von Süden: die westlichen Bauteile und der südliche Rundbau",1890-1936,Rudolf Zinggeler,,Liechtenstein,Vaduz,Vaduz,47.13961,9.52434,5,False,0,0.12,https://www.openstreetmap.org/?mlat=47.13961&mlon=9.52434&zoom=14
"Fürstentum Liechtenstein, Vaduz, Schloss Vaduz, Gesamtansicht","Vaduz, Liechtenstein. Schloss Vaduz. Gesamt-Aussenansicht von Süd-Südosten mit Vorgelände, Gartentor und Strasse",47.1392862,9.5227962,Nein,Vaduz,lcmt-nabi-pctmp_ead_zing_16143_pctmp.jpg,,1890-1936,,Schweizerische Nationalbibliothek,Rudolf Zinggeler,https://commons.wikimedia.org/entity/M159975751,"Fürstentum Liechtenstein, Vaduz, Schloss Vaduz","Vaduz, Liechtenstein. Schloss Vaduz. Gesamt-Aussenansicht von Süd-Südosten mit Vorgelände, Gartentor und Strasse",1890-1936,Rudolf Zinggeler,,Liechtenstein,Vaduz,Vaduz,47.13961,9.52434,5,False,0,0.12,https://www.openstreetmap.org/?mlat=47.13961&mlon=9.52434&zoom=14
"Balzers (LI), Ortsteilansicht","Balzers, Liechtenstein. Landschaft mit dem Schloss und Schlosshügel Gutenberg, Ansicht von Osten; rechts vorn die neue Pfarrkirche",47.0688822,9.506159,Nein,Balzers,lcmt-nabi-pctmp_ead_zing_16144_pctmp.jpg,,1890-1936,,Schweizerische Nationalbibliothek,Rudolf Zinggeler,https://commons.wikimedia.org/entity/M159972929,"Balzers, Ortsteilansicht","Balzers, Liechtenstein. Landschaft mit dem Schloss und Schlosshügel Gutenberg, Ansicht von Osten; rechts vorn die neue Pfarrkirche",1890-1936,Rudolf Zinggeler,,Liechtenstein,Balzers,Balzers,47.06661,9.50355,3,True,0,0.32,https://www.openstreetmap.org/?mlat=47.06661&mlon=9.50355&zoom=14
"Fürstentum Liechtenstein, Balzers, Schloss Gutenberg, Gesamtansicht","Balzers, Liechtenstein. Landschaft mit dem Schloss und Schlosshügel Gutenberg; Ansicht von Südosten",47.0688822,9.506159,Nein,Balzers,lcmt-nabi-pctmp_ead_zing_16145_pctmp.jpg,,1890-1936,,Schweizerische Nationalbibliothek,Rudolf Zinggeler,https://commons.wikimedia.org/entity/M159972973,"Fürstentum Liechtenstein, Balzers, Schloss Gutenberg","Balzers, Liechtenstein. Landschaft mit dem Schloss und Schlosshügel Gutenberg; Ansicht von Südosten",1890-1936,Rudolf Zinggeler,,Liechtenstein,Balzers,Balzers,47.0656327,9.5005524,4,False,1,0.56,https://www.openstreetmap.org/?mlat=47.0656327&mlon=9.5005524&zoom=14
"Fürstentum Liechtenstein, Vaduz, Schloss Vaduz, Teilaussenansicht","Vaduz, Liechtenstein. Schloss Vaduz. Der lnnenhof; Ansicht des Südwestwinkels mit überdachter Freitreppe zum Haupteingang",47.1392862,9.5227962,Nein,Vaduz,lcmt-nabi-pctmp_ead_zing_16146_pctmp.jpg,,1890-1936,,Schweizerische Nationalbibliothek,Rudolf Zinggeler,https://commons.wikimedia.org/entity/M159975791,"Fürstentum Liechtenstein, Vaduz, Schloss Vaduz","Vaduz, Liechtenstein. Schloss Vaduz. Der lnnenhof; Ansicht des Südwestwinkels mit überdachter Freitreppe zum Haupteingang",1890-1936,Rudolf Zinggeler,,Liechtenstein,Vaduz,Vaduz,47.13961,9.52434,5,False,0,0.12,https://www.openstreetmap.org/?mlat=47.13961&mlon=9.52434&zoom=14
"Valmalenco (IT), Ortschaft, Ortsteilansicht [Lokalisierung unsicher]",Italien. Landschaft und Siedlung. Gegend und Dörfer in einem Seitental des Oberveltlins (Val Malenco?),46.2640846,9.8496555,Nein,Chiesa in Valmalenco,lcmt-nabi-pctmp_ead_zing_16207_pctmp.jpg,,1890-1936,,Schweizerische Nationalbibliothek,Rudolf Zinggeler,https://commons.wikimedia.org/entity/M159920436,"Valmalenco, Ortschaft, Ortsteilansicht",Italien. Landschaft und Siedlung. Gegend und Dörfer in einem Seitental des Oberveltlins (Val Malenco?),1890-1936,Rudolf Zinggeler,,Italy,Lombardia,Chiesa in Valmalenco,,,0,False,0,,
"Passo dello Stelvio, Landschaft [Lokalisierung unsicher]","Bormio? Italien. Landschaft. Stilfserjochstrasse(?) mit Cantoniera unweit des Passes, zu oberst im Trafoital(?)",46.4692482,10.3721712,Nein,Bormio,lcmt-nabi-pctmp_ead_zing_16208_pctmp.jpg,,1890-1936,,Schweizerische Nationalbibliothek,Rudolf Zinggeler,https://commons.wikimedia.org/entity/M159919884,"Passo dello Stelvio, Landschaft","Bormio? Italien. Landschaft. Stilfserjochstrasse(?) mit Cantoniera unweit des Passes, zu oberst im Trafoital(?)",1890-1936,Rudolf Zinggeler,,Italy,Lombardia,Bormio,,,0,False,0,,
"Passo dello Stelvio, Panorama",Santa Maria Val Müstair GR. Gebirgslandschaft im Tourengebiet von St. Maria: die Ortlergruppe vom Stilfserjoch aus gesehen,46.6681414,10.5121558,Nein,Val Müstair,lcmt-nabi-pctmp_ead_zing_16209_pctmp.jpg,,1890-1936,,Schweizerische Nationalbibliothek,Rudolf Zinggeler,https://commons.wikimedia.org/entity/M159975837,"Passo dello Stelvio, Panorama",Santa Maria Val Müstair GR. Gebirgslandschaft im Tourengebiet von St. Maria: die Ortlergruppe vom Stilfserjoch aus gesehen,1890-1936,Rudolf Zinggeler,,Switzerland,Kanton Graubünden,Val Müstair,46.5333,10.45,5,False,0,15.73,https://www.openstreetmap.org/?mlat=46.5333&mlon=10.45&zoom=14
"Italia, Bormio, Ortsteilansicht","Bormio? Italien. Landschaft. Schlucht, Felswände, Steilhänge bei den alten Bädern von Bormio",46.4692482,10.3721712,Nein,Bormio,lcmt-nabi-pctmp_ead_zing_16210_pctmp.jpg,,1890-1936,,Schweizerische Nationalbibliothek,Rudolf Zinggeler,https://commons.wikimedia.org/entity/M159919906,"Italia, Bormio, Ortsteilansicht","Bormio? Italien. Landschaft. Schlucht, Felswände, Steilhänge bei den alten Bädern von Bormio",1890-1936,Rudolf Zinggeler,,Italy,Lombardia,Bormio,46.46717,10.37008,3,True,0,0.28,https://www.openstreetmap.org/?mlat=46.46717&mlon=10.37008&zoom=14
"Italia, Passo dello Stelvio, Landschaft","Landschaft des Trafoitales mit den Windungen der Strasse, von oben nach unten gesehen NO- Seite des Stilfserjochs (Stelviopass) mit Kutsche",46.5424387,10.5578294,Nein,Stilfs,lcmt-nabi-pctmp_ead_zing_16211_pctmp.jpg,,1890-1936,,Schweizerische Nationalbibliothek,Rudolf Zinggeler,https://commons.wikimedia.org/entity/M159975599,"Italia, Passo dello Stelvio, Landschaft","Landschaft des Trafoitales mit den Windungen der Strasse, von oben nach unten gesehen NO- Seite des Stilfserjochs (Stelviopass) mit Kutsche",1890-1936,Rudolf Zinggeler,,Italy,Trentino-Alto Adige,Stilfs,46.5333,10.45,5,False,0,8.31,https://www.openstreetmap.org/?mlat=46.5333&mlon=10.45&zoom=14
"Passo dello Stelvio, Landschaft","Sta Maria Val Müstair GR. Hochgebirgslandschaft. Felsen, Schnee, Eis an der Landesgrenze; Grenzstein: auf dem Stilfserjoc",46.6681414,10.5121558,Nein,Val Müstair,lcmt-nabi-pctmp_ead_zing_16259_pctmp.jpg,,1890-1936,,Schweizerische Nationalbibliothek,Rudolf Zinggeler,https://commons.wikimedia.org/entity/M159975879,"Passo dello Stelvio, Landschaft","Sta Maria Val Müstair GR. Hochgebirgslandschaft. Felsen, Schnee, Eis an der Landesgrenze; Grenzstein: auf dem Stilfserjoc",1890-1936,Rudolf Zinggeler,,Switzerland,Kanton Graubünden,Val Müstair,46.5333,10.45,5,False,0,15.73,https://www.openstreetmap.org/?mlat=46.5333&mlon=10.45&zoom=14
"Kopfschmuck, Gesamtansicht",Kippel VS. Trachtenwesen. Weibliche Kopfbedeckung: Haube mit Blumen und Bändern (unscharfe Aufnahme),,,Nein,,lcmt-nabi-pctmp_ead_zing_5725_pctmp.jpg,,circa 1936,,Schweizerische Nationalbibliothek,Rudolf Zinggeler,https://commons.wikimedia.org/entity/M160545248,"Kopfschmuck, Gesamtansicht",Kippel VS. Trachtenwesen. Weibliche Kopfbedeckung: Haube mit Blumen und Bändern (unscharfe Aufnahme),1936,Rudolf Zinggeler,,Switzerland,Canton du Valais,Kippel,46.39885,7.77194,3,True,0,,https://www.openstreetmap.org/?mlat=46.39885&mlon=7.77194&zoom=14
"France, Le Salève, Ortsteilansicht","La Croisette s/Salève (Frankreich). Landschaft, Siedlung. Hügelgelände mit Wiesen- und Weideland; ein Weiler mit bäuerlichen Gebäulichkeiten",50.6888451,3.6064112,Nein,La Croisette,lcmt-nabi-pctmp_ead_zing_6715_pctmp.jpg,,circa 1890,,Schweizerische Nationalbibliothek,Rudolf Zinggeler,https://commons.wikimedia.org/entity/M159981202,"France, Le Salève, Ortsteilansicht","La Croisette s/Salève (Frankreich). Landschaft, Siedlung. Hügelgelände mit Wiesen- und Weideland; ein Weiler mit bäuerlichen Gebäulichkeiten",1890,Rudolf Zinggeler,,France,Auvergne-Rhône-Alpes,La Croisette,50.44536,3.46223,3,True,0,28.93,https://www.openstreetmap.org/?mlat=50.44536&mlon=3.46223&zoom=14
"France, Bellegarde-sur-Valsarine, Les Pertes du Rhône, Teilansicht",Bellegarde (Frankreich). Landschaft. Blick durch einen Bach-/Flusslauf zwischen Felsgewände gegen eine Strassenbrücke in der Umgebung von Genf,46.1073717,5.8307764,Nein,Bellegarde-sur-Valserine,lcmt-nabi-pctmp_ead_zing_6726_pctmp.jpg,,circa 1890,,Schweizerische Nationalbibliothek,Rudolf Zinggeler,https://commons.wikimedia.org/entity/M159976542,"France, Bellegarde-sur-Valserine, Les Pertes du Rhône",Bellegarde (Frankreich). Landschaft. Blick durch einen Bach-/Flusslauf zwischen Felsgewände gegen eine Strassenbrücke in der Umgebung von Genf,1890,Rudolf Zinggeler,,France,Auvergne-Rhône-Alpes,Bellegarde-sur-Valserine,46.10787,5.82421,3,True,0,0.51,https://www.openstreetmap.org/?mlat=46.10787&mlon=5.82421&zoom=14
"France, Annemasse, Château Etrembières, Gesamtansicht",Annemasse (Frankreich). Schloss Etrembières. Aussenansicht (zu Bild Nr. 6735),46.1934005,6.2341093,Nein,Annemasse,lcmt-nabi-pctmp_ead_zing_6728_pctmp.jpg,,circa 1890,,Schweizerische Nationalbibliothek,Rudolf Zinggeler,https://commons.wikimedia.org/entity/M159976251,"France, Annemasse, Château Etrembières",Annemasse (Frankreich). Schloss Etrembières. Aussenansicht (zu Bild Nr. 6735),1890,Rudolf Zinggeler,,France,Auvergne-Rhône-Alpes,Annemasse,46.1699756,6.2158023,4,False,1,2.96,https://www.openstreetmap.org/?mlat=46.1699756&mlon=6.2158023&zoom=14
"France, Bellegarde-sur-Valsarine, Les Pertes du Rhône, Teilansicht","Bellegarde (Frankreich). Landschaft. Ein Flusslauf 'Les Pertes du Rhône', mit landschaftlicher Umgebung",46.1073717,5.8307764,Nein,Bellegarde-sur-Valserine,lcmt-nabi-pctmp_ead_zing_6729_pctmp.jpg,,circa 1890,,Schweizerische Nationalbibliothek,Rudolf Zinggeler,https://commons.wikimedia.org/entity/M159976585,"France, Bellegarde-sur-Valserine, Les Pertes du Rhône","Bellegarde (Frankreich). Landschaft. Ein Flusslauf 'Les Pertes du Rhône', mit landschaftlicher Umgebung",1890,Rudolf Zinggeler,,France,Auvergne-Rhône-Alpes,Bellegarde-sur-Valserine,46.10787,5.82421,3,True,0,0.51,https://www.openstreetmap.org/?mlat=46.10787&mlon=5.82421&zoom=14
"France, Annemasse, Église Saint-André, Gesamtansicht",Annemasse (Frankreich). Kirche St. André. Aussenansicht: Chor und Längswand; vom Turm die Helmpartie sichtbar; von Süden gesehen; Strasse nach Etrembières,46.1934005,6.2341093,Nein,Annemasse,lcmt-nabi-pctmp_ead_zing_6732_pctmp.jpg,,circa 1890,,Schweizerische Nationalbibliothek,Rudolf Zinggeler,https://commons.wikimedia.org/entity/M159976294,"France, Annemasse, Église Saint-André",Annemasse (Frankreich). Kirche St. André. Aussenansicht: Chor und Längswand; vom Turm die Helmpartie sichtbar; von Süden gesehen; Strasse nach Etrembières,1890,Rudolf Zinggeler,,France,Auvergne-Rhône-Alpes,Annemasse,46.1897726,6.2334783,4,False,1,0.41,https://www.openstreetmap.org/?mlat=46.1897726&mlon=6.2334783&zoom=14
"Porträt, Männliche Person und weibliche Person, Schweiz","Schweiz. Mensch, Lebensweise. Gruppe von acht sonntäglich gekleideten Personen, Biertrinken im Freien, im Hintergrund Gärten und Häuser",,,Nein,,lcmt-nabi-pctmp_ead_zing_6734_pctmp.jpg,,circa 1890,,Schweizerische Nationalbibliothek,Rudolf Zinggeler,https://commons.wikimedia.org/entity/M160448574,"Porträt, Männliche Person und weibliche Person","Schweiz. Mensch, Lebensweise. Gruppe von acht sonntäglich gekleideten Personen, Biertrinken im Freien, im Hintergrund Gärten und Häuser",1890,Rudolf Zinggeler,,Switzerland,,,,,0,False,0,,
"France, Annemasse, Château Etrembières, Gesamtansicht",Annemasse (Frankreich). Schloss Etrembières. Aussenansicht (zu Bild Nr. 6728),46.1934005,6.2341093,Nein,Annemasse,lcmt-nabi-pctmp_ead_zing_6735_pctmp.jpg,,circa 1890,,Schweizerische Nationalbibliothek,Rudolf Zinggeler,https://commons.wikimedia.org/entity/M159976354,"France, Annemasse, Château Etrembières",Annemasse (Frankreich). Schloss Etrembières. Aussenansicht (zu Bild Nr. 6728),1890,Rudolf Zinggeler,,France,Auvergne-Rhône-Alpes,Annemasse,46.1699756,6.2158023,4,False,1,2.96,https://www.openstreetmap.org/?mlat=46.1699756&mlon=6.2158023&zoom=14
"Porträt, Männliche Person und weibliche Person, Schweiz","Schweiz. Bauernhof. Gruppe alter und junger, städtischer und ländlicher Personen; der Altbauer füttert das Hühnervolk",,,Nein,,lcmt-nabi-pctmp_ead_zing_6745_pctmp.jpg,,circa 1890,,Schweizerische Nationalbibliothek,Rudolf Zinggeler,https://commons.wikimedia.org/entity/M160448641,"Porträt, Männliche Person und weibliche Person","Schweiz. Bauernhof. Gruppe alter und junger, städtischer und ländlicher Personen; der Altbauer füttert das Hühnervolk",1890,Rudolf Zinggeler,,Switzerland,,,,,0,False,0,,
"France, Annemasse, Grand Salève, Teilansicht [Lokalisierung unsicher]","Frankreich. Landschaft. Eine hohe Felswand; davor liebliche Wiesengründe: am Salève, Nordwand",46.1934005,6.2341093,Nein,Annemasse,lcmt-nabi-pctmp_ead_zing_6746_pctmp.jpg,,circa 1890,,Schweizerische Nationalbibliothek,Rudolf Zinggeler,https://commons.wikimedia.org/entity/M159976391,"France, Annemasse, Grand Salève, Teilansicht","Frankreich. Landschaft. Eine hohe Felswand; davor liebliche Wiesengründe: am Salève, Nordwand",1890,Rudolf Zinggeler,,France,Auvergne-Rhône-Alpes,Annemasse,,,0,False,0,,
"France, Monnetier, Landschaft [Lokalisierung unsicher]","Frankreich. Landschaft, Siedlung. Gegend in der franz. Nachbarschaft Genfs; zwei Ortschaften terrassenförmig übereinander; dahinter hohe Bergflanke",46.1606961,6.2064086,Nein,Monnetier,lcmt-nabi-pctmp_ead_zing_6748_pctmp.jpg,,circa 1890,,Schweizerische Nationalbibliothek,Rudolf Zinggeler,https://commons.wikimedia.org/entity/M159981885,"France, Monnetier, Landschaft","Frankreich. Landschaft, Siedlung. Gegend in der franz. Nachbarschaft Genfs; zwei Ortschaften terrassenförmig übereinander; dahinter hohe Bergflanke",1890,Rudolf Zinggeler,,France,Auvergne-Rhône-Alpes,Monnetier,,,0,False,0,,
"France, Monnetier-Mornex, Ortsteilenaicht",Frankreich. Dorfbild. Blick über eine Strasse hin gegen eine Gruppe alter Bauernhäuser und ins Dorfinnere hinein. Aufnahme 1890-1936.,46.1606961,6.2064086,Nein,Monnetier,lcmt-nabi-pctmp_ead_zing_6749_pctmp.jpg,,circa 1890,,Schweizerische Nationalbibliothek,Rudolf Zinggeler,https://commons.wikimedia.org/entity/M159981929,"France, Monnetier-Mornex, Ortsteilansicht",Frankreich. Dorfbild. Blick über eine Strasse hin gegen eine Gruppe alter Bauernhäuser und ins Dorfinnere hinein. Aufnahme 1890-1936.,1890,Rudolf Zinggeler,,France,Auvergne-Rhône-Alpes,Monnetier,46.1603,6.20667,3,True,0,0.05,https://www.openstreetmap.org/?mlat=46.1603&mlon=6.20667&zoom=14
"France, Monnetier, Ortsteilansicht","Monnetier sur Salève (Frankreich). Ansicht des Dorfes mit Berghang und schmalen, langegezogenem Felsband zur Linken von Westen",,,Nein,Monnetier sur Salève,lcmt-nabi-pctmp_ead_zing_6750_pctmp.jpg,,circa 1890,,Schweizerische Nationalbibliothek,Rudolf Zinggeler,https://commons.wikimedia.org/entity/M159981965,"France, Monnetier sur Salève, Ortsteilansicht","Monnetier sur Salève (Frankreich). Ansicht des Dorfes mit Berghang und schmalen, langegezogenem Felsband zur Linken von Westen",1890,Rudolf Zinggeler,,France,Auvergne-Rhône-Alpes,Monnetier sur Salève,,,0,False,0,,
"France, Monnetier, Château de l'Ermitage, Gesamtansicht",Monnetier s. Salève (Frankreich). Landschaft. Abhang mit einem Schloss über einer Felswand (am Salève?) Schloss Monnetier von Westen mit nkächster Umgebung,,,Nein,Monnetier sur Salève,lcmt-nabi-pctmp_ead_zing_6751_pctmp.jpg,,circa 1890,,Schweizerische Nationalbibliothek,Rudolf Zinggeler,https://commons.wikimedia.org/entity/M159982001,"France, Monnetier, Château de l'Ermitage",Monnetier s. Salève (Frankreich). Landschaft. Abhang mit einem Schloss über einer Felswand (am Salève?) Schloss Monnetier von Westen mit nkächster Umgebung,1890,Rudolf Zinggeler,,France,Auvergne-Rhône-Alpes,Monnetier sur Salève,46.1638204,6.2026286,4,False,1,,https://www.openstreetmap.org/?mlat=46.1638204&mlon=6.2026286&zoom=14
"France, Annemasse, Arve, Teilansicht",Annemasse (Frankreich). Landschaft am Flusse Arve bei Genf. Im Vordergrund das Tracé einer Strasse und einer Bahnlinie. Blick gegen Osten?,46.1934005,6.2341093,Nein,Annemasse,lcmt-nabi-pctmp_ead_zing_6752_pctmp.jpg,,circa 1890,,Schweizerische Nationalbibliothek,Rudolf Zinggeler,https://commons.wikimedia.org/entity/M159976417,"France, Annemasse, Arve-Teilansicht",Annemasse (Frankreich). Landschaft am Flusse Arve bei Genf. Im Vordergrund das Tracé einer Strasse und einer Bahnlinie. Blick gegen Osten?,1890,Rudolf Zinggeler,,France,Auvergne-Rhône-Alpes,Annemasse,46.2007,6.1216,5,False,0,8.7,https://www.openstreetmap.org/?mlat=46.2007&mlon=6.1216&zoom=14
Magnetisches Feld,Schweiz. Physik. Darstellung eines magnetischen Kraftfeldes. Aufnahme 1890-1936.,,,Nein,,lcmt-nabi-pctmp_ead_zing_7065_pctmp.jpg,,1890-1936,,Schweizerische Nationalbibliothek,Rudolf Zinggeler,https://commons.wikimedia.org/entity/M159665260,Magnetisches Feld,Schweiz. Physik. Darstellung eines magnetischen Kraftfeldes. Aufnahme 1890-1936.,1890-1936,Rudolf Zinggeler,,Switzerland,,,,,0,False,0,,
Magnetisches Feld,Schweiz. Physik. Darstellung eines magnetischen Kraftfeldes. Aufnahme 1890-1936.,,,Nein,,lcmt-nabi-pctmp_ead_zing_7066_pctmp.jpg,,1890-1936,,Schweizerische Nationalbibliothek,Rudolf Zinggeler,https://commons.wikimedia.org/entity/M159665305,Magnetisches Feld,Schweiz. Physik. Darstellung eines magnetischen Kraftfeldes. Aufnahme 1890-1936.,1890-1936,Rudolf Zinggeler,,Switzerland,,,,,0,False,0,,
Magnetisches Feld,Schweiz. Physik. Darstellung eines magnetischen Kraftfeldes. Aufnahme 1890-1936.,,,Nein,,lcmt-nabi-pctmp_ead_zing_7067_pctmp.jpg,,1890-1936,,Schweizerische Nationalbibliothek,Rudolf Zinggeler,https://commons.wikimedia.org/entity/M159665348,Magnetisches Feld,Schweiz. Physik. Darstellung eines magnetischen Kraftfeldes. Aufnahme 1890-1936.,1890-1936,Rudolf Zinggeler,,Switzerland,,,,,0,False,0,,
"Schweiz, Landschaft [Lokalisierung unsicher]",Schweiz. Naturphänomen. Spinnennetz mit Wasserperlen besetzt,,,Nein,,lcmt-nabi-pctmp_ead_zing_7150_pctmp.jpg,,1890-1936,,Schweizerische Nationalbibliothek,Rudolf Zinggeler,https://commons.wikimedia.org/entity/M159665370,"Schweiz, Landschaft",Schweiz. Naturphänomen. Spinnennetz mit Wasserperlen besetzt,1890-1936,Rudolf Zinggeler,,Switzerland,,,,,0,False,0,,
"Schweiz, Landschaft [Lokalisierung unsicher]","Schweiz. Naturphänomen. Spinnennetz. Grosses, gleichmässig gearbeitetes, mit Wasserperlen besetztes Exemplar an einer Weisstanne",,,Nein,,lcmt-nabi-pctmp_ead_zing_7151_pctmp.jpg,,1890-1936,,Schweizerische Nationalbibliothek,Rudolf Zinggeler,https://commons.wikimedia.org/entity/M159911804,"Schweiz, Landschaft","Schweiz. Naturphänomen. Spinnennetz. Grosses, gleichmässig gearbeitetes, mit Wasserperlen besetztes Exemplar an einer Weisstanne",1890-1936,Rudolf Zinggeler,,Switzerland,,,,,0,False,0,,
"Schweiz, Gesamtaussenansicht eines Hauses [Lokalisierung unsicher]",Schweiz. Ein Wohnhaus aus Backstein; zwei Obergeschosse; Fenster des Hochparterres mit Verdachung; grosses Gittertor als Garteneingang,,,Nein,,lcmt-nabi-pctmp_ead_zing_7409_pctmp.jpg,,1890-1936,,Schweizerische Nationalbibliothek,Rudolf Zinggeler,https://commons.wikimedia.org/entity/M159665475,"Schweiz, Gesamtaussenansicht eines Hauses",Schweiz. Ein Wohnhaus aus Backstein; zwei Obergeschosse; Fenster des Hochparterres mit Verdachung; grosses Gittertor als Garteneingang,1890-1936,Rudolf Zinggeler,,Switzerland,,,,,0,False,0,,
"Schweiz, Landschaft [Lokalisierung unsicher]",Schweiz. Seelandschaft. Uferhalden mit Rebbergen; rechts ein alter Herrschaftssitz mit zwei Garten-Eckpavillons; Ansicht vom See aus. Aufnahme 1890-1936.,,,Nein,,lcmt-nabi-pctmp_ead_zing_7464_pctmp.jpg,,1890-1936,,Schweizerische Nationalbibliothek,Rudolf Zinggeler,https://commons.wikimedia.org/entity/M159665544,"Schweiz, Seelandschaft",Schweiz. Seelandschaft. Uferhalden mit Rebbergen; rechts ein alter Herrschaftssitz mit zwei Garten-Eckpavillons; Ansicht vom See aus. Aufnahme 1890-1936.,1890-1936,Rudolf Zinggeler,,Switzerland,,,,,0,False,0,,
"Schweiz, Landschaft [Lokalisierung unsicher]",Schweiz. Landschaft. Blick in ein tobelartiges Tal mit viel Laub- und Nadelgehölz,,,Nein,,lcmt-nabi-pctmp_ead_zing_7501_pctmp.jpg,,1890-1936,,Schweizerische Nationalbibliothek,Rudolf Zinggeler,https://commons.wikimedia.org/entity/M159665599,"Schweiz, Landschaft",Schweiz. Landschaft. Blick in ein tobelartiges Tal mit viel Laub- und Nadelgehölz,1890-1936,Rudolf Zinggeler,,Switzerland,,,,,0,False,0,,
"Porträt, Männliche Person, Richterswil",Schweiz. Vereinswesen. Männerverein unterwegs auf einer Bergwanderung,,,Nein,,lcmt-nabi-pctmp_ead_zing_7529_pctmp.jpg,,circa 1890,,Schweizerische Nationalbibliothek,Rudolf Zinggeler,https://commons.wikimedia.org/entity/M159986662,"Porträt, Männliche Person, Richterswil",Schweiz. Vereinswesen. Männerverein unterwegs auf einer Bergwanderung,1890,Rudolf Zinggeler,,Switzerland,Kanton Zürich,Richterswil,47.20622,8.69686,3,True,0,,https://www.openstreetmap.org/?mlat=47.20622&mlon=8.69686&zoom=14
"Porträt, Männliche Person, Richterswil","Schweiz. Vereinswesen. Eine Gruppe von sechs jüngern Männern, wandermässig ausgestattet, unterwegs auf einer Bergwanderung",,,Nein,,lcmt-nabi-pctmp_ead_zing_7530_pctmp.jpg,,circa 1890,,Schweizerische Nationalbibliothek,Rudolf Zinggeler,https://commons.wikimedia.org/entity/M159986729,"Porträt, Männliche Person, Richterswil","Schweiz. Vereinswesen. Eine Gruppe von sechs jüngern Männern, wandermässig ausgestattet, unterwegs auf einer Bergwanderung",1890,Rudolf Zinggeler,,Switzerland,Kanton Zürich,Richterswil,47.20622,8.69686,3,True,0,,https://www.openstreetmap.org/?mlat=47.20622&mlon=8.69686&zoom=14
"Porträt, Männliche Person, Richterswil",Schweiz. Vereinswesen. Fünf Männer in guter Stimmung auf einem Vereinsausflug auf einer Anhöhe,,,Nein,,lcmt-nabi-pctmp_ead_zing_7531_pctmp.jpg,,circa 1890,,Schweizerische Nationalbibliothek,Rudolf Zinggeler,https://commons.wikimedia.org/entity/M159986777,"Porträt, Männliche Person, Richterswil",Schweiz. Vereinswesen. Fünf Männer in guter Stimmung auf einem Vereinsausflug auf einer Anhöhe,1890,Rudolf Zinggeler,,Switzerland,Kanton Zürich,Richterswil,47.20622,8.69686,3,True,0,,https://www.openstreetmap.org/?mlat=47.20622&mlon=8.69686&zoom=14
"Porträt, Männliche Person, Richterswil","Schweiz. Vereinswesen, Schiesswesen. Ein Schiessverein, vor einer Hause gruppiert, mit Gewehren und Fahne, Zeigermannschaft",,,Nein,,lcmt-nabi-pctmp_ead_zing_7533_pctmp.jpg,,circa 1890,,Schweizerische Nationalbibliothek,Rudolf Zinggeler,https://commons.wikimedia.org/entity/M159986827,"Porträt, Männliche Person, Richterswil","Schweiz. Vereinswesen, Schiesswesen. Ein Schiessverein, vor einer Hause gruppiert, mit Gewehren und Fahne, Zeigermannschaft",1890,Rudolf Zinggeler,,Switzerland,Kanton Zürich,Richterswil,47.20622,8.69686,3,True,0,,https://www.openstreetmap.org/?mlat=47.20622&mlon=8.69686&zoom=14
"Porträt, Männliche Person, Richterswil","Schweiz. Vereins-, Schiesswesen. Gruppe von fünfzehn Männern mit Gewehren, sonntäglich gekleidet, unterwegs zu oder von einer Schiessveranstaltung",,,Nein,,lcmt-nabi-pctmp_ead_zing_7534_pctmp.jpg,,circa 1890,,Schweizerische Nationalbibliothek,Rudolf Zinggeler,https://commons.wikimedia.org/entity/M159986938,"Porträt, Männliche Person, Richterswil","Schweiz. Vereins-, Schiesswesen. Gruppe von fünfzehn Männern mit Gewehren, sonntäglich gekleidet, unterwegs zu oder von einer Schiessveranstaltung",1890,Rudolf Zinggeler,,Switzerland,Kanton Zürich,Richterswil,47.20622,8.69686,3,True,0,,https://www.openstreetmap.org/?mlat=47.20622&mlon=8.69686&zoom=14
"Porträt, Männliche Person, Richterswil","Schweiz. Vereins-, Schiesswesen. Ein Schützenverein, vor einer Hause gruppiert, mit Gewehren und Fahne, Zeigermannschaft",,,Nein,,lcmt-nabi-pctmp_ead_zing_7535_pctmp.jpg,,circa 1890,,Schweizerische Nationalbibliothek,Rudolf Zinggeler,https://commons.wikimedia.org/entity/M159987058,"Porträt, Männliche Person, Richterswil","Schweiz. Vereins-, Schiesswesen. Ein Schützenverein, vor einer Hause gruppiert, mit Gewehren und Fahne, Zeigermannschaft",1890,Rudolf Zinggeler,,Switzerland,Kanton Zürich,Richterswil,47.20622,8.69686,3,True,0,,https://www.openstreetmap.org/?mlat=47.20622&mlon=8.69686&zoom=14
"Porträt, Männliche Person, Richterswil","Schweiz. Vereins-, Schiesswesen. Gruppe von fünfzehn Männern mit Gewehren, unterwegs zu oder von einer Schiessveranstaltung",,,Nein,,lcmt-nabi-pctmp_ead_zing_7536_pctmp.jpg,,circa 1890,,Schweizerische Nationalbibliothek,Rudolf Zinggeler,https://commons.wikimedia.org/entity/M160448766,"Porträt, Männliche Person, Richterswil","Schweiz. Vereins-, Schiesswesen. Gruppe von fünfzehn Männern mit Gewehren, unterwegs zu oder von einer Schiessveranstaltung",1890,Rudolf Zinggeler,,Switzerland,Kanton Zürich,Richterswil,47.20622,8.69686,3,True,0,,https://www.openstreetmap.org/?mlat=47.20622&mlon=8.69686&zoom=14
"Porträt, Männliche Person, Richterswil","Schweiz. Vereinswesen. Zwei Dutzend Mann Vereinsmitglieder, sonntäglich gekleidet mit Fahne, unterwegs auf der Heimkehr, in waldigem Gelände",,,Nein,,lcmt-nabi-pctmp_ead_zing_7537_pctmp.jpg,,circa 1890,,Schweizerische Nationalbibliothek,Rudolf Zinggeler,https://commons.wikimedia.org/entity/M159987259,"Porträt, Männliche Person, Richterswil","Schweiz. Vereinswesen. Zwei Dutzend Mann Vereinsmitglieder, sonntäglich gekleidet mit Fahne, unterwegs auf der Heimkehr, in waldigem Gelände",1890,Rudolf Zinggeler,,Switzerland,Kanton Zürich,Richterswil,47.20622,8.69686,3,True,0,,https://www.openstreetmap.org/?mlat=47.20622&mlon=8.69686&zoom=14
"Porträt, Männliche Person, Schweiz","Schweiz. Bauerntum. Teil-Aussenansicht eines Stalles mit Tenntor, der Besitzer und zwei Knechte",,,Nein,,lcmt-nabi-pctmp_ead_zing_7570_pctmp.jpg,,1890-1936,,Schweizerische Nationalbibliothek,Rudolf Zinggeler,https://commons.wikimedia.org/entity/M159665618,"Porträt, Männliche Person, Schweiz","Schweiz. Bauerntum. Teil-Aussenansicht eines Stalles mit Tenntor, der Besitzer und zwei Knechte",1890-1936,Rudolf Zinggeler,,Switzerland,,,,,0,False,0,,
"Schweiz, Ortsteilansicht eines Dorfes [Lokalisierung unsicher]","Schweiz. Dorfbild, Einzelbau. Altes Gebäude: Dorfschmiede/Wagnerei; Aussenansicht: Obergeschoss und Giebelfeld in Riegelwerk",,,Nein,,lcmt-nabi-pctmp_ead_zing_7577_pctmp.jpg,,1890-1936,,Schweizerische Nationalbibliothek,Rudolf Zinggeler,https://commons.wikimedia.org/entity/M159665716,"Schweiz, Ortsteilansicht eines Dorfes","Schweiz. Dorfbild, Einzelbau. Altes Gebäude: Dorfschmiede/Wagnerei; Aussenansicht: Obergeschoss und Giebelfeld in Riegelwerk",1890-1936,Rudolf Zinggeler,,Switzerland,,,,,0,False,0,,
Mineral,Schweiz. Mineralogie. Aufnahme 1890-1936.,,,Nein,,lcmt-nabi-pctmp_ead_zing_8093_pctmp.jpg,,1890-1936,,Schweizerische Nationalbibliothek,Rudolf Zinggeler,https://commons.wikimedia.org/entity/M159665761,Mineral,Schweiz. Mineralogie. Aufnahme 1890-1936.,1890-1936,Rudolf Zinggeler,,Switzerland,,,,,0,False,0,,
"Mineral, Brookit, Quarz",Schweiz. Mineralogie. Zwei Stücke Brookit und Quarz. Aufnahme 1890-1936.,,,Nein,,lcmt-nabi-pctmp_ead_zing_8094_pctmp.jpg,,1890-1936,,Schweizerische Nationalbibliothek,Rudolf Zinggeler,https://commons.wikimedia.org/entity/M159665793,"Mineral, Brookit, Quarz",Schweiz. Mineralogie. Zwei Stücke Brookit und Quarz. Aufnahme 1890-1936.,1890-1936,Rudolf Zinggeler,,Switzerland,,,,,0,False,0,,
Mineral,"Schweiz. Mineralogie. Stück aus Brookit und Quarzteilen bestehend, Kristalle. Aufnahme 1890-1936.",,,Nein,,lcmt-nabi-pctmp_ead_zing_8095_pctmp.jpg,,1890-1936,,Schweizerische Nationalbibliothek,Rudolf Zinggeler,https://commons.wikimedia.org/entity/M159911851,Mineral,"Schweiz. Mineralogie. Stück aus Brookit und Quarzteilen bestehend, Kristalle. Aufnahme 1890-1936.",1890-1936,Rudolf Zinggeler,,Switzerland,,,,,0,False,0,,
Mineral,Schweiz. Mineralogie. Brookit und Quarz. Kristallgruppe (zu Bild Nr. 8095). Aufnahme 1890-1936.,,,Nein,,lcmt-nabi-pctmp_ead_zing_8096_pctmp.jpg,,1890-1936,,Schweizerische Nationalbibliothek,Rudolf Zinggeler,https://commons.wikimedia.org/entity/M159665911,Mineral,Schweiz. Mineralogie. Brookit und Quarz. Kristallgruppe (zu Bild Nr. 8095). Aufnahme 1890-1936.,1890-1936,Rudolf Zinggeler,,Switzerland,,,,,0,False,0,,
Mineral,Schweiz. Mineralogie. Aufnahme 1890-1936.,,,Nein,,lcmt-nabi-pctmp_ead_zing_8097_pctmp.jpg,,1890-1936,,Schweizerische Nationalbibliothek,Rudolf Zinggeler,https://commons.wikimedia.org/entity/M159968868,Mineral,Schweiz. Mineralogie. Aufnahme 1890-1936.,1890-1936,Rudolf Zinggeler,,Switzerland,,,,,0,False,0,,
"Mineral, Haematit, Eisenrosen","Schweiz. Mineralogie. Hämatit, Eisenrosen. Fünf Stück einzeln. Aufnahme 1890-1936.",,,Nein,,lcmt-nabi-pctmp_ead_zing_8098_pctmp.jpg,,1890-1936,,Schweizerische Nationalbibliothek,Rudolf Zinggeler,https://commons.wikimedia.org/entity/M159666027,"Mineral, Haematit, Eisenrosen","Schweiz. Mineralogie. Hämatit, Eisenrosen. Fünf Stück einzeln. Aufnahme 1890-1936.",1890-1936,Rudolf Zinggeler,,Switzerland,,,,,0,False,0,,
"Mineral, Byssolith","Schweiz. Mineralogie. Byssolith, drei Stück. Aufnahme 1890-1936.",,,Nein,,lcmt-nabi-pctmp_ead_zing_8099_pctmp.jpg,,1890-1936,,Schweizerische Nationalbibliothek,Rudolf Zinggeler,https://commons.wikimedia.org/entity/M159912193,"Mineral, Byssolith","Schweiz. Mineralogie. Byssolith, drei Stück. Aufnahme 1890-1936.",1890-1936,Rudolf Zinggeler,,Switzerland,,,,,0,False,0,,
"Mineral, Apatit","Schweiz. Mineralogie. Apatit, vier Stück. Aufnahme 1890-1936.",,,Nein,,lcmt-nabi-pctmp_ead_zing_8100_pctmp.jpg,,1890-1936,,Schweizerische Nationalbibliothek,Rudolf Zinggeler,https://commons.wikimedia.org/entity/M159666115,"Mineral, Apatit","Schweiz. Mineralogie. Apatit, vier Stück. Aufnahme 1890-1936.",1890-1936,Rudolf Zinggeler,,Switzerland,,,,,0,False,0,,
Mineral,Schweiz. Mineralogie. Aufnahme 1890-1936.,,,Nein,,lcmt-nabi-pctmp_ead_zing_8101_pctmp.jpg,,1890-1936,,Schweizerische Nationalbibliothek,Rudolf Zinggeler,https://commons.wikimedia.org/entity/M159666146,Mineral,Schweiz. Mineralogie. Aufnahme 1890-1936.,1890-1936,Rudolf Zinggeler,,Switzerland,,,,,0,False,0,,
"Mineral, Rutil","Schweiz. Mineralogie. Institut der ETH. Rutil. Mehrere Stücke verschiedener Grösse, z.T. aus dem Lötschen-, z.T. aus dem Binnental (VS).Aufnahme 1890-1936.",,,Nein,,lcmt-nabi-pctmp_ead_zing_8102_pctmp.jpg,,1890-1936,,Schweizerische Nationalbibliothek,Rudolf Zinggeler,https://commons.wikimedia.org/entity/M159968899,"Mineral, Rutil","Schweiz. Mineralogie. Institut der ETH. Rutil. Mehrere Stücke verschiedener Grösse, z.T. aus dem Lötschen-, z.T. aus dem Binnental (VS).Aufnahme 1890-1936.",1890-1936,Rudolf Zinggeler,,Switzerland,Canton du Valais,,,,0,False,0,,
"Mineral, Laumontit",Schweiz. Mineralogie. Institut der ETH. Laumontit. 2 Stück. Aufnahme 1890-1936.,,,Nein,,lcmt-nabi-pctmp_ead_zing_8103_pctmp.jpg,,1890-1936,,Schweizerische Nationalbibliothek,Rudolf Zinggeler,https://commons.wikimedia.org/entity/M159912385,"Mineral, Laumontit",Schweiz. Mineralogie. Institut der ETH. Laumontit. 2 Stück. Aufnahme 1890-1936.,1890-1936,Rudolf Zinggeler,,Switzerland,,,,,0,False,0,,
Mineralien,"Schweiz. Mineralogie. Institut der ETH. Skolezit, Desmin, Apophyllit. Aufnahme 1890-1936.",,,Nein,,lcmt-nabi-pctmp_ead_zing_8104_pctmp.jpg,,1890-1936,,Schweizerische Nationalbibliothek,Rudolf Zinggeler,https://commons.wikimedia.org/entity/M159912478,Mineralien,"Schweiz. Mineralogie. Institut der ETH. Skolezit, Desmin, Apophyllit. Aufnahme 1890-1936.",1890-1936,Rudolf Zinggeler,,Switzerland,,,,,0,False,0,,
"Mineral, Haematit",Schweiz. Mineralogie. Institut der ETH. Hämatit (Eisenglanz) 4 Stück. Herkunft: Bündner Oberland. Aufnahme 1890-1936.,,,Nein,,lcmt-nabi-pctmp_ead_zing_8105_pctmp.jpg,,1890-1936,,Schweizerische Nationalbibliothek,Rudolf Zinggeler,https://commons.wikimedia.org/entity/M159968956,"Mineral, Haematit",Schweiz. Mineralogie. Institut der ETH. Hämatit (Eisenglanz) 4 Stück. Herkunft: Bündner Oberland. Aufnahme 1890-1936.,1890-1936,Rudolf Zinggeler,,Switzerland,Kanton Graubünden,,,,0,False,0,,
"Mineral, Haematit","Schweiz. Mineralogie. Institut der ETH. Hämatit, auf Quarz. Herkunft: Bündner Oberland. Aufnahme 1890-1936.",,,Nein,,lcmt-nabi-pctmp_ead_zing_8106_pctmp.jpg,,1890-1936,,Schweizerische Nationalbibliothek,Rudolf Zinggeler,https://commons.wikimedia.org/entity/M159666561,"Mineral, Haematit","Schweiz. Mineralogie. Institut der ETH. Hämatit, auf Quarz. Herkunft: Bündner Oberland. Aufnahme 1890-1936.",1890-1936,Rudolf Zinggeler,,Switzerland,Kanton Graubünden,,,,0,False,0,,
"Mineral, Quarz","Schweiz. Mineralogie. Quarz. Vier Exemplare verschiedener Grösse und Form, davon zwei gedrehte. Aufnahme 1890-1936.",,,Nein,,lcmt-nabi-pctmp_ead_zing_8107_pctmp.jpg,,1890-1936,,Schweizerische Nationalbibliothek,Rudolf Zinggeler,https://commons.wikimedia.org/entity/M159666615,"Mineral, Quarz","Schweiz. Mineralogie. Quarz. Vier Exemplare verschiedener Grösse und Form, davon zwei gedrehte. Aufnahme 1890-1936.",1890-1936,Rudolf Zinggeler,,Switzerland,,,,,0,False,0,,
"Mineral, Pyrit",Schweiz. Mineralogie. Pyrit. Vier Stücke von verschiedener Grösse. Aufnahme 1890-1936.,,,Nein,,lcmt-nabi-pctmp_ead_zing_8108_pctmp.jpg,,1890-1936,,Schweizerische Nationalbibliothek,Rudolf Zinggeler,https://commons.wikimedia.org/entity/M159666668,"Mineral, Pyrit",Schweiz. Mineralogie. Pyrit. Vier Stücke von verschiedener Grösse. Aufnahme 1890-1936.,1890-1936,Rudolf Zinggeler,,Switzerland,,,,,0,False,0,,
"Mineral, Bohnerz",Schweiz. Mineralogie. Bohnerz. Drei Stücke von verschiedener Grösse. Aufnahme 1890-1936.,,,Nein,,lcmt-nabi-pctmp_ead_zing_8109_pctmp.jpg,,1890-1936,,Schweizerische Nationalbibliothek,Rudolf Zinggeler,https://commons.wikimedia.org/entity/M159666730,"Mineral, Bohnerz",Schweiz. Mineralogie. Bohnerz. Drei Stücke von verschiedener Grösse. Aufnahme 1890-1936.,1890-1936,Rudolf Zinggeler,,Switzerland,,,,,0,False,0,,
"Mineral, Markasit",Schweiz. Mineralogie. Markasit. Drei Exemplare. Aufnahme 1890-1936.,,,Nein,,lcmt-nabi-pctmp_ead_zing_8110_pctmp.jpg,,1890-1936,,Schweizerische Nationalbibliothek,Rudolf Zinggeler,https://commons.wikimedia.org/entity/M159666790,"Mineral, Markasit",Schweiz. Mineralogie. Markasit. Drei Exemplare. Aufnahme 1890-1936.,1890-1936,Rudolf Zinggeler,,Switzerland,,,,,0,False,0,,
Mineral,Schweiz. Mineralogie. (Bohnerz?) ein Klumpen. Aufnahme 1890-1936.,,,Nein,,lcmt-nabi-pctmp_ead_zing_8111_pctmp.jpg,,1890-1936,,Schweizerische Nationalbibliothek,Rudolf Zinggeler,https://commons.wikimedia.org/entity/M159666928,Mineral,Schweiz. Mineralogie. (Bohnerz?) ein Klumpen. Aufnahme 1890-1936.,1890-1936,Rudolf Zinggeler,,Switzerland,,,,,0,False,0,,
Mineral,Schweiz. Mineralogie. Mesitinspat (?) Klumpen mit blättrigem Ueberzug. Aufnahme 1890-1936.,,,Nein,,lcmt-nabi-pctmp_ead_zing_8112_pctmp.jpg,,1890-1936,,Schweizerische Nationalbibliothek,Rudolf Zinggeler,https://commons.wikimedia.org/entity/M159666930,Mineral,Schweiz. Mineralogie. Mesitinspat (?) Klumpen mit blättrigem Ueberzug. Aufnahme 1890-1936.,1890-1936,Rudolf Zinggeler,,Switzerland,,,,,0,False,0,,
"Mineral, Rutilnadeln","Schweiz. Mineralogie. Rutilnadeln, auf anderem Gestein gewachsen (Vergrösserung). Aufnahme 1890-1936.",,,Nein,,lcmt-nabi-pctmp_ead_zing_8113_pctmp.jpg,,1890-1936,,Schweizerische Nationalbibliothek,Rudolf Zinggeler,https://commons.wikimedia.org/entity/M159666962,"Mineral, Rutilnadeln","Schweiz. Mineralogie. Rutilnadeln, auf anderem Gestein gewachsen (Vergrösserung). Aufnahme 1890-1936.",1890-1936,Rudolf Zinggeler,,Switzerland,,,,,0,False,0,,
"Mineral, Rutilnadeln",Schweiz. Mineralogie. Gruppe mit einzelnen Rutilnadeln nebst andern Bildungen (Vergrösserung). Aufnahme 1890-1936.,,,Nein,,lcmt-nabi-pctmp_ead_zing_8114_pctmp.jpg,,1890-1936,,Schweizerische Nationalbibliothek,Rudolf Zinggeler,https://commons.wikimedia.org/entity/M159667003,"Mineral, Rutilnadeln",Schweiz. Mineralogie. Gruppe mit einzelnen Rutilnadeln nebst andern Bildungen (Vergrösserung). Aufnahme 1890-1936.,1890-1936,Rudolf Zinggeler,,Switzerland,,,,,0,False,0,,
"Mineral, Fluorit, Calcit",Schweiz. Mineralogie. Fluorit und Calzit (am gleichen Stück). Aufnahme 1890-1936.,,,Nein,,lcmt-nabi-pctmp_ead_zing_8115_pctmp.jpg,,1890-1936,,Schweizerische Nationalbibliothek,Rudolf Zinggeler,https://commons.wikimedia.org/entity/M159667032,"Mineral, Fluorit, Calcit",Schweiz. Mineralogie. Fluorit und Calzit (am gleichen Stück). Aufnahme 1890-1936.,1890-1936,Rudolf Zinggeler,,Switzerland,,,,,0,False,0,,
Mineral,"Schweiz. Mineralogie. Fluorit, Calzit(?). Aufnahme 1890-1936.",,,Nein,,lcmt-nabi-pctmp_ead_zing_8116_pctmp.jpg,,1890-1936,,Schweizerische Nationalbibliothek,Rudolf Zinggeler,https://commons.wikimedia.org/entity/M159667067,Mineral,"Schweiz. Mineralogie. Fluorit, Calzit(?). Aufnahme 1890-1936.",1890-1936,Rudolf Zinggeler,,Switzerland,,,,,0,False,0,,
"Mineral, Rutil, Apatit, Quarz, Chlorit","Schweiz. Mineralogie. Rutil, Apatit, Quarz, Chlorit (an einem Stück). Aufnahme 1890-1936.",,,Nein,,lcmt-nabi-pctmp_ead_zing_8117_pctmp.jpg,,1890-1936,,Schweizerische Nationalbibliothek,Rudolf Zinggeler,https://commons.wikimedia.org/entity/M159667092,"Mineral, Rutil, Apatit, Quarz, Chlorit","Schweiz. Mineralogie. Rutil, Apatit, Quarz, Chlorit (an einem Stück). Aufnahme 1890-1936.",1890-1936,Rudolf Zinggeler,,Switzerland,,,,,0,False,0,,
Mineral,"Schweiz. Mineralogie. Rutil, Apatit, Quarz, Chlorit (an einem Stück). Aufnahme 1890-1936.",,,Nein,,lcmt-nabi-pctmp_ead_zing_8118_pctmp.jpg,,1890-1936,,Schweizerische Nationalbibliothek,Rudolf Zinggeler,https://commons.wikimedia.org/entity/M159912697,Mineral,"Schweiz. Mineralogie. Rutil, Apatit, Quarz, Chlorit (an einem Stück). Aufnahme 1890-1936.",1890-1936,Rudolf Zinggeler,,Switzerland,,,,,0,False,0,,
Mineral,Schweiz. Mineralogie. Pyrit (?); grosser Klumpen mit viel Kristallen. Aufnahme 1890-1936.,,,Nein,,lcmt-nabi-pctmp_ead_zing_8119_pctmp.jpg,,1890-1936,,Schweizerische Nationalbibliothek,Rudolf Zinggeler,https://commons.wikimedia.org/entity/M159667172,Mineral,Schweiz. Mineralogie. Pyrit (?); grosser Klumpen mit viel Kristallen. Aufnahme 1890-1936.,1890-1936,Rudolf Zinggeler,,Switzerland,,,,,0,False,0,,
"Mineral, Bohnerz",Schweiz. Mineralogie. Bohnerz. Eine Anzahl einzelner Kügelchen. Aufnahme 1890-1936.,,,Nein,,lcmt-nabi-pctmp_ead_zing_8120_pctmp.jpg,,1890-1936,,Schweizerische Nationalbibliothek,Rudolf Zinggeler,https://commons.wikimedia.org/entity/M159912754,"Mineral, Bohnerz",Schweiz. Mineralogie. Bohnerz. Eine Anzahl einzelner Kügelchen. Aufnahme 1890-1936.,1890-1936,Rudolf Zinggeler,,Switzerland,,,,,0,False,0,,
"Mineral, Rauchquarz","Schweiz. Mineralogie. Rauchquarz, drei Stück. Aufnahme 1890-1936.",,,Nein,,lcmt-nabi-pctmp_ead_zing_8121_pctmp.jpg,,1890-1936,,Schweizerische Nationalbibliothek,Rudolf Zinggeler,https://commons.wikimedia.org/entity/M159969113,"Mineral, Rauchquarz","Schweiz. Mineralogie. Rauchquarz, drei Stück. Aufnahme 1890-1936.",1890-1936,Rudolf Zinggeler,,Switzerland,,,,,0,False,0,,
Mineral,Schweiz. Mineralogie. Aufnahme 1890-1936.,,,Nein,,lcmt-nabi-pctmp_ead_zing_8122_pctmp.jpg,,1890-1936,,Schweizerische Nationalbibliothek,Rudolf Zinggeler,https://commons.wikimedia.org/entity/M159667340,Mineral,Schweiz. Mineralogie. Aufnahme 1890-1936.,1890-1936,Rudolf Zinggeler,,Switzerland,,,,,0,False,0,,
Mineral,Schweiz. Mineralogie. Siderit (?). Zwei Stück mit verschieden groben Partikeln. Aufnahme 1890-1936.,,,Nein,,lcmt-nabi-pctmp_ead_zing_8123_pctmp.jpg,,1890-1936,,Schweizerische Nationalbibliothek,Rudolf Zinggeler,https://commons.wikimedia.org/entity/M159667385,Mineral,Schweiz. Mineralogie. Siderit (?). Zwei Stück mit verschieden groben Partikeln. Aufnahme 1890-1936.,1890-1936,Rudolf Zinggeler,,Switzerland,,,,,0,False,0,,
Mineral,"Schweiz. Mineralogie. Achatähnliches Mineral; zwei Stück, deren eines teilweise blätterig verwittert. Aufnahme 1890-1936.",,,Nein,,lcmt-nabi-pctmp_ead_zing_8124_pctmp.jpg,,1890-1936,,Schweizerische Nationalbibliothek,Rudolf Zinggeler,https://commons.wikimedia.org/entity/M159667397,Mineral,"Schweiz. Mineralogie. Achatähnliches Mineral; zwei Stück, deren eines teilweise blätterig verwittert. Aufnahme 1890-1936.",1890-1936,Rudolf Zinggeler,,Switzerland,,,,,0,False,0,,
Mineral,Schweiz. Mineralogie. Mineralklumpen mit mehreren kräftigen Pyrit (?)-Kristallen. Aufnahme 1890-1936.,,,Nein,,lcmt-nabi-pctmp_ead_zing_8125_pctmp.jpg,,1890-1936,,Schweizerische Nationalbibliothek,Rudolf Zinggeler,https://commons.wikimedia.org/entity/M159667422,Mineral,Schweiz. Mineralogie. Mineralklumpen mit mehreren kräftigen Pyrit (?)-Kristallen. Aufnahme 1890-1936.,1890-1936,Rudolf Zinggeler,,Switzerland,,,,,0,False,0,,
"Mineral, Pyrit",Schweiz. Mineralogie. Pyrit. Zwei Stück verschiedener Form und Volumens. Aufnahme 1890-1936.,,,Nein,,lcmt-nabi-pctmp_ead_zing_8126_pctmp.jpg,,1890-1936,,Schweizerische Nationalbibliothek,Rudolf Zinggeler,https://commons.wikimedia.org/entity/M159667445,"Mineral, Pyrit",Schweiz. Mineralogie. Pyrit. Zwei Stück verschiedener Form und Volumens. Aufnahme 1890-1936.,1890-1936,Rudolf Zinggeler,,Switzerland,,,,,0,False,0,,
Mineral,"Schweiz. Mineralogie. Turmalin (?); vier Stück, eines separat, drei auf natürlicher Steinunterlage (Kalkstein?). Aufnahme 1890-1936.",,,Nein,,lcmt-nabi-pctmp_ead_zing_8127_pctmp.jpg,,1890-1936,,Schweizerische Nationalbibliothek,Rudolf Zinggeler,https://commons.wikimedia.org/entity/M159667476,Mineral,"Schweiz. Mineralogie. Turmalin (?); vier Stück, eines separat, drei auf natürlicher Steinunterlage (Kalkstein?). Aufnahme 1890-1936.",1890-1936,Rudolf Zinggeler,,Switzerland,,,,,0,False,0,,
Mineral,Schweiz. Mineralogie. Carbonat (?); zwei Exemplare. Aufnahme 1890-1936.,,,Nein,,lcmt-nabi-pctmp_ead_zing_8128_pctmp.jpg,,1890-1936,,Schweizerische Nationalbibliothek,Rudolf Zinggeler,https://commons.wikimedia.org/entity/M159667515,Mineral,Schweiz. Mineralogie. Carbonat (?); zwei Exemplare. Aufnahme 1890-1936.,1890-1936,Rudolf Zinggeler,,Switzerland,,,,,0,False,0,,
Mineral,Schweiz. Mineralogie. Aufnahme 1890-1936.,,,Nein,,lcmt-nabi-pctmp_ead_zing_8129_pctmp.jpg,,1890-1936,,Schweizerische Nationalbibliothek,Rudolf Zinggeler,https://commons.wikimedia.org/entity/M159667551,Mineral,Schweiz. Mineralogie. Aufnahme 1890-1936.,1890-1936,Rudolf Zinggeler,,Switzerland,,,,,0,False,0,,
"Mineral, Quarz mit Rutilnadeln",Schweiz. Mineralogie. Quarz mit Rutilnadeln im Innern. Mehrteilige Gruppe von verschieden grossen Kristallen. Aufnahme 1890-1936.,,,Nein,,lcmt-nabi-pctmp_ead_zing_8130_pctmp.jpg,,1890-1936,,Schweizerische Nationalbibliothek,Rudolf Zinggeler,https://commons.wikimedia.org/entity/M159667594,"Mineral, Quarz mit Rutilnadeln",Schweiz. Mineralogie. Quarz mit Rutilnadeln im Innern. Mehrteilige Gruppe von verschieden grossen Kristallen. Aufnahme 1890-1936.,1890-1936,Rudolf Zinggeler,,Switzerland,,,,,0,False,0,,
"Mineral, Quarz mit Rutil",Schweiz. Mineralogie. Quarz mit Rutilnadeln (Variant Aufnahme zu 8130). Aufnahme 1890-1936.,,,Nein,,lcmt-nabi-pctmp_ead_zing_8131_pctmp.jpg,,1890-1936,,Schweizerische Nationalbibliothek,Rudolf Zinggeler,https://commons.wikimedia.org/entity/M159667637,"Mineral, Quarz mit Rutil",Schweiz. Mineralogie. Quarz mit Rutilnadeln (Variant Aufnahme zu 8130). Aufnahme 1890-1936.,1890-1936,Rudolf Zinggeler,,Switzerland,,,,,0,False,0,,
"Mineral, Quarz, Rutil",Schweiz. Mineralogie. Quarz mit Rutilnadeln (Variant Aufnahme zu 8130). Aufnahme 1890-1936.,,,Nein,,lcmt-nabi-pctmp_ead_zing_8132_pctmp.jpg,,1890-1936,,Schweizerische Nationalbibliothek,Rudolf Zinggeler,https://commons.wikimedia.org/entity/M159667886,"Mineral, Quarz, Rutil",Schweiz. Mineralogie. Quarz mit Rutilnadeln (Variant Aufnahme zu 8130). Aufnahme 1890-1936.,1890-1936,Rudolf Zinggeler,,Switzerland,,,,,0,False,0,,
"Mineral, Quarz mit Rutil",Schweiz. Mineralogie. Quarz mit Rutilnadeln (Variant Aufnahme zu 8130). Aufnahme 1890-1936.,,,Nein,,lcmt-nabi-pctmp_ead_zing_8133_pctmp.jpg,,1890-1936,,Schweizerische Nationalbibliothek,Rudolf Zinggeler,https://commons.wikimedia.org/entity/M159667883,"Mineral, Quarz mit Rutil",Schweiz. Mineralogie. Quarz mit Rutilnadeln (Variant Aufnahme zu 8130). Aufnahme 1890-1936.,1890-1936,Rudolf Zinggeler,,Switzerland,,,,,0,False,0,,
"Mineral, Eisenrosen",Schweiz. Mineralogie. Eisenrosen: Hämatit. Mehrere Exemplare auf natürlicher Steinunterlage. Aufnahme 1890-1936.,,,Nein,,lcmt-nabi-pctmp_ead_zing_8134_pctmp.jpg,,1890-1936,,Schweizerische Nationalbibliothek,Rudolf Zinggeler,https://commons.wikimedia.org/entity/M159668062,"Mineral, Eisenrosen",Schweiz. Mineralogie. Eisenrosen: Hämatit. Mehrere Exemplare auf natürlicher Steinunterlage. Aufnahme 1890-1936.,1890-1936,Rudolf Zinggeler,,Switzerland,,,,,0,False,0,,
"Mineral, Anatas",Schweiz. Mineralogie. Anatas. Eine Menge kleiner Kristalle auf natürlicher Steinunterlage. Aufnahme 1890-1936.,,,Nein,,lcmt-nabi-pctmp_ead_zing_8135_pctmp.jpg,,1890-1936,,Schweizerische Nationalbibliothek,Rudolf Zinggeler,https://commons.wikimedia.org/entity/M159912986,"Mineral, Anatas",Schweiz. Mineralogie. Anatas. Eine Menge kleiner Kristalle auf natürlicher Steinunterlage. Aufnahme 1890-1936.,1890-1936,Rudolf Zinggeler,,Switzerland,,,,,0,False,0,,
"Mineral, Quarz",Schweiz. Mineralogie. Quarz (Rauch-?). Grosser und kleiner Turm. Aufnahme 1890-1936.,,,Nein,,lcmt-nabi-pctmp_ead_zing_8136_pctmp.jpg,,1890-1936,,Schweizerische Nationalbibliothek,Rudolf Zinggeler,https://commons.wikimedia.org/entity/M159668221,"Mineral, Quarz",Schweiz. Mineralogie. Quarz (Rauch-?). Grosser und kleiner Turm. Aufnahme 1890-1936.,1890-1936,Rudolf Zinggeler,,Switzerland,,,,,0,False,0,,
Mineral,"Schweiz. Mineralogie. Krokit (?). Klumpen, von einem Neztwerk ineinander verwachsener Stäbe überzogen. Aufnahme 1890-1936.",,,Nein,,lcmt-nabi-pctmp_ead_zing_8137_pctmp.jpg,,1890-1936,,Schweizerische Nationalbibliothek,Rudolf Zinggeler,https://commons.wikimedia.org/entity/M159668274,Mineral,"Schweiz. Mineralogie. Krokit (?). Klumpen, von einem Neztwerk ineinander verwachsener Stäbe überzogen. Aufnahme 1890-1936.",1890-1936,Rudolf Zinggeler,,Switzerland,,,,,0,False,0,,
"Mineral, Rauchquarz",Schweiz. Mineralogie. Rauchquarz. Grösserer Turm auf natürlicher Unterlage. Aufnahme 1890-1936.,,,Nein,,lcmt-nabi-pctmp_ead_zing_8138_pctmp.jpg,,1890-1936,,Schweizerische Nationalbibliothek,Rudolf Zinggeler,https://commons.wikimedia.org/entity/M159668343,"Mineral, Rauchquarz",Schweiz. Mineralogie. Rauchquarz. Grösserer Turm auf natürlicher Unterlage. Aufnahme 1890-1936.,1890-1936,Rudolf Zinggeler,,Switzerland,,,,,0,False,0,,
"Mineral, Rauchquarz mit Rutil","Schweiz. Mineralogie. Quarz mit Rutil. Drei verschieden grosse Exemplare, separat. Aufnahme 1890-1936.",,,Nein,,lcmt-nabi-pctmp_ead_zing_8139_pctmp.jpg,,1890-1936,,Schweizerische Nationalbibliothek,Rudolf Zinggeler,https://commons.wikimedia.org/entity/M159668396,"Mineral, Rauchquarz mit Rutil","Schweiz. Mineralogie. Quarz mit Rutil. Drei verschieden grosse Exemplare, separat. Aufnahme 1890-1936.",1890-1936,Rudolf Zinggeler,,Switzerland,,,,,0,False,0,,
"Mineral, Korrodierter Quarz",Schweiz. Mineralogie. Quarz. Klumpen mit korrodierten Flächen. Aufnahme 1890-1936.,,,Nein,,lcmt-nabi-pctmp_ead_zing_8140_pctmp.jpg,,1890-1936,,Schweizerische Nationalbibliothek,Rudolf Zinggeler,https://commons.wikimedia.org/entity/M159668453,"Mineral, Korrodierter Quarz",Schweiz. Mineralogie. Quarz. Klumpen mit korrodierten Flächen. Aufnahme 1890-1936.,1890-1936,Rudolf Zinggeler,,Switzerland,,,,,0,False,0,,
"Mineral, Rauchquarz",Schweiz. Mineralogie. Rauchquarz. Zwei Exemplare. Aufnahme 1890-1936.,,,Nein,,lcmt-nabi-pctmp_ead_zing_8141_pctmp.jpg,,1890-1936,,Schweizerische Nationalbibliothek,Rudolf Zinggeler,https://commons.wikimedia.org/entity/M159913030,"Mineral, Rauchquarz",Schweiz. Mineralogie. Rauchquarz. Zwei Exemplare. Aufnahme 1890-1936.,1890-1936,Rudolf Zinggeler,,Switzerland,,,,,0,False,0,,
"Mineral, Adular",Schweiz. Mineralogie. Adular. Klumpen mit z.T. scharf geschroteten Seitenflächen und scharfer Kante. Aufnahme 1890-1936.,,,Nein,,lcmt-nabi-pctmp_ead_zing_8142_pctmp.jpg,,1890-1936,,Schweizerische Nationalbibliothek,Rudolf Zinggeler,https://commons.wikimedia.org/entity/M159668623,"Mineral, Adular",Schweiz. Mineralogie. Adular. Klumpen mit z.T. scharf geschroteten Seitenflächen und scharfer Kante. Aufnahme 1890-1936.,1890-1936,Rudolf Zinggeler,,Switzerland,,,,,0,False,0,,
"Mineral, Quarz",Schweiz. Mineralogie. Quarz. Grössere natürliche Gruppe in der Form einer mittelalterlichen Burg auf schroffem Fels (zu Bild Nr. 8146). Aufnahme 1890-1936.,,,Nein,,lcmt-nabi-pctmp_ead_zing_8143_pctmp.jpg,,1890-1936,,Schweizerische Nationalbibliothek,Rudolf Zinggeler,https://commons.wikimedia.org/entity/M159668662,"Mineral, Quarz",Schweiz. Mineralogie. Quarz. Grössere natürliche Gruppe in der Form einer mittelalterlichen Burg auf schroffem Fels (zu Bild Nr. 8146). Aufnahme 1890-1936.,1890-1936,Rudolf Zinggeler,,Switzerland,,,,,0,False,0,,
"Mineral, Eisenrosen",Schweiz. Mineralogie. Eisenrosen: Hämatit. Vier Exemplare auf ihrer natürlichen Steinunterlage. Aufnahme 1890-1936.,,,Nein,,lcmt-nabi-pctmp_ead_zing_8144_pctmp.jpg,,1890-1936,,Schweizerische Nationalbibliothek,Rudolf Zinggeler,https://commons.wikimedia.org/entity/M159668699,"Mineral, Eisenrosen",Schweiz. Mineralogie. Eisenrosen: Hämatit. Vier Exemplare auf ihrer natürlichen Steinunterlage. Aufnahme 1890-1936.,1890-1936,Rudolf Zinggeler,,Switzerland,,,,,0,False,0,,
"Mineral, Adular mit Chlorit",Schweiz. Mineralogie. Adular mit Chlorit. Aufnahme 1890-1936.,,,Nein,,lcmt-nabi-pctmp_ead_zing_8145_pctmp.jpg,,1890-1936,,Schweizerische Nationalbibliothek,Rudolf Zinggeler,https://commons.wikimedia.org/entity/M159668728,"Mineral, Adular mit Chlorit",Schweiz. Mineralogie. Adular mit Chlorit. Aufnahme 1890-1936.,1890-1936,Rudolf Zinggeler,,Switzerland,,,,,0,False,0,,
"Mineral, Quarz",Schweiz. Mineralogie. Quarz. Burgähnliche Gruppe (zu Bild Nr. 8143). Aufnahme 1890-1936.,,,Nein,,lcmt-nabi-pctmp_ead_zing_8146_pctmp.jpg,,1890-1936,,Schweizerische Nationalbibliothek,Rudolf Zinggeler,https://commons.wikimedia.org/entity/M159668810,"Mineral, Quarz",Schweiz. Mineralogie. Quarz. Burgähnliche Gruppe (zu Bild Nr. 8143). Aufnahme 1890-1936.,1890-1936,Rudolf Zinggeler,,Switzerland,,,,,0,False,0,,
Mineral,Schweiz. Mineralogie. Aufnahme 1890-1936.,,,Nein,,lcmt-nabi-pctmp_ead_zing_8147_pctmp.jpg,,1890-1936,,Schweizerische Nationalbibliothek,Rudolf Zinggeler,https://commons.wikimedia.org/entity/M159668815,Mineral,Schweiz. Mineralogie. Aufnahme 1890-1936.,1890-1936,Rudolf Zinggeler,,Switzerland,,,,,0,False,0,,
"Mineral, Adular",Schweiz. Mineralogie. Adular. Geschlossene Gruppe mit Quer- und Hochpartien. Aufnahme 1890-1936.,,,Nein,,lcmt-nabi-pctmp_ead_zing_8148_pctmp.jpg,,1890-1936,,Schweizerische Nationalbibliothek,Rudolf Zinggeler,https://commons.wikimedia.org/entity/M159668842,"Mineral, Adular",Schweiz. Mineralogie. Adular. Geschlossene Gruppe mit Quer- und Hochpartien. Aufnahme 1890-1936.,1890-1936,Rudolf Zinggeler,,Switzerland,,,,,0,False,0,,
"Mineral, Quarz mit Rutil",Schweiz. Mineralogie. Quarz. Grösseres Stück mit Rutilnadeln im Innern. Aufnahme 1890-1936.,,,Nein,,lcmt-nabi-pctmp_ead_zing_8149_pctmp.jpg,,1890-1936,,Schweizerische Nationalbibliothek,Rudolf Zinggeler,https://commons.wikimedia.org/entity/M159668869,"Mineral, Quarz mit Rutil",Schweiz. Mineralogie. Quarz. Grösseres Stück mit Rutilnadeln im Innern. Aufnahme 1890-1936.,1890-1936,Rudolf Zinggeler,,Switzerland,,,,,0,False,0,,
"Mineral, Quarz mit Rutilnadeln",Schweiz. Mineralogie. Quarz mit Rutilnadeln. Drei Exemplare von verschiedener Grösse. Aufnahme 1890-1936.,,,Nein,,lcmt-nabi-pctmp_ead_zing_8150_pctmp.jpg,,1890-1936,,Schweizerische Nationalbibliothek,Rudolf Zinggeler,https://commons.wikimedia.org/entity/M159668965,"Mineral, Quarz mit Rutilnadeln",Schweiz. Mineralogie. Quarz mit Rutilnadeln. Drei Exemplare von verschiedener Grösse. Aufnahme 1890-1936.,1890-1936,Rudolf Zinggeler,,Switzerland,,,,,0,False,0,,
"Mineral, Eisenrosen",Schweiz. Mineralogie. Hämatit: Eisenrosen; Gruppe mehrerer Einzelstücke. Aufnahme 1890-1936.,,,Nein,,lcmt-nabi-pctmp_ead_zing_8151_pctmp.jpg,,1890-1936,,Schweizerische Nationalbibliothek,Rudolf Zinggeler,https://commons.wikimedia.org/entity/M159668976,"Mineral, Eisenrosen",Schweiz. Mineralogie. Hämatit: Eisenrosen; Gruppe mehrerer Einzelstücke. Aufnahme 1890-1936.,1890-1936,Rudolf Zinggeler,,Switzerland,,,,,0,False,0,,
"Mineral, Rauchquarz",Schweiz. Mineralogie. Rauchquarz. Drei Stücke verschiedenen Volumens. Aufnahme 1890-1936.,,,Nein,,lcmt-nabi-pctmp_ead_zing_8152_pctmp.jpg,,1890-1936,,Schweizerische Nationalbibliothek,Rudolf Zinggeler,https://commons.wikimedia.org/entity/M159971043,"Mineral, Rauchquarz",Schweiz. Mineralogie. Rauchquarz. Drei Stücke verschiedenen Volumens. Aufnahme 1890-1936.,1890-1936,Rudolf Zinggeler,,Switzerland,,,,,0,False,0,,
"Mineral, Adular mit Eisenrosen",Schweiz. Mineralogie. Adular; grösserer Klotz mit vielen kleinen Eisenrosen. Aufnahme 1890-1936.,,,Nein,,lcmt-nabi-pctmp_ead_zing_8153_pctmp.jpg,,1890-1936,,Schweizerische Nationalbibliothek,Rudolf Zinggeler,https://commons.wikimedia.org/entity/M159913193,"Mineral, Adular mit Eisenrosen",Schweiz. Mineralogie. Adular; grösserer Klotz mit vielen kleinen Eisenrosen. Aufnahme 1890-1936.,1890-1936,Rudolf Zinggeler,,Switzerland,,,,,0,False,0,,
"Mineral, Albit",Schweiz. Mineralogie. Albit (Feldspat); kompakte Gruppe einer Menge Kristalle. Aufnahme 1890-1936.,,,Nein,,lcmt-nabi-pctmp_ead_zing_8154_pctmp.jpg,,1890-1936,,Schweizerische Nationalbibliothek,Rudolf Zinggeler,https://commons.wikimedia.org/entity/M159669258,"Mineral, Albit",Schweiz. Mineralogie. Albit (Feldspat); kompakte Gruppe einer Menge Kristalle. Aufnahme 1890-1936.,1890-1936,Rudolf Zinggeler,,Switzerland,,,,,0,False,0,,
"Mineral, Quarz","Schweiz. Mineralogie. Quarz. Drei Stücke, teilweise von Känalchen durchzogen. Aufnahme 1890-1936.",,,Nein,,lcmt-nabi-pctmp_ead_zing_8155_pctmp.jpg,,1890-1936,,Schweizerische Nationalbibliothek,Rudolf Zinggeler,https://commons.wikimedia.org/entity/M159669409,"Mineral, Quarz","Schweiz. Mineralogie. Quarz. Drei Stücke, teilweise von Känalchen durchzogen. Aufnahme 1890-1936.",1890-1936,Rudolf Zinggeler,,Switzerland,,,,,0,False,0,,
"MIneral, Rutil, Quarz, Haematit","Schweiz. Mineralogie. Steinklumpen mit Rutil, Quarzkristallen, Hämatit. Aufnahme 1890-1936.",,,Nein,,lcmt-nabi-pctmp_ead_zing_8156_pctmp.jpg,,1890-1936,,Schweizerische Nationalbibliothek,Rudolf Zinggeler,https://commons.wikimedia.org/entity/M159669408,"Mineral, Rutil, Quarz, Hämatit","Schweiz. Mineralogie. Steinklumpen mit Rutil, Quarzkristallen, Hämatit. Aufnahme 1890-1936.",1890-1936,Rudolf Zinggeler,,Switzerland,,,,,0,False,0,,
"Mineral, Quarz","Schweiz. Mineralogie. Quarz. Drei Stücke verschiedener Grösse, einzeln. Aufnahme 1890-1936.",,,Nein,,lcmt-nabi-pctmp_ead_zing_8157_pctmp.jpg,,1890-1936,,Schweizerische Nationalbibliothek,Rudolf Zinggeler,https://commons.wikimedia.org/entity/M159669425,"Mineral, Quarz","Schweiz. Mineralogie. Quarz. Drei Stücke verschiedener Grösse, einzeln. Aufnahme 1890-1936.",1890-1936,Rudolf Zinggeler,,Switzerland,,,,,0,False,0,,
"Mineral, Adular",Schweiz. Mineralogie. Adular. Aufnahme 1890-1936.,,,Nein,,lcmt-nabi-pctmp_ead_zing_8158_pctmp.jpg,,1890-1936,,Schweizerische Nationalbibliothek,Rudolf Zinggeler,https://commons.wikimedia.org/entity/M159669446,"Mineral, Adular",Schweiz. Mineralogie. Adular. Aufnahme 1890-1936.,1890-1936,Rudolf Zinggeler,,Switzerland,,,,,0,False,0,,
"Mineral, Eisenrosen",Schweiz. Mineralogie. Hämatit. Zusammengestellte Gruppe vieler einzelner Eisenrosen. Aufnahme 1890-1936.,,,Nein,,lcmt-nabi-pctmp_ead_zing_8159_pctmp.jpg,,1890-1936,,Schweizerische Nationalbibliothek,Rudolf Zinggeler,https://commons.wikimedia.org/entity/M159669585,"Mineral, Eisenrosen",Schweiz. Mineralogie. Hämatit. Zusammengestellte Gruppe vieler einzelner Eisenrosen. Aufnahme 1890-1936.,1890-1936,Rudolf Zinggeler,,Switzerland,,,,,0,False,0,,
"Mineral, Tessiner Quarz",Schweiz. Mineralogie. Tessiner Quarz. Zwei Einzelstücke. Aufnahme 1890-1936.,,,Nein,,lcmt-nabi-pctmp_ead_zing_8160_pctmp.jpg,,1890-1936,,Schweizerische Nationalbibliothek,Rudolf Zinggeler,https://commons.wikimedia.org/entity/M159913221,"Mineral, Tessiner Quarz",Schweiz. Mineralogie. Tessiner Quarz. Zwei Einzelstücke. Aufnahme 1890-1936.,1890-1936,Rudolf Zinggeler,,Switzerland,Cantone Ticino,,,,0,False,0,,
Doppelapfel,"Schweiz. Botanik. Laune der Natur: Doppelapfel, 'Siamesische Zwillinge'. Aufnahme 1890-1936.",,,Nein,,lcmt-nabi-pctmp_ead_zing_8161_pctmp.jpg,,1890-1936,,Schweizerische Nationalbibliothek,Rudolf Zinggeler,https://commons.wikimedia.org/entity/M159669719,Doppelapfel,"Schweiz. Botanik. Laune der Natur: Doppelapfel, 'Siamesische Zwillinge'. Aufnahme 1890-1936.",1890-1936,Rudolf Zinggeler,,Switzerland,,,,,0,False,0,,
"Mineral, Eisenrosen",Schweiz. Mineralogie. Hämatit. Grössere Gruppe von Eisenrosen verschiedener Grösse und Form. Aufnahme 1890-1936.,,,Nein,,lcmt-nabi-pctmp_ead_zing_8162_pctmp.jpg,,1890-1936,,Schweizerische Nationalbibliothek,Rudolf Zinggeler,https://commons.wikimedia.org/entity/M159669770,"Mineral, Eisenrosen",Schweiz. Mineralogie. Hämatit. Grössere Gruppe von Eisenrosen verschiedener Grösse und Form. Aufnahme 1890-1936.,1890-1936,Rudolf Zinggeler,,Switzerland,,,,,0,False,0,,
"Mineral, Eisenrosen",Schweiz. Mineralogie. Hämatit. Zusammengestellte Gruppe vieler Eisenrosen diverser Grösse und Form. Aufnahme 1890-1936.,,,Nein,,lcmt-nabi-pctmp_ead_zing_8163_pctmp.jpg,,1890-1936,,Schweizerische Nationalbibliothek,Rudolf Zinggeler,https://commons.wikimedia.org/entity/M159913245,"Mineral, Eisenrosen",Schweiz. Mineralogie. Hämatit. Zusammengestellte Gruppe vieler Eisenrosen diverser Grösse und Form. Aufnahme 1890-1936.,1890-1936,Rudolf Zinggeler,,Switzerland,,,,,0,False,0,,
"MIneral, Eisenrosen",Schweiz. Mineralogie. Hämatit. Gruppe von Eisenrosen. Aufnahme 1890-1936.,,,Nein,,lcmt-nabi-pctmp_ead_zing_8164_pctmp.jpg,,1890-1936,,Schweizerische Nationalbibliothek,Rudolf Zinggeler,https://commons.wikimedia.org/entity/M159669919,"Mineral, Eisenrosen",Schweiz. Mineralogie. Hämatit. Gruppe von Eisenrosen. Aufnahme 1890-1936.,1890-1936,Rudolf Zinggeler,,Switzerland,,,,,0,False,0,,
"Mineral, Eisenrosen",Schweiz. Mineralogie. Hämatit. Gruppe von Eisenrosen auf natürlicher Unterlage. Aufnahme 1890-1936.,,,Nein,,lcmt-nabi-pctmp_ead_zing_8165_pctmp.jpg,,1890-1936,,Schweizerische Nationalbibliothek,Rudolf Zinggeler,https://commons.wikimedia.org/entity/M159670071,"Mineral, Eisenrosen",Schweiz. Mineralogie. Hämatit. Gruppe von Eisenrosen auf natürlicher Unterlage. Aufnahme 1890-1936.,1890-1936,Rudolf Zinggeler,,Switzerland,,,,,0,False,0,,
"Mineral, Eisenrosen",Schweiz. Mineralogie. Hämatit. Eisenrosen auf ihrer natürlichen Unterlage. Aufnahme 1890-1936.,,,Nein,,lcmt-nabi-pctmp_ead_zing_8166_pctmp.jpg,,1890-1936,,Schweizerische Nationalbibliothek,Rudolf Zinggeler,https://commons.wikimedia.org/entity/M159670089,"Mineral, Eisenrosen",Schweiz. Mineralogie. Hämatit. Eisenrosen auf ihrer natürlichen Unterlage. Aufnahme 1890-1936.,1890-1936,Rudolf Zinggeler,,Switzerland,,,,,0,False,0,,
Schmuck,Schweiz. Mineralogie. Geschliffene edle Steine in Goldschmiedearbeit gefasst; diverse Geschmeide-Ensembles. Aufnahme 1890-1936.,,,Nein,,lcmt-nabi-pctmp_ead_zing_8167_pctmp.jpg,,1890-1936,,Schweizerische Nationalbibliothek,Rudolf Zinggeler,https://commons.wikimedia.org/entity/M159971082,Schmuck,Schweiz. Mineralogie. Geschliffene edle Steine in Goldschmiedearbeit gefasst; diverse Geschmeide-Ensembles. Aufnahme 1890-1936.,1890-1936,Rudolf Zinggeler,,Switzerland,,,,,0,False,0,,
Schmuck,Schweiz. Mineralogie. Edle Steine in Goldschmiedearbeit gefasst; diverse Geschmeide-Ensembles. Aufnahme 1890-1936.,,,Nein,,lcmt-nabi-pctmp_ead_zing_8168_pctmp.jpg,,1890-1936,,Schweizerische Nationalbibliothek,Rudolf Zinggeler,https://commons.wikimedia.org/entity/M159670352,Schmuck,Schweiz. Mineralogie. Edle Steine in Goldschmiedearbeit gefasst; diverse Geschmeide-Ensembles. Aufnahme 1890-1936.,1890-1936,Rudolf Zinggeler,,Switzerland,,,,,0,False,0,,
Mineral,Schweiz. Mineralogie. Aufnahme 1890-1936.,,,Nein,,lcmt-nabi-pctmp_ead_zing_8169_pctmp.jpg,,1890-1936,,Schweizerische Nationalbibliothek,Rudolf Zinggeler,https://commons.wikimedia.org/entity/M159670372,Mineral,Schweiz. Mineralogie. Aufnahme 1890-1936.,1890-1936,Rudolf Zinggeler,,Switzerland,,,,,0,False,0,,
Mineral,Schweiz. Mineralogie. Aufnahme 1890-1936.,,,Nein,,lcmt-nabi-pctmp_ead_zing_8170_pctmp.jpg,,1890-1936,,Schweizerische Nationalbibliothek,Rudolf Zinggeler,https://commons.wikimedia.org/entity/M159670503,Mineral,Schweiz. Mineralogie. Aufnahme 1890-1936.,1890-1936,Rudolf Zinggeler,,Switzerland,,,,,0,False,0,,
Mineral,Schweiz. Mineralogie. Aufnahme 1890-1936.,,,Nein,,lcmt-nabi-pctmp_ead_zing_8171_pctmp.jpg,,1890-1936,,Schweizerische Nationalbibliothek,Rudolf Zinggeler,https://commons.wikimedia.org/entity/M159978523,Mineral,Schweiz. Mineralogie. Aufnahme 1890-1936.,1890-1936,Rudolf Zinggeler,,Switzerland,,,,,0,False,0,,
"Mineral, Feldspat",Schweiz. Mineralogie. Feldspat. Aufnahme 1890-1936.,,,Nein,,lcmt-nabi-pctmp_ead_zing_8183_pctmp.jpg,,1890-1936,,Schweizerische Nationalbibliothek,Rudolf Zinggeler,https://commons.wikimedia.org/entity/M159670647,"Mineral, Feldspat",Schweiz. Mineralogie. Feldspat. Aufnahme 1890-1936.,1890-1936,Rudolf Zinggeler,,Switzerland,,,,,0,False,0,,
Mineral,Schweiz. Mineralien. Calcit (?); Stück in Form von einem Paar Affenarmen mit gespreizten Ellbogen. Aufnahme 1890-1936.,,,Nein,,lcmt-nabi-pctmp_ead_zing_8184_pctmp.jpg,,1890-1936,,Schweizerische Nationalbibliothek,Rudolf Zinggeler,https://commons.wikimedia.org/entity/M159670689,"Mineral, Calcit",Schweiz. Mineralien. Calcit (?); Stück in Form von einem Paar Affenarmen mit gespreizten Ellbogen. Aufnahme 1890-1936.,1890-1936,Rudolf Zinggeler,,Switzerland,,,,,0,False,0,,
"Salenstein, Schloss Salenstein, Gesamtaussenansicht",Salenstein TG. Schloss. Ansicht mit dem Schlosshügel und der nächsten Umgebung (Photo einer Zeichnung); Fotografie einer Zeichnung,47.6694793,9.05922,Nein,Salenstein,lcmt-nabi-pctmp_ead_zing_8309_pctmp.jpg,Thurgau,1890-1936,,Schweizerische Nationalbibliothek,Rudolf Zinggeler,https://commons.wikimedia.org/entity/M159648516,"Salenstein, Schloss Salenstein",Salenstein TG. Schloss. Ansicht mit dem Schlosshügel und der nächsten Umgebung (Photo einer Zeichnung); Fotografie einer Zeichnung,1890-1936,Rudolf Zinggeler,,Switzerland,Kanton Thurgau,Salenstein,47.6696934,9.0557282,4,False,1,0.26,https://www.openstreetmap.org/?mlat=47.6696934&mlon=9.0557282&zoom=14
"Wigoltingen, Schloss Altenklingen, Gesamtansicht",Wigoltingen TG. Altenklingen (Märstetten). Schloss mit benachbarten Befestigungs- und anderweitigen Bauten (Photo einer alten Zeichnung).; Fotografie einer Zeichnung,47.5967195,9.0320675,Nein,Wigoltingen,lcmt-nabi-pctmp_ead_zing_8317_pctmp.jpg,Thurgau,1890-1936,,Schweizerische Nationalbibliothek,Rudolf Zinggeler,https://commons.wikimedia.org/entity/M159658160,"Wigoltingen, Schloss Altenklingen",Wigoltingen TG. Altenklingen (Märstetten). Schloss mit benachbarten Befestigungs- und anderweitigen Bauten (Photo einer alten Zeichnung).; Fotografie einer Zeichnung,1890-1936,Rudolf Zinggeler,,Switzerland,Kanton Thurgau,Wigoltingen,47.60204,9.07837,5,False,0,3.52,https://www.openstreetmap.org/?mlat=47.60204&mlon=9.07837&zoom=14
"Herdern, Schloss Liebenfels, Gesamtaussenansicht",Herdern TG. Schloss Liebenfels mit seiner nächsten landschaftlichen Umgebung (Photo einer altten Zeichnung); Fotografie einer Zeichnung,47.6058689,8.908617,Nein,Herdern,lcmt-nabi-pctmp_ead_zing_8319_pctmp.jpg,Thurgau,1890-1936,,Schweizerische Nationalbibliothek,Rudolf Zinggeler,https://commons.wikimedia.org/entity/M159611125,"Herdern, Schloss Liebenfels",Herdern TG. Schloss Liebenfels mit seiner nächsten landschaftlichen Umgebung (Photo einer altten Zeichnung); Fotografie einer Zeichnung,1890-1936,Rudolf Zinggeler,,Switzerland,Kanton Thurgau,Herdern,47.60304,8.91077,3,True,0,0.35,https://www.openstreetmap.org/?mlat=47.60304&mlon=8.91077&zoom=14
"Stettfurt, Zeichnung Schloss Sonnenberg, Gesamtansicht",Herdern TG. Schloss Sonnenberg inmitten seiner Landschaft (Photo einer alten Zeichnung),47.5250201,8.9545165,Nein,Stettfurt,lcmt-nabi-pctmp_ead_zing_8320_pctmp.jpg,Thurgau,1890-1936,,Schweizerische Nationalbibliothek,Rudolf Zinggeler,https://commons.wikimedia.org/entity/M159652747,"Stettfurt, Schloss Sonnenberg",Herdern TG. Schloss Sonnenberg inmitten seiner Landschaft (Photo einer alten Zeichnung),1890-1936,Rudolf Zinggeler,,Switzerland,Kanton Thurgau,Stettfurt,47.52822,8.96342,5,False,0,0.76,https://www.openstreetmap.org/?mlat=47.52822&mlon=8.96342&zoom=14
"Tänikon, Frauenkloster, Gesamtaussenansicht",Aadorf TG. Tänikon. Das Kloster Tänikon. Gesamtansicht. (Photo einer alten Zeichnung),47.4915782,8.9029526,Nein,Aadorf,lcmt-nabi-pctmp_ead_zing_8321_pctmp.jpg,Thurgau,1890-1936,,Schweizerische Nationalbibliothek,Rudolf Zinggeler,https://commons.wikimedia.org/entity/M159560537,"Tänikon, Frauenkloster",Aadorf TG. Tänikon. Das Kloster Tänikon. Gesamtansicht. (Photo einer alten Zeichnung),1890-1936,Rudolf Zinggeler,,Switzerland,Kanton Thurgau,Aadorf,47.47943,8.90722,5,False,0,1.39,https://www.openstreetmap.org/?mlat=47.47943&mlon=8.90722&zoom=14
"Schweiz, Landschaft [Lokalisierung unsicher]","Landschaft mit Teich, der von Sträuchern und Laubbäumen umgeben ist. Jenseits des Teiches, halb verdeckt, ein Riegelhaus. Aufnahme 1890-1936.",,,Nein,,lcmt-nabi-pctmp_ead_zing_8472_pctmp.jpg,,1890-1936,,Schweizerische Nationalbibliothek,Rudolf Zinggeler,https://commons.wikimedia.org/entity/M159670719,"Schweiz, Landschaft","Landschaft mit Teich, der von Sträuchern und Laubbäumen umgeben ist. Jenseits des Teiches, halb verdeckt, ein Riegelhaus. Aufnahme 1890-1936.",1890-1936,Rudolf Zinggeler,,Switzerland,,,,,0,False,0,,
"Schweiz, Landschaft [Lokalisierung unsicher]",Landschaft mit stehendem? Gewässer zwischen Wiese (rechts) und Schilfzone. Hinten an der Horizontlinie zwischen Bäumen ein Bauernhof. Aufnahme 1890-1936.,,,Nein,,lcmt-nabi-pctmp_ead_zing_8475_pctmp.jpg,,1890-1936,,Schweizerische Nationalbibliothek,Rudolf Zinggeler,https://commons.wikimedia.org/entity/M159670788,"Schweiz, Landschaft",Landschaft mit stehendem? Gewässer zwischen Wiese (rechts) und Schilfzone. Hinten an der Horizontlinie zwischen Bäumen ein Bauernhof. Aufnahme 1890-1936.,1890-1936,Rudolf Zinggeler,,Switzerland,,,,,0,False,0,,
"Schweiz, Landschaft [Lokalisierung unsicher]","Schweiz. Hochgebirge. Ein Dreitausender mit Felspartien, Geröllhalden, Schneeflecken; links und rechts des Gipfels je eine ansteigende Mulde; Aufnahme von der Vegetationsgrenze aus",,,Nein,,lcmt-nabi-pctmp_ead_zing_8572_pctmp.jpg,,1890-1936,,Schweizerische Nationalbibliothek,Rudolf Zinggeler,https://commons.wikimedia.org/entity/M159670809,"Schweiz, Hochgebirge","Schweiz. Hochgebirge. Ein Dreitausender mit Felspartien, Geröllhalden, Schneeflecken; links und rechts des Gipfels je eine ansteigende Mulde; Aufnahme von der Vegetationsgrenze aus",1890-1936,Rudolf Zinggeler,,Switzerland,,,,,0,False,0,,
"Schweiz, Ortsteilansicht eines Dorfes [Lokalisierung unsicher]","Schweiz. Dorfbild, Einzelbau. Sehr altes Bauernhaus, aus Mauerwerk und aus Holz bestehend; an der südlichen Traufseite eine ganz durchgezogene Laube direkt unter dem Vordach; die westliche Giebelfront ganz aus Mauerwerk",,,Nein,,lcmt-nabi-pctmp_ead_zing_8573_pctmp.jpg,,1890-1936,,Schweizerische Nationalbibliothek,Rudolf Zinggeler,https://commons.wikimedia.org/entity/M159670846,"Schweiz, Ortsteilansicht eines Dorfes","Schweiz. Dorfbild, Einzelbau. Sehr altes Bauernhaus, aus Mauerwerk und aus Holz bestehend; an der südlichen Traufseite eine ganz durchgezogene Laube direkt unter dem Vordach; die westliche Giebelfront ganz aus Mauerwerk",1890-1936,,,Switzerland,,,,,0,False,0,,
"Schweiz, Teilaussenansicht eines Hauses [Lokalisierung unsicher]",Schweiz. Bauerntum. Bauernhof mit nettem Haus an sanft abfallender Halde; Stall hinten ans Haus angebaut; Rasenfläche und Garten ums Haus herum. Vor dem Haus der Bauer mit Spitzenexemplar von einem Muni,,,Nein,,lcmt-nabi-pctmp_ead_zing_8602_pctmp.jpg,,1890-1936,,Schweizerische Nationalbibliothek,Rudolf Zinggeler,https://commons.wikimedia.org/entity/M159913566,"Schweiz, Teilaussenansicht eines Hauses",Schweiz. Bauerntum. Bauernhof mit nettem Haus an sanft abfallender Halde; Stall hinten ans Haus angebaut; Rasenfläche und Garten ums Haus herum. Vor dem Haus der Bauer mit Spitzenexemplar von einem Muni,1890-1936,,,Switzerland,,,,,0,False,0,,
"Schweiz, Teilaussenansicht eines Hauses [Lokalisierung unsicher]","Schweiz. Wohnhaus, in den Zwanzigerjahren erstellt; Ansicht der Giebelfassade, mit breiter Strasse",,,Nein,,lcmt-nabi-pctmp_ead_zing_8661_pctmp.jpg,,circa 1929,,Schweizerische Nationalbibliothek,Rudolf Zinggeler,https://commons.wikimedia.org/entity/M161725946,"Schweiz, Teilaussenansicht eines Hauses","Schweiz. Wohnhaus, in den Zwanzigerjahren erstellt; Ansicht der Giebelfassade, mit breiter Strasse",1929,Rudolf Zinggeler,,Switzerland,,,,,0,False,0,,
"Fürstentum Liechtenstein, Vaduz, Schloss Vaduz, Gesamtansicht",Vaduz LI. Das Schloss. Gesamt-Aussenansicht von Süden,47.1392862,9.5227962,Nein,Vaduz,lcmt-nabi-pctmp_ead_zing_8664_pctmp.jpg,,1923,,Schweizerische Nationalbibliothek,Rudolf Zinggeler,https://commons.wikimedia.org/entity/M161725847,"Vaduz, Schloss Vaduz",Vaduz LI. Das Schloss. Gesamt-Aussenansicht von Süden,1923,Rudolf Zinggeler,,Liechtenstein,Vaduz,Vaduz,47.13961,9.52434,5,False,0,0.12,https://www.openstreetmap.org/?mlat=47.13961&mlon=9.52434&zoom=14
"Fürstentum Liechtenstein, Vaduz, Schloss Vaduz, Teilaussenansicht",Vaduz LI. Das Schloss. Teil-Aussenansicht von Süden: der nach Westen vorspringende Flügel und der südwestliche Teil des Rundbaues; links vorn gedeckte Holzbrücke als Zugang; Garten mit viel Vegetation (vgl. Bild Nr. 8666),47.1392862,9.5227962,Nein,Vaduz,lcmt-nabi-pctmp_ead_zing_8665_pctmp.jpg,,1923,,Schweizerische Nationalbibliothek,Rudolf Zinggeler,https://commons.wikimedia.org/entity/M161725802,"Vaduz, Schloss Vaduz",Vaduz LI. Das Schloss. Teil-Aussenansicht von Süden: der nach Westen vorspringende Flügel und der südwestliche Teil des Rundbaues; links vorn gedeckte Holzbrücke als Zugang; Garten mit viel Vegetation (vgl. Bild Nr. 8666),1923,,,Liechtenstein,Vaduz,Vaduz,47.13961,9.52434,5,False,0,0.12,https://www.openstreetmap.org/?mlat=47.13961&mlon=9.52434&zoom=14
"Fürstentum Liechtenstein, Vaduz, Schloss Vaduz, Teilaussenansicht",Vaduz LI. Das Schloss. Teil-Aussenansicht von Süden: der nach Westen vorspringende Flügel und ein Teil des südlichen Rundbaues (vgl. Bild Nr. 8665),47.1392862,9.5227962,Nein,Vaduz,lcmt-nabi-pctmp_ead_zing_8666_pctmp.jpg,,1923,,Schweizerische Nationalbibliothek,Rudolf Zinggeler,https://commons.wikimedia.org/entity/M161725752,"Vaduz, Schloss Vaduz",Vaduz LI. Das Schloss. Teil-Aussenansicht von Süden: der nach Westen vorspringende Flügel und ein Teil des südlichen Rundbaues (vgl. Bild Nr. 8665),1923,Rudolf Zinggeler,,Liechtenstein,Vaduz,Vaduz,47.13961,9.52434,5,False,0,0.12,https://www.openstreetmap.org/?mlat=47.13961&mlon=9.52434&zoom=14
"Fürstentum Liechtenstein, Vaduz, Schloss Vaduz, Teilaussenansicht","Vaduz LI. Das Schloss. Der Zugang: Torbau mit zwei nacheinanderfolgenden Rundbogentoren, gesehen von der Zugbrücke aus",47.1392862,9.5227962,Nein,Vaduz,lcmt-nabi-pctmp_ead_zing_8668_pctmp.jpg,,1923,,Schweizerische Nationalbibliothek,Rudolf Zinggeler,https://commons.wikimedia.org/entity/M161725703,"Vaduz, Schloss Vaduz","Vaduz LI. Das Schloss. Der Zugang: Torbau mit zwei nacheinanderfolgenden Rundbogentoren, gesehen von der Zugbrücke aus",1923,Rudolf Zinggeler,,Liechtenstein,Vaduz,Vaduz,47.13961,9.52434,5,False,0,0.12,https://www.openstreetmap.org/?mlat=47.13961&mlon=9.52434&zoom=14
"Fürstentum Liechtenstein, Vaduz, Schloss Vaduz, Teilaussenansicht","Vaduz LI. Das Schloss. Teil-Aussenansicht des Schlosses, mit einem Teil des Schlossgrabens und der Holzbrücke, von Südosten; Seitenblick links in die Landschaft hinaus",47.1392862,9.5227962,Nein,Vaduz,lcmt-nabi-pctmp_ead_zing_8669_pctmp.jpg,,1923,,Schweizerische Nationalbibliothek,Rudolf Zinggeler,https://commons.wikimedia.org/entity/M161725631,"Vaduz, Schloss Vaduz","Vaduz LI. Das Schloss. Teil-Aussenansicht des Schlosses, mit einem Teil des Schlossgrabens und der Holzbrücke, von Südosten; Seitenblick links in die Landschaft hinaus",1923,Rudolf Zinggeler,,Liechtenstein,Vaduz,Vaduz,47.13961,9.52434,5,False,0,0.12,https://www.openstreetmap.org/?mlat=47.13961&mlon=9.52434&zoom=14
"Fürstentum Liechtenstein, Vaduz, Schloss Vaduz, Teilaussenansicht",Vaduz LI. Das Schloss. Vorwerk: Partie an der Beringmauer mit Unterstand und alten Kanonen,47.1392862,9.5227962,Nein,Vaduz,lcmt-nabi-pctmp_ead_zing_8670_pctmp.jpg,,1923,,Schweizerische Nationalbibliothek,Rudolf Zinggeler,https://commons.wikimedia.org/entity/M161725572,"Schloss Vaduz, Teilaussenansicht",Vaduz LI. Das Schloss. Vorwerk: Partie an der Beringmauer mit Unterstand und alten Kanonen,1923,Rudolf Zinggeler,,Liechtenstein,Vaduz,Vaduz,47.13961,9.52434,5,False,0,0.12,https://www.openstreetmap.org/?mlat=47.13961&mlon=9.52434&zoom=14
"Fürstentum Liechtenstein, Vaduz, Schloss Vaduz, Teilaussenansicht",Vaduz LI. Schloss Vaduz. Der Zugang: die Fahrstrasse innerhalb des Vorwerks mit Schlosswand und dem nach Westen vorspringenden Flügel; ein Teil der Beringmauer; Blick in südwestlicher Richtung; Busch- und Baumvegetation,47.1392862,9.5227962,Nein,Vaduz,lcmt-nabi-pctmp_ead_zing_8672_pctmp.jpg,,1923,,Schweizerische Nationalbibliothek,Rudolf Zinggeler,https://commons.wikimedia.org/entity/M161725503,"Schloss Vaduz, Teilaussenansicht",Vaduz LI. Schloss Vaduz. Der Zugang: die Fahrstrasse innerhalb des Vorwerks mit Schlosswand und dem nach Westen vorspringenden Flügel; ein Teil der Beringmauer; Blick in südwestlicher Richtung; Busch- und Baumvegetation,1923,,,Liechtenstein,Vaduz,Vaduz,47.13961,9.52434,5,False,0,0.12,https://www.openstreetmap.org/?mlat=47.13961&mlon=9.52434&zoom=14
"Fürstentum Liechtenstein, Vaduz, Schloss Vaduz, Teilaussenansicht",Vaduz LI. Schloss Vaduz. Der Innere Hof: Blick gegen den Hofwinkel mit Viertelserker über Holztreppe und gedeckter Laube,47.1392862,9.5227962,Nein,Vaduz,lcmt-nabi-pctmp_ead_zing_8674_pctmp.jpg,,1923,,Schweizerische Nationalbibliothek,Rudolf Zinggeler,https://commons.wikimedia.org/entity/M161725434,"Schloss Vaduz, Innerer Hof",Vaduz LI. Schloss Vaduz. Der Innere Hof: Blick gegen den Hofwinkel mit Viertelserker über Holztreppe und gedeckter Laube,1923,Rudolf Zinggeler,,Liechtenstein,Vaduz,Vaduz,47.13961,9.52434,5,False,0,0.12,https://www.openstreetmap.org/?mlat=47.13961&mlon=9.52434&zoom=14
"Fürstentum Liechtenstein, Vaduz, Schloss Vaduz, Teilaussenansicht","Vaduz LI. Schloss Vaduz. Der Innere Hof: der Winkel beim Hofeingang, mit Holztreppe und gedeckter Laube am ersten Stock (vgl. Bilder Nr. 8673//4)",47.1392862,9.5227962,Nein,Vaduz,lcmt-nabi-pctmp_ead_zing_8675_pctmp.jpg,,1923,,Schweizerische Nationalbibliothek,Rudolf Zinggeler,https://commons.wikimedia.org/entity/M161725376,"Schloss Vaduz, Innerer Hof","Vaduz LI. Schloss Vaduz. Der Innere Hof: der Winkel beim Hofeingang, mit Holztreppe und gedeckter Laube am ersten Stock (vgl. Bilder Nr. 8673//4)",1923,Rudolf Zinggeler,,Liechtenstein,Vaduz,Vaduz,47.13961,9.52434,5,False,0,0.12,https://www.openstreetmap.org/?mlat=47.13961&mlon=9.52434&zoom=14
"Fürstentum Liechtenstein, Vaduz, Schloss Vaduz, Teilaussenansicht","Vaduz LI. Schloss Vaduz. Hofinneres: Winkel mit Freitreppe und gotischen Fenstern und Türen, am linken Bildrand eine Wappentafel (FL Wappen); vgl. das Bild Nr. 8676",47.1392862,9.5227962,Nein,Vaduz,lcmt-nabi-pctmp_ead_zing_8678_pctmp.jpg,,1923,,Schweizerische Nationalbibliothek,Rudolf Zinggeler,https://commons.wikimedia.org/entity/M161725328,"Schloss Vaduz, Hofinneres","Vaduz LI. Schloss Vaduz. Hofinneres: Winkel mit Freitreppe und gotischen Fenstern und Türen, am linken Bildrand eine Wappentafel (FL Wappen); vgl. das Bild Nr. 8676",1923,Rudolf Zinggeler,,Liechtenstein,Vaduz,Vaduz,47.13961,9.52434,5,False,0,0.12,https://www.openstreetmap.org/?mlat=47.13961&mlon=9.52434&zoom=14
"Fürstentum Liechtenstein, Vaduz, Schloss Vaduz, Teilinnenansicht",Vaduz LI. Schloss Vaduz. Inneres: das (ehem.?) Wachtlokal mit Sammlung alter Gewehre (vgl. auch Bild Nr. 8679),47.1392862,9.5227962,Nein,Vaduz,lcmt-nabi-pctmp_ead_zing_8680_pctmp.jpg,,1923,,Schweizerische Nationalbibliothek,Rudolf Zinggeler,https://commons.wikimedia.org/entity/M161725276,"Schloss Vaduz, Wachtlokal",Vaduz LI. Schloss Vaduz. Inneres: das (ehem.?) Wachtlokal mit Sammlung alter Gewehre (vgl. auch Bild Nr. 8679),1923,Rudolf Zinggeler,,Liechtenstein,Vaduz,Vaduz,47.13961,9.52434,5,False,0,0.12,https://www.openstreetmap.org/?mlat=47.13961&mlon=9.52434&zoom=14
"Fürstentum Liechtenstein, Vaduz, Schloss Vaduz, Teilinnenansicht",Vaduz LI. Schloss Vaduz. Inneres: das (ehem.?) Wachtlokal mit Sammlung alter Gewehre (vgl. auch Bild Nr. 8679),47.1392862,9.5227962,Nein,Vaduz,lcmt-nabi-pctmp_ead_zing_8681_pctmp.jpg,,1923,,Schweizerische Nationalbibliothek,Rudolf Zinggeler,https://commons.wikimedia.org/entity/M161725218,"Schloss Vaduz, Wachtlokal",Vaduz LI. Schloss Vaduz. Inneres: das (ehem.?) Wachtlokal mit Sammlung alter Gewehre (vgl. auch Bild Nr. 8679),1923,Rudolf Zinggeler,,Liechtenstein,Vaduz,Vaduz,47.13961,9.52434,5,False,0,0.12,https://www.openstreetmap.org/?mlat=47.13961&mlon=9.52434&zoom=14
"Fürstentum Liechtenstein, Vaduz, Schloss Vaduz, Teilinnenansicht",Vaduz LI. Schloss Vaduz. Inneres: das (ehem.?) Wachtlokal mit Sammlung alter Gewehre (vgl. auch Bild Nr. 8680),47.1392862,9.5227962,Nein,Vaduz,lcmt-nabi-pctmp_ead_zing_8682_pctmp.jpg,,1923,,Schweizerische Nationalbibliothek,Rudolf Zinggeler,https://commons.wikimedia.org/entity/M161725157,"Schloss Vaduz, Wachtlokal",Vaduz LI. Schloss Vaduz. Inneres: das (ehem.?) Wachtlokal mit Sammlung alter Gewehre (vgl. auch Bild Nr. 8680),1923,Rudolf Zinggeler,,Liechtenstein,Vaduz,Vaduz,47.13961,9.52434,5,False,0,0.12,https://www.openstreetmap.org/?mlat=47.13961&mlon=9.52434&zoom=14
"Fürstentum Liechtenstein, Vaduz, Schloss Vaduz, Teilinnenansicht","Vaduz LI. Schloss Vaduz. Inneres und Innenausstattung: Raum in einem der beiden Rundbauten, enthaltend eine grössere Sammlung von alten Geschützen (aus dem 19. Jh.?)",47.1392862,9.5227962,Nein,Vaduz,lcmt-nabi-pctmp_ead_zing_8684_pctmp.jpg,,1923,,Schweizerische Nationalbibliothek,Rudolf Zinggeler,https://commons.wikimedia.org/entity/M161725110,"Schloss Vaduz, Rundbau mit Geschützen","Vaduz LI. Schloss Vaduz. Inneres und Innenausstattung: Raum in einem der beiden Rundbauten, enthaltend eine grössere Sammlung von alten Geschützen (aus dem 19. Jh.?)",1923,Rudolf Zinggeler,,Liechtenstein,Vaduz,Vaduz,47.13961,9.52434,5,False,0,0.12,https://www.openstreetmap.org/?mlat=47.13961&mlon=9.52434&zoom=14
"Fürstentum Liechtenstein, Vaduz, Schloss Vaduz, Teilinnenansicht",Vaduz LI. Schloss Vaduz. Inneres: Treppenhaus/Lichthof mit galerieartigen Gängen über Stichbogen-Arkaden,47.1392862,9.5227962,Nein,Vaduz,lcmt-nabi-pctmp_ead_zing_8685_pctmp.jpg,,1923,,Schweizerische Nationalbibliothek,Rudolf Zinggeler,https://commons.wikimedia.org/entity/M161754615,"Schloss Vaduz, Treppenhaus",Vaduz LI. Schloss Vaduz. Inneres: Treppenhaus/Lichthof mit galerieartigen Gängen über Stichbogen-Arkaden,1923,Rudolf Zinggeler,,Liechtenstein,Vaduz,Vaduz,47.13961,9.52434,5,False,0,0.12,https://www.openstreetmap.org/?mlat=47.13961&mlon=9.52434&zoom=14
"Fürstentum Liechtenstein, Vaduz, Schloss Vaduz, Teilinnenansicht","Vaduz LI. Das Schloss. Inneres: der Lichthof/das Treppenhaus; Teilansicht der Treppe und der galerieartigen, auf Konsolen und Stichbogen-Arkaden ruhenden Lauben, aus dem Erdgeschoss gesehen",47.1392862,9.5227962,Nein,Vaduz,lcmt-nabi-pctmp_ead_zing_8687_pctmp.jpg,,1923,,Schweizerische Nationalbibliothek,Rudolf Zinggeler,https://commons.wikimedia.org/entity/M161725048,"Schloss Vaduz, Lichthof","Vaduz LI. Das Schloss. Inneres: der Lichthof/das Treppenhaus; Teilansicht der Treppe und der galerieartigen, auf Konsolen und Stichbogen-Arkaden ruhenden Lauben, aus dem Erdgeschoss gesehen",1923,,,Liechtenstein,Vaduz,Vaduz,47.13961,9.52434,5,False,0,0.12,https://www.openstreetmap.org/?mlat=47.13961&mlon=9.52434&zoom=14
"Fürstentum Liechtenstein, Vaduz, Schloss Vaduz, Teilinnenansicht",Vaduz LI. Das Schloss. Innenausstattung: ein Vollharnisch auf rundem Sockel,47.1392862,9.5227962,Nein,Vaduz,lcmt-nabi-pctmp_ead_zing_8688_pctmp.jpg,,1923,,Schweizerische Nationalbibliothek,Rudolf Zinggeler,https://commons.wikimedia.org/entity/M161724991,"Schloss Vaduz, Vollharnisch",Vaduz LI. Das Schloss. Innenausstattung: ein Vollharnisch auf rundem Sockel,1923,Rudolf Zinggeler,,Liechtenstein,Vaduz,Vaduz,47.13961,9.52434,5,False,0,0.12,https://www.openstreetmap.org/?mlat=47.13961&mlon=9.52434&zoom=14
"Fürstentum Liechtenstein, Vaduz, Schloss Vaduz, Teilinnenansicht",Vaduz LI. Das Schloss. Innenausstattung: Wandbrunnen im Lichthof mit Nixengestalt (Plastik) in gerahmter Nische und schalenartigem Wasserbecken,47.1392862,9.5227962,Nein,Vaduz,lcmt-nabi-pctmp_ead_zing_8689_pctmp.jpg,,1923,,Schweizerische Nationalbibliothek,Rudolf Zinggeler,https://commons.wikimedia.org/entity/M161724959,"Schloss Vaduz, Wandbrunnen",Vaduz LI. Das Schloss. Innenausstattung: Wandbrunnen im Lichthof mit Nixengestalt (Plastik) in gerahmter Nische und schalenartigem Wasserbecken,1923,Rudolf Zinggeler,,Liechtenstein,Vaduz,Vaduz,47.13961,9.52434,5,False,0,0.12,https://www.openstreetmap.org/?mlat=47.13961&mlon=9.52434&zoom=14
"Fürstentum Liechtenstein, Vaduz, Schloss Vaduz, Teilinnenansicht",Vaduz LI. Das Schloss. Inneres der Schlosskapelle: Blick gegen den Altar: altgotischer Flügelaltar (Triptychon); Raumdecke als flaches Kreuzgewölbe gestaltet,47.1392862,9.5227962,Nein,Vaduz,lcmt-nabi-pctmp_ead_zing_8690_pctmp.jpg,,1923,,Schweizerische Nationalbibliothek,Rudolf Zinggeler,https://commons.wikimedia.org/entity/M161724915,"Schloss Vaduz, Schlosskapelle",Vaduz LI. Das Schloss. Inneres der Schlosskapelle: Blick gegen den Altar: altgotischer Flügelaltar (Triptychon); Raumdecke als flaches Kreuzgewölbe gestaltet,1923,Rudolf Zinggeler,,Liechtenstein,Vaduz,Vaduz,47.13961,9.52434,5,False,0,0.12,https://www.openstreetmap.org/?mlat=47.13961&mlon=9.52434&zoom=14
"Fürstentum Liechtenstein, Vaduz, Schloss Vaduz, Teilinnenansicht","Vaduz LI. Das Schloss. Inneres: Speisesaal, Blick gegen die Schmalwand mit Gitterschrank und Turm-Kachelofen rechts von einer Türe; Felderdecke mit Rahmen/füllungs-Einlage",47.1392862,9.5227962,Nein,Vaduz,lcmt-nabi-pctmp_ead_zing_8691_pctmp.jpg,,1923,,Schweizerische Nationalbibliothek,Rudolf Zinggeler,https://commons.wikimedia.org/entity/M161724867,"Schloss Vaduz, Speisesaal","Vaduz LI. Das Schloss. Inneres: Speisesaal, Blick gegen die Schmalwand mit Gitterschrank und Turm-Kachelofen rechts von einer Türe; Felderdecke mit Rahmen/füllungs-Einlage",1923,Rudolf Zinggeler,,Liechtenstein,Vaduz,Vaduz,47.13961,9.52434,5,False,0,0.12,https://www.openstreetmap.org/?mlat=47.13961&mlon=9.52434&zoom=14
"Fürstentum Liechtenstein, Vaduz, Schloss Vaduz, Teilinnenansicht",Vaduz LI. Das Schloss. Inneres: der Festsaal; Ansicht der Innen-Längswand mit Kamin; Kassettendecke,47.1392862,9.5227962,Nein,Vaduz,lcmt-nabi-pctmp_ead_zing_8693_pctmp.jpg,,1923,,Schweizerische Nationalbibliothek,Rudolf Zinggeler,https://commons.wikimedia.org/entity/M161724819,"Schloss Vaduz, Festsaal",Vaduz LI. Das Schloss. Inneres: der Festsaal; Ansicht der Innen-Längswand mit Kamin; Kassettendecke,1923,Rudolf Zinggeler,,Liechtenstein,Vaduz,Vaduz,47.13961,9.52434,5,False,0,0.12,https://www.openstreetmap.org/?mlat=47.13961&mlon=9.52434&zoom=14
"Fürstentum Liechtenstein, Vaduz, Schloss Vaduz, Teilinnenansicht","Vaduz LI. Das Schloss. Inneres: Eingangsraum, die Innenseite der Aussenwand mit Fresken bemalt; alte Möbel; eine Saaltüre, Holzdecke mit Feldern und Leisten",47.1392862,9.5227962,Nein,Vaduz,lcmt-nabi-pctmp_ead_zing_8694_pctmp.jpg,,1923,,Schweizerische Nationalbibliothek,Rudolf Zinggeler,https://commons.wikimedia.org/entity/M161724778,"Schloss Vaduz, Eingangsraum","Vaduz LI. Das Schloss. Inneres: Eingangsraum, die Innenseite der Aussenwand mit Fresken bemalt; alte Möbel; eine Saaltüre, Holzdecke mit Feldern und Leisten",1923,Rudolf Zinggeler,,Liechtenstein,Vaduz,Vaduz,47.13961,9.52434,5,False,0,0.12,https://www.openstreetmap.org/?mlat=47.13961&mlon=9.52434&zoom=14
"Fürstentum Liechtenstein, Vaduz, Schloss Vaduz, Teilinnenansicht","Vaduz LI. Das Schloss. Inneres: Ecke eines Raumes mit Gewölbedecke; dreiteiliger Eckschrank, der kostbare alte Schusswaffen birgt (Gewehre und Pistolen)",47.1392862,9.5227962,Nein,Vaduz,lcmt-nabi-pctmp_ead_zing_8696_pctmp.jpg,,1923,,Schweizerische Nationalbibliothek,Rudolf Zinggeler,https://commons.wikimedia.org/entity/M161724727,"Schloss Vaduz, Eckschrank","Vaduz LI. Das Schloss. Inneres: Ecke eines Raumes mit Gewölbedecke; dreiteiliger Eckschrank, der kostbare alte Schusswaffen birgt (Gewehre und Pistolen)",1923,Rudolf Zinggeler,,Liechtenstein,Vaduz,Vaduz,47.13961,9.52434,5,False,0,0.12,https://www.openstreetmap.org/?mlat=47.13961&mlon=9.52434&zoom=14
"Fürstentum Liechtenstein, Vaduz, Schloss Vaduz, Teilinnenansicht","Vaduz LI. Das Schloss. Inneres: Waffensaal; reichhaltig bestückt: Vollharnische, Halbarten und ähnliche Waffen, Helme, Schwerter, Gewehre",47.1392862,9.5227962,Nein,Vaduz,lcmt-nabi-pctmp_ead_zing_8697_pctmp.jpg,,1923,,Schweizerische Nationalbibliothek,Rudolf Zinggeler,https://commons.wikimedia.org/entity/M161724691,"Schloss Vaduz, Waffensaal","Vaduz LI. Das Schloss. Inneres: Waffensaal; reichhaltig bestückt: Vollharnische, Halbarten und ähnliche Waffen, Helme, Schwerter, Gewehre",1923,Rudolf Zinggeler,,Liechtenstein,Vaduz,Vaduz,47.13961,9.52434,5,False,0,0.12,https://www.openstreetmap.org/?mlat=47.13961&mlon=9.52434&zoom=14
"Fürstentum Liechtenstein, Vaduz, Schloss Vaduz, Teilinnenansicht",Vaduz LI. Das Schloss. Innenausstattung: Turm-Kachelofen mit Relliefkacheln; die Hauptkacheln mit fig. Darstellungen und Rankenwerk; Ofen im Täferzimmer; Abschluss durch Gesimse und Bekrönung,47.1392862,9.5227962,Nein,Vaduz,lcmt-nabi-pctmp_ead_zing_8698_pctmp.jpg,,1923,,Schweizerische Nationalbibliothek,Rudolf Zinggeler,https://commons.wikimedia.org/entity/M161724604,"Schloss Vaduz, Turm-Kachelofen",Vaduz LI. Das Schloss. Innenausstattung: Turm-Kachelofen mit Relliefkacheln; die Hauptkacheln mit fig. Darstellungen und Rankenwerk; Ofen im Täferzimmer; Abschluss durch Gesimse und Bekrönung,1923,,,Liechtenstein,Vaduz,Vaduz,47.13961,9.52434,5,False,0,0.12,https://www.openstreetmap.org/?mlat=47.13961&mlon=9.52434&zoom=14
"Fürstentum Liechtenstein, Vaduz, Schloss Vaduz, Teilinnenansicht",Vaduz LI. Das Schloss. Innenausstattung: Ofenecke eines Täferzimmers mit Turm-Kachelofen; Relliefkacheln mit fig. Darstellungen und Pflanzenmotiven; Abschluss durch eine Bekrönung,47.1392862,9.5227962,Nein,Vaduz,lcmt-nabi-pctmp_ead_zing_8699_pctmp.jpg,,1923,,Schweizerische Nationalbibliothek,Rudolf Zinggeler,https://commons.wikimedia.org/entity/M161724540,"Schloss Vaduz, Täferzimmer mit Kachelofen",Vaduz LI. Das Schloss. Innenausstattung: Ofenecke eines Täferzimmers mit Turm-Kachelofen; Relliefkacheln mit fig. Darstellungen und Pflanzenmotiven; Abschluss durch eine Bekrönung,1923,Rudolf Zinggel,,Liechtenstein,Vaduz,Vaduz,47.13961,9.52434,5,False,0,0.12,https://www.openstreetmap.org/?mlat=47.13961&mlon=9.52434&zoom=14
"Fürstentum Liechtenstein, Vaduz, Schloss Vaduz, Teilinnenansicht","Vaduz LI. Das Schloss. Innenausstattung: Ofenecke des Speisesaales; Turm-Kachelofen mit Lisenen, Gesimsen, Friesen, einfarbenen Füllungskacheln; Abschluss gewölbt mit Kugellaufsatz; Füsse in Tiergestalt",47.1392862,9.5227962,Nein,Vaduz,lcmt-nabi-pctmp_ead_zing_8700_pctmp.jpg,,1923,,Schweizerische Nationalbibliothek,Rudolf Zinggeler,https://commons.wikimedia.org/entity/M161724465,"Schloss Vaduz, Speisesaal mit Kachelofen","Vaduz LI. Das Schloss. Innenausstattung: Ofenecke des Speisesaales; Turm-Kachelofen mit Lisenen, Gesimsen, Friesen, einfarbenen Füllungskacheln; Abschluss gewölbt mit Kugellaufsatz; Füsse in Tiergestalt",1923,,,Liechtenstein,Vaduz,Vaduz,47.13961,9.52434,5,False,0,0.12,https://www.openstreetmap.org/?mlat=47.13961&mlon=9.52434&zoom=14
"Fürstentum Liechtenstein, Vaduz, Schloss Vaduz, Teilinnenansicht",Vaduz LI. Das Schloss. Inneres: gotisches Zimmer. Leicht gewölbte Holzdecke; Wandtäfer mit gotischem Zierat geschmückt; Blick gegen die Ofenecke und Innenwand mit Türe und Bettnische,47.1392862,9.5227962,Nein,Vaduz,lcmt-nabi-pctmp_ead_zing_8701_pctmp.jpg,,1923,,Schweizerische Nationalbibliothek,Rudolf Zinggeler,https://commons.wikimedia.org/entity/M161724394,"Schloss Vaduz, gotisches Zimmer",Vaduz LI. Das Schloss. Inneres: gotisches Zimmer. Leicht gewölbte Holzdecke; Wandtäfer mit gotischem Zierat geschmückt; Blick gegen die Ofenecke und Innenwand mit Türe und Bettnische,1923,Rudolf Zing,,Liechtenstein,Vaduz,Vaduz,47.13961,9.52434,5,False,0,0.12,https://www.openstreetmap.org/?mlat=47.13961&mlon=9.52434&zoom=14
"Fürstentum Liechtenstein, Vaduz, Schloss Vaduz, Teilinnenansicht","Vaduz LI. Das Schloss. Inneres: getäfertes Schlafzimmer mit Kassettendecke; Bett mit Aufsatz und kassettiertem Fussende; rechts neben Bett ein gotischer Tisch, darauf ein altes Triptychon (Altarbild)",47.1392862,9.5227962,Nein,Vaduz,lcmt-nabi-pctmp_ead_zing_8703_pctmp.jpg,,1923,,Schweizerische Nationalbibliothek,Rudolf Zinggeler,https://commons.wikimedia.org/entity/M161724302,"Schloss Vaduz, getäfertes Schlafzimmer","Vaduz LI. Das Schloss. Inneres: getäfertes Schlafzimmer mit Kassettendecke; Bett mit Aufsatz und kassettiertem Fussende; rechts neben Bett ein gotischer Tisch, darauf ein altes Triptychon (Altarbild)",1923,,,Liechtenstein,Vaduz,Vaduz,47.13961,9.52434,5,False,0,0.12,https://www.openstreetmap.org/?mlat=47.13961&mlon=9.52434&zoom=14
"Fürstentum Liechtenstein, Vaduz, Schloss Vaduz, Teilinnenansicht",Vaduz LI. Das Schloss. Inneres: getäferte Wohnstube; Teilansicht einer Innenwand mit Türe; Stabellen mit geschnitzten Rücklehnen,47.1392862,9.5227962,Nein,Vaduz,lcmt-nabi-pctmp_ead_zing_8704_pctmp.jpg,,1923,,Schweizerische Nationalbibliothek,Rudolf Zinggeler,https://commons.wikimedia.org/entity/M161724234,"Schloss Vaduz, getäferte Wohnstube",Vaduz LI. Das Schloss. Inneres: getäferte Wohnstube; Teilansicht einer Innenwand mit Türe; Stabellen mit geschnitzten Rücklehnen,1923,Rudolf Zinggeler,,Liechtenstein,Vaduz,Vaduz,47.13961,9.52434,5,False,0,0.12,https://www.openstreetmap.org/?mlat=47.13961&mlon=9.52434&zoom=14
"Fürstentum Liechtenstein, Vaduz, Schloss Vaduz, Teilinnenansicht","Vaduz LI. Das Schloss. Inneres: kleineres Gemach mit Brusttäfer und Felderdecke, geramhten Türe; an den Wänden mehrere Panoplien aus alten Schusswaffen (Langfeuerwaffen türkischer oder arabischer Herkunft und Pistolen); drei metallene Rundschilde, fein dekoriert",47.1392862,9.5227962,Nein,Vaduz,lcmt-nabi-pctmp_ead_zing_8705_pctmp.jpg,,1923,,Schweizerische Nationalbibliothek,Rudolf Zinggeler,https://commons.wikimedia.org/entity/M161724169,"Schloss Vaduz, Gemach mit Waffensammlung","Vaduz LI. Das Schloss. Inneres: kleineres Gemach mit Brusttäfer und Felderdecke, geramhten Türe; an den Wänden mehrere Panoplien aus alten Schusswaffen (Langfeuerwaffen türkischer oder arabischer Herkunft und Pistolen); drei metallene Rundschilde, fein dekoriert",1923,,,Liechtenstein,Vaduz,Vaduz,47.13961,9.52434,5,False,0,0.12,https://www.openstreetmap.org/?mlat=47.13961&mlon=9.52434&zoom=14
"Fürstentum Liechtenstein, Vaduz, Schloss Vaduz, Teilinnenansicht","Vaduz LI. Das Schloss. Inneres: Teilansicht eines saalartigen Raumes mit Kassettendecke; Blick nach der Ofenecke und die Innen-Schmalwand; Ofen zweigeschossig: Unterteil kubisch, antike Sitz-, Schrank- und Tischmöbel",47.1392862,9.5227962,Nein,Vaduz,lcmt-nabi-pctmp_ead_zing_8706_pctmp.jpg,,1923,,Schweizerische Nationalbibliothek,Rudolf Zinggeler,https://commons.wikimedia.org/entity/M161724103,"Schloss Vaduz, saalartiger Raum mit Kassettendecke","Vaduz LI. Das Schloss. Inneres: Teilansicht eines saalartigen Raumes mit Kassettendecke; Blick nach der Ofenecke und die Innen-Schmalwand; Ofen zweigeschossig: Unterteil kubisch, antike Sitz-, Schrank- und Tischmöbel",1923,,,Liechtenstein,Vaduz,Vaduz,47.13961,9.52434,5,False,0,0.12,https://www.openstreetmap.org/?mlat=47.13961&mlon=9.52434&zoom=14
"Fürstentum Liechtenstein, Vaduz, Schloss Vaduz, Teilinnenansicht",Vaduz LI. Das Schloss. Inneres: Schlafzimmer mit Kassettendecke und Brusttäfer; Deckelbett mit Schnitzereien an der Kopfwand; zweigeschossiger Ofen mit zylindrischem Oberteil aus Kacheln,47.1392862,9.5227962,Nein,Vaduz,lcmt-nabi-pctmp_ead_zing_8707_pctmp.jpg,,1923,,Schweizerische Nationalbibliothek,Rudolf Zinggeler,https://commons.wikimedia.org/entity/M161724058,"Schloss Vaduz, Schlafzimmer mit zweigeschossigem Ofen",Vaduz LI. Das Schloss. Inneres: Schlafzimmer mit Kassettendecke und Brusttäfer; Deckelbett mit Schnitzereien an der Kopfwand; zweigeschossiger Ofen mit zylindrischem Oberteil aus Kacheln,1923,Rudolf,,Liechtenstein,Vaduz,Vaduz,47.13961,9.52434,5,False,0,0.12,https://www.openstreetmap.org/?mlat=47.13961&mlon=9.52434&zoom=14
"Fürstentum Liechtenstein, Vaduz, Schloss Vaduz, Teilinnenansicht","Vaduz LI. Das Schloss. Inneres: eine Gesindestube, getäfert, mit Balkendecke; Blick von der Fensterwand gegen die Innen-Schmalwand mit feingeschnitztem Fires",47.1392862,9.5227962,Nein,Vaduz,lcmt-nabi-pctmp_ead_zing_8708_pctmp.jpg,,1923,,Schweizerische Nationalbibliothek,Rudolf Zinggeler,https://commons.wikimedia.org/entity/M161724011,"Schloss Vaduz, Gesindestube mit Balkendecke","Vaduz LI. Das Schloss. Inneres: eine Gesindestube, getäfert, mit Balkendecke; Blick von der Fensterwand gegen die Innen-Schmalwand mit feingeschnitztem Fires",1923,Rudolf Zinggeler,,Liechtenstein,Vaduz,Vaduz,47.13961,9.52434,5,False,0,0.12,https://www.openstreetmap.org/?mlat=47.13961&mlon=9.52434&zoom=14
"Fürstentum Liechtenstein, Vaduz, Schloss Vaduz, Teilinnenansicht","Vaduz LI. Das Schloss. Waffensammlung, Einzelstück: Radschlossgewehr mit reicher Verbeinung (vielfigirige Reliefdarstellungen), um 1600 (Jagdgewehr); Seitenansicht rechts",47.1392862,9.5227962,Nein,Vaduz,lcmt-nabi-pctmp_ead_zing_8709_pctmp.jpg,,1923,,Schweizerische Nationalbibliothek,Rudolf Zinggeler,https://commons.wikimedia.org/entity/M161723957,"Schloss Vaduz, Radschlossgewehr um 1600","Vaduz LI. Das Schloss. Waffensammlung, Einzelstück: Radschlossgewehr mit reicher Verbeinung (vielfigirige Reliefdarstellungen), um 1600 (Jagdgewehr); Seitenansicht rechts",1923,Rudolf Zinggeler,,Liechtenstein,Vaduz,Vaduz,47.13961,9.52434,5,False,0,0.12,https://www.openstreetmap.org/?mlat=47.13961&mlon=9.52434&zoom=14
"Fürstentum Liechtenstein, Vaduz, Schloss Vaduz, Teilinnenansicht","Vaduz LI. Das Schloss. Waffensammlung, Einzelstück: Radschlossgewehr mit reicher Verbeinung um 1600 (vgl. die Bilder Nr. 8709, 8711); Seitenansicht links",47.1392862,9.5227962,Nein,Vaduz,lcmt-nabi-pctmp_ead_zing_8710_pctmp.jpg,,1923,,Schweizerische Nationalbibliothek,Rudolf Zinggeler,https://commons.wikimedia.org/entity/M161723904,"Schloss Vaduz, Radschlossgewehr Seitenansicht links","Vaduz LI. Das Schloss. Waffensammlung, Einzelstück: Radschlossgewehr mit reicher Verbeinung um 1600 (vgl. die Bilder Nr. 8709, 8711); Seitenansicht links",1923,Rudolf Zinggeler,,Liechtenstein,Vaduz,Vaduz,47.13961,9.52434,5,False,0,0.12,https://www.openstreetmap.org/?mlat=47.13961&mlon=9.52434&zoom=14
"Fürstentum Liechtenstein, Vaduz, Schloss Vaduz, Teilinnenansicht","Vaduz LI. Das Schloss. Waffensammlung, Einzelstück: Radschlossgewehr mit reicher Verbeinung um 1600 (vgl. die Bilder Nr. 8709, 8710); Ansicht der Unterseite",47.1392862,9.5227962,Nein,Vaduz,lcmt-nabi-pctmp_ead_zing_8711_pctmp.jpg,,1923,,Schweizerische Nationalbibliothek,Rudolf Zinggeler,https://commons.wikimedia.org/entity/M161723852,"Schloss Vaduz, Radschlossgewehr Unterseite","Vaduz LI. Das Schloss. Waffensammlung, Einzelstück: Radschlossgewehr mit reicher Verbeinung um 1600 (vgl. die Bilder Nr. 8709, 8710); Ansicht der Unterseite",1923,Rudolf Zinggeler,,Liechtenstein,Vaduz,Vaduz,47.13961,9.52434,5,False,0,0.12,https://www.openstreetmap.org/?mlat=47.13961&mlon=9.52434&zoom=14
Vaduz [Bild],Vaduz LI. Handzeichnung: Vaduz gesehen mit den Augen eines Sauser-Liebhabers bei fortgeschrittener Stimmung: 'Vaduzer Sau-ser im Stadium!'; Fotografie einer Zeichnung,47.1392862,9.5227962,Nein,Vaduz,lcmt-nabi-pctmp_ead_zing_8712_pctmp.jpg,,circa 1923,,Schweizerische Nationalbibliothek,Rudolf Zinggeler,https://commons.wikimedia.org/entity/M161723800,"Vaduz, Handzeichnung humoristische Darstellung",Vaduz LI. Handzeichnung: Vaduz gesehen mit den Augen eines Sauser-Liebhabers bei fortgeschrittener Stimmung: 'Vaduzer Sau-ser im Stadium!'; Fotografie einer Zeichnung,1923,Rudolf Zinggeler,,Liechtenstein,Vaduz,Vaduz,47.14151,9.52154,3,True,0,0.26,https://www.openstreetmap.org/?mlat=47.14151&mlon=9.52154&zoom=14
"Fürstentum Liechtenstein, Balzers, Schloss Gutenberg, Gesamtansicht","Balzers LI. Landschaft mit Schloss Gutenberg. Fernansicht mit dem Schlosshügel, von Südosten; im VG eine ebene Wiese mit einem Strässchen",47.0688822,9.506159,Nein,Balzers,lcmt-nabi-pctmp_ead_zing_8731_pctmp.jpg,,1928,,Schweizerische Nationalbibliothek,Rudolf Zinggeler,https://commons.wikimedia.org/entity/M161722764,"Schloss Gutenberg, Fernansicht von Südosten","Balzers LI. Landschaft mit Schloss Gutenberg. Fernansicht mit dem Schlosshügel, von Südosten; im VG eine ebene Wiese mit einem Strässchen",1928,Rudolf Zinggeler,,Liechtenstein,Balzers,Balzers,47.0656327,9.5005524,4,False,1,0.56,https://www.openstreetmap.org/?mlat=47.0656327&mlon=9.5005524&zoom=14
"Fürstentum Liechtenstein, Balzers, Ortsteilansicht",Balzers LI. Landschaft und Einzelbauten. Schloss Gutenberg mit Schlosshügel und einer modernen Kirche; Ansicht von Osten,47.0688822,9.506159,Nein,Balzers,lcmt-nabi-pctmp_ead_zing_8732_pctmp.jpg,,1928,,Schweizerische Nationalbibliothek,Rudolf Zinggeler,https://commons.wikimedia.org/entity/M161722712,"Balzers, Ortsteilansicht mit Schloss Gutenberg",Balzers LI. Landschaft und Einzelbauten. Schloss Gutenberg mit Schlosshügel und einer modernen Kirche; Ansicht von Osten,1928,Rudolf Zinggeler,,Liechtenstein,Balzers,Balzers,47.0656327,9.5005524,4,False,1,0.56,https://www.openstreetmap.org/?mlat=47.0656327&mlon=9.5005524&zoom=14
"Fürstentum Liechtenstein, Balzers, Schloss Gutenberg, Gesamtansicht","Balzers LI. Schloss Gutenberg. Aussenansicht von Süden, vom Schlosshügel aus (Aufn. bei hellem Wetter in Nachmittagsbelichtung)",47.0688822,9.506159,Nein,Balzers,lcmt-nabi-pctmp_ead_zing_8733_pctmp.jpg,,1928,,Schweizerische Nationalbibliothek,Rudolf Zinggeler,https://commons.wikimedia.org/entity/M161722663,"Schloss Gutenberg, Aussenansicht von Süden","Balzers LI. Schloss Gutenberg. Aussenansicht von Süden, vom Schlosshügel aus (Aufn. bei hellem Wetter in Nachmittagsbelichtung)",1928,Rudolf Zinggeler,,Liechtenstein,Balzers,Balzers,47.0656327,9.5005524,4,False,1,0.56,https://www.openstreetmap.org/?mlat=47.0656327&mlon=9.5005524&zoom=14
"Fürstentum Liechtenstein, Balzers, Schloss Gutenberg, Gesamtansicht","Balzers LI. Schloss Gutenberg. Gesamt-Aussenansicht von Süden, vom Schlosshügel aus (Aufn. bei trübem Wetter und diffusem Licht)",47.0688822,9.506159,Nein,Balzers,lcmt-nabi-pctmp_ead_zing_8734_pctmp.jpg,,1928,,Schweizerische Nationalbibliothek,Rudolf Zinggeler,https://commons.wikimedia.org/entity/M161722611,"Schloss Gutenberg, Gesamtansicht von Süden","Balzers LI. Schloss Gutenberg. Gesamt-Aussenansicht von Süden, vom Schlosshügel aus (Aufn. bei trübem Wetter und diffusem Licht)",1928,Rudolf Zinggeler,,Liechtenstein,Balzers,Balzers,47.0656327,9.5005524,4,False,1,0.56,https://www.openstreetmap.org/?mlat=47.0656327&mlon=9.5005524&zoom=14
"Fürstentum Liechtenstein, Balzers, Schloss Gutenberg, Teilaussenansicht",Balzers LI. Schloss Gutenberg. Teil-Aussenansicht: An- und Erweiterungsbauten aus neuerer Zeit; Vorplatz mit Gartenvegetation und -wegen,47.0688822,9.506159,Nein,Balzers,lcmt-nabi-pctmp_ead_zing_8735_pctmp.jpg,,1928,,Schweizerische Nationalbibliothek,Rudolf Zinggeler,https://commons.wikimedia.org/entity/M161722547,"Schloss Gutenberg, An- und Erweiterungsbauten",Balzers LI. Schloss Gutenberg. Teil-Aussenansicht: An- und Erweiterungsbauten aus neuerer Zeit; Vorplatz mit Gartenvegetation und -wegen,1928,Rudolf Zinggeler,,Liechtenstein,Balzers,Balzers,47.0656327,9.5005524,4,False,1,0.56,https://www.openstreetmap.org/?mlat=47.0656327&mlon=9.5005524&zoom=14
"Fürstentum Liechtenstein, Balzers, Schloss Gutenberg, Teilaussenansicht",Balzers LI. Schloss Gutenberg. Äusseres: die Eingangspartie von aussen gesehen; Gemäuer als Torbau mit dem äussern Hoftor; rechts daran anschliessend eine Mauer mit kleiner Pforte und Schiessscharten,47.0688822,9.506159,Nein,Balzers,lcmt-nabi-pctmp_ead_zing_8736_pctmp.jpg,,1928,,Schweizerische Nationalbibliothek,Rudolf Zinggeler,https://commons.wikimedia.org/entity/M161722489,"Schloss Gutenberg, Eingangspartie mit Torbau",Balzers LI. Schloss Gutenberg. Äusseres: die Eingangspartie von aussen gesehen; Gemäuer als Torbau mit dem äussern Hoftor; rechts daran anschliessend eine Mauer mit kleiner Pforte und Schiessscharten,1928,Rudolf Zinggeler,,Liechtenstein,Balzers,Balzers,47.0656327,9.5005524,4,False,1,0.56,https://www.openstreetmap.org/?mlat=47.0656327&mlon=9.5005524&zoom=14
"Fürstentum Liechtenstein, Balzers, Schloss Gutenberg, Teilinnenansicht","Balzers LI. Schloss Gutenberg. Die Schlosskapelle, Innenansicht mit Blick über die Längsachse gegen den Chor mit gotischem Altar",47.0688822,9.506159,Nein,Balzers,lcmt-nabi-pctmp_ead_zing_8737_pctmp.jpg,,1928,,Schweizerische Nationalbibliothek,Rudolf Zinggeler,https://commons.wikimedia.org/entity/M161722423,"Schloss Gutenberg, Schlosskapelle Innenansicht","Balzers LI. Schloss Gutenberg. Die Schlosskapelle, Innenansicht mit Blick über die Längsachse gegen den Chor mit gotischem Altar",1928,Rudolf Zinggeler,,Liechtenstein,Balzers,Balzers,47.0656327,9.5005524,4,False,1,0.56,https://www.openstreetmap.org/?mlat=47.0656327&mlon=9.5005524&zoom=14
"Fürstentum Liechtenstein, Balzers, Schloss Gutenberg, Teilaussenansicht",Balzers LI. Schloss Gutenberg. Teil-Aussenansicht der An- und zubauten aus neuerer Zeit; im VG Gartenteil,47.0688822,9.506159,Nein,Balzers,lcmt-nabi-pctmp_ead_zing_8738_pctmp.jpg,,1928,,Schweizerische Nationalbibliothek,Rudolf Zinggeler,https://commons.wikimedia.org/entity/M161722357,"Fürstentum Liechtenstein, Balzers, Schloss Gutenberg",Balzers LI. Schloss Gutenberg. Teil-Aussenansicht der An- und zubauten aus neuerer Zeit; im VG Gartenteil,1928,Rudolf Zinggeler,,Liechtenstein,Balzers,Balzers,47.0656327,9.5005524,4,False,1,0.56,https://www.openstreetmap.org/?mlat=47.0656327&mlon=9.5005524&zoom=14
"Fürstentum Liechtenstein, Balzers, Schloss Gutenberg, Teilaussenansicht",Balzers LI. Schloss Gutenberg. Der Schlosshof mit Teilansicht des Schlosses; Blickrichtung von Norden gegen Süden; im MG links der Bergfried; rechts ein Bautrakt mit Erker am 1. Stock,47.0688822,9.506159,Nein,Balzers,lcmt-nabi-pctmp_ead_zing_8739_pctmp.jpg,,1928,,Schweizerische Nationalbibliothek,Rudolf Zinggeler,https://commons.wikimedia.org/entity/M161722299,"Fürstentum Liechtenstein, Balzers, Schloss Gutenberg",Balzers LI. Schloss Gutenberg. Der Schlosshof mit Teilansicht des Schlosses; Blickrichtung von Norden gegen Süden; im MG links der Bergfried; rechts ein Bautrakt mit Erker am 1. Stock,1928,,,Liechtenstein,Balzers,Balzers,47.0656327,9.5005524,4,False,1,0.56,https://www.openstreetmap.org/?mlat=47.0656327&mlon=9.5005524&zoom=14
"Fürstentum Liechtenstein, Balzers, Schloss Gutenberg, Teilaussenansicht",Balzers LI. Schloss Gutenberg. Blick durch ein breites Rundbogentor in den Schlosshof,47.0688822,9.506159,Nein,Balzers,lcmt-nabi-pctmp_ead_zing_8740_pctmp.jpg,,1928,,Schweizerische Nationalbibliothek,Rudolf Zinggeler,https://commons.wikimedia.org/entity/M161722237,"Fürstentum Liechtenstein, Balzers, Schloss Gutenberg",Balzers LI. Schloss Gutenberg. Blick durch ein breites Rundbogentor in den Schlosshof,1928,Rudolf Zinggeler,,Liechtenstein,Balzers,Balzers,47.0656327,9.5005524,4,False,1,0.56,https://www.openstreetmap.org/?mlat=47.0656327&mlon=9.5005524&zoom=14
"Fürstentum Liechtenstein, Balzers, Schloss Gutenberg, Teilaussenansicht","Balzers LI. Schloss Gutenberg. Der Schlosshof; Teilansicht zweier Trakte mit Wehrgängen; am Längstrakt eine Laube im ersten Obergeschoss, darunter breites Rundbogentor; Ansicht aus dem Hofinnern",47.0688822,9.506159,Nein,Balzers,lcmt-nabi-pctmp_ead_zing_8741_pctmp.jpg,,1928,,Schweizerische Nationalbibliothek,Rudolf Zinggeler,https://commons.wikimedia.org/entity/M161722169,"Fürstentum Liechtenstein, Balzers, Schloss Gutenberg","Balzers LI. Schloss Gutenberg. Der Schlosshof; Teilansicht zweier Trakte mit Wehrgängen; am Längstrakt eine Laube im ersten Obergeschoss, darunter breites Rundbogentor; Ansicht aus dem Hofinnern",1928,,,Liechtenstein,Balzers,Balzers,47.0656327,9.5005524,4,False,1,0.56,https://www.openstreetmap.org/?mlat=47.0656327&mlon=9.5005524&zoom=14
"Fürstentum Liechtenstein, Balzers, Schloss Gutenberg, Teilaussenansicht","Balzers LI. Schloss Gutenberg. Der Schlosshof; Teilansicht des Schlosses Hofseite; rechts der westliche Längstrakt mit Laube im 1. Stock; links, gegen den Südtrakt ein Eckbau; viel Grünzeug (Schlinggewächs) am Gemäuer",47.0688822,9.506159,Nein,Balzers,lcmt-nabi-pctmp_ead_zing_8742_pctmp.jpg,,1928,,Schweizerische Nationalbibliothek,Rudolf Zinggeler,https://commons.wikimedia.org/entity/M161722099,"Fürstentum Liechtenstein, Balzers, Schloss Gutenberg","Balzers LI. Schloss Gutenberg. Der Schlosshof; Teilansicht des Schlosses Hofseite; rechts der westliche Längstrakt mit Laube im 1. Stock; links, gegen den Südtrakt ein Eckbau; viel Grünzeug (Schlinggewächs) am Gemäuer",1928,,,Liechtenstein,Balzers,Balzers,47.0656327,9.5005524,4,False,1,0.56,https://www.openstreetmap.org/?mlat=47.0656327&mlon=9.5005524&zoom=14
"Fürstentum Liechtenstein, Balzers, Schloss Gutenberg, Teilinnenansicht","Balzers LI. Schloss Gutenberg. Inneres: die Küche, Ansicht über die Diagonale gegen die Herdecke mit Rauchfang; links und rechts davon Gestelle mit Geschirr und anderem Küchengerät",47.0688822,9.506159,Nein,Balzers,lcmt-nabi-pctmp_ead_zing_8743_pctmp.jpg,,1928,,Schweizerische Nationalbibliothek,Rudolf Zinggeler,https://commons.wikimedia.org/entity/M161722018,"Fürstentum Liechtenstein, Balzers, Schloss Gutenberg","Balzers LI. Schloss Gutenberg. Inneres: die Küche, Ansicht über die Diagonale gegen die Herdecke mit Rauchfang; links und rechts davon Gestelle mit Geschirr und anderem Küchengerät",1928,,,Liechtenstein,Balzers,Balzers,47.0656327,9.5005524,4,False,1,0.56,https://www.openstreetmap.org/?mlat=47.0656327&mlon=9.5005524&zoom=14
"Fürstentum Liechtenstein, Balzers, Schloss Gutenberg, Teilaussenansicht","Balzers LI. Schloss Gutenberg. Blick durch die Laube am westlichen Längstrakt, in südlicher Richtung; links Seitenblick in den Schlosshof gegen den Bergfried mit Anbauten (siehe auch Bild Nr. 8754)",47.0688822,9.506159,Nein,Balzers,lcmt-nabi-pctmp_ead_zing_8744_pctmp.jpg,,1928,,Schweizerische Nationalbibliothek,Rudolf Zinggeler,https://commons.wikimedia.org/entity/M161721959,"Fürstentum Liechtenstein, Balzers, Schloss Gutenberg","Balzers LI. Schloss Gutenberg. Blick durch die Laube am westlichen Längstrakt, in südlicher Richtung; links Seitenblick in den Schlosshof gegen den Bergfried mit Anbauten (siehe auch Bild Nr. 8754)",1928,,,Liechtenstein,Balzers,Balzers,47.0656327,9.5005524,4,False,1,0.56,https://www.openstreetmap.org/?mlat=47.0656327&mlon=9.5005524&zoom=14
"Fürstentum Liechtenstein, Balzers, Schloss Gutenberg, Teilinnenansicht","Balzers LI. Schloss Gutenberg. Inneres: Täferstube mit Kassettendecke, als Wirtsstube eingerichtet; Blick gegen die Innenwand mit (v.l.n.r.) Waschnische, Rundbogentüre in Nebenraum, schräg verlaufende Nische mit Gläserschrank, Holzgitter; rechts Fensterwand mit grosser Stichbogen-Fensternische",47.0688822,9.506159,Nein,Balzers,lcmt-nabi-pctmp_ead_zing_8745_pctmp.jpg,,1928,,Schweizerische Nationalbibliothek,Rudolf Zinggeler,https://commons.wikimedia.org/entity/M161721903,"Fürstentum Liechtenstein, Balzers, Schloss Gutenberg","Balzers LI. Schloss Gutenberg. Inneres: Täferstube mit Kassettendecke, als Wirtsstube eingerichtet; Blick gegen die Innenwand mit (v.l.n.r.) Waschnische, Rundbogentüre in Nebenraum, schräg verlaufende Nische mit Gläserschrank, Holzgitter; rechts Fensterwand mit grosser Stichbogen-Fensternische",1928,,,Liechtenstein,Balzers,Balzers,47.0656327,9.5005524,4,False,1,0.56,https://www.openstreetmap.org/?mlat=47.0656327&mlon=9.5005524&zoom=14
"Fürstentum Liechtenstein, Balzers, Schloss Gutenberg, Teilinnenansicht","Balzers LI. Schloss Gutenberg. Inneres: grosser Raum mit Balkendecke; für Bewirtungszwecke eingerichtet und möbliert; Wände unverkleidet, teilweise mit Wappen bemalt; Blick gegen eine Innenwand mit hochliegender, über eine Treppe zu erreichender Türe",47.0688822,9.506159,Nein,Balzers,lcmt-nabi-pctmp_ead_zing_8746_pctmp.jpg,,1928,,Schweizerische Nationalbibliothek,Rudolf Zinggeler,https://commons.wikimedia.org/entity/M161721839,"Fürstentum Liechtenstein, Balzers, Schloss Gutenberg","Balzers LI. Schloss Gutenberg. Inneres: grosser Raum mit Balkendecke; für Bewirtungszwecke eingerichtet und möbliert; Wände unverkleidet, teilweise mit Wappen bemalt; Blick gegen eine Innenwand mit hochliegender, über eine Treppe zu erreichender Türe",1928,,,Liechtenstein,Balzers,Balzers,47.0656327,9.5005524,4,False,1,0.56,https://www.openstreetmap.org/?mlat=47.0656327&mlon=9.5005524&zoom=14
"Fürstentum Liechtenstein, Balzers, Schloss Gutenberg, Teilinnenansicht",Balzers LI. Schloss Gutenberg. Inneres: grosser Saal mit Balkendecke; für Bewirtungszwecke möbliert; Raummitte mit Rundum-Bank versehener Pfeiler; Blick gegen eine Innenwand mit Unterzug und darunter einem Wappenfries,47.0688822,9.506159,Nein,Balzers,lcmt-nabi-pctmp_ead_zing_8747_pctmp.jpg,,1928,,Schweizerische Nationalbibliothek,Rudolf Zinggeler,https://commons.wikimedia.org/entity/M161721784,"Fürstentum Liechtenstein, Balzers, Schloss Gutenberg",Balzers LI. Schloss Gutenberg. Inneres: grosser Saal mit Balkendecke; für Bewirtungszwecke möbliert; Raummitte mit Rundum-Bank versehener Pfeiler; Blick gegen eine Innenwand mit Unterzug und darunter einem Wappenfries,1928,,,Liechtenstein,Balzers,Balzers,47.0656327,9.5005524,4,False,1,0.56,https://www.openstreetmap.org/?mlat=47.0656327&mlon=9.5005524&zoom=14
"Fürstentum Liechtenstein, Balzers, Schloss Gutenberg, Teilinnenansicht",Balzers LI. Schloss Gutenberg. Inneres: Saal mit verzierter Balkendecke (vgl. Bild Nr. 8747); Blick gegen Innenwand mit altem Ofen; Wappenfriese,47.0688822,9.506159,Nein,Balzers,lcmt-nabi-pctmp_ead_zing_8748_pctmp.jpg,,1928,,Schweizerische Nationalbibliothek,Rudolf Zinggeler,https://commons.wikimedia.org/entity/M161721722,"Fürstentum Liechtenstein, Balzers, Schloss Gutenberg",Balzers LI. Schloss Gutenberg. Inneres: Saal mit verzierter Balkendecke (vgl. Bild Nr. 8747); Blick gegen Innenwand mit altem Ofen; Wappenfriese,1928,Rudolf Zinggeler,,Liechtenstein,Balzers,Balzers,47.0656327,9.5005524,4,False,1,0.56,https://www.openstreetmap.org/?mlat=47.0656327&mlon=9.5005524&zoom=14
"Fürstentum Liechtenstein, Balzers, Schloss Gutenberg, Teilinnenansicht",Balzers LI. Schloss Gutenberg. Inneres: Täferstube mit Kassettendecke (vgl. Bild Nr. 8745). Blick gegen die Wand mit Mauernische; in der Ecke links ein Kachelofen mit Unter- und zylindrischem Oberteil; Raum ist als Wirtsstube möbliert,47.0688822,9.506159,Nein,Balzers,lcmt-nabi-pctmp_ead_zing_8749_pctmp.jpg,,1928,,Schweizerische Nationalbibliothek,Rudolf Zinggeler,https://commons.wikimedia.org/entity/M161754442,"Fürstentum Liechtenstein, Balzers, Schloss Gutenberg",Balzers LI. Schloss Gutenberg. Inneres: Täferstube mit Kassettendecke (vgl. Bild Nr. 8745). Blick gegen die Wand mit Mauernische; in der Ecke links ein Kachelofen mit Unter- und zylindrischem Oberteil; Raum ist als Wirtsstube möbliert,1928,,,Liechtenstein,Balzers,Balzers,47.0656327,9.5005524,4,False,1,0.56,https://www.openstreetmap.org/?mlat=47.0656327&mlon=9.5005524&zoom=14
"Fürstentum Liechtenstein, Balzers, Schloss Gutenberg, Teilinnenansicht",Balzers LI. Schloss Gutenberg. Inneres: Ofenwinkel mit Tisch und Bücherbrett in einem Nebenraum zur Wirtsstube (vgl. die Bilder Nr. 8745 und 8749),47.0688822,9.506159,Nein,Balzers,lcmt-nabi-pctmp_ead_zing_8750_pctmp.jpg,,1928,,Schweizerische Nationalbibliothek,Rudolf Zinggeler,https://commons.wikimedia.org/entity/M161721654,"Fürstentum Liechtenstein, Balzers, Schloss Gutenberg",Balzers LI. Schloss Gutenberg. Inneres: Ofenwinkel mit Tisch und Bücherbrett in einem Nebenraum zur Wirtsstube (vgl. die Bilder Nr. 8745 und 8749),1928,Rudolf Zinggeler,,Liechtenstein,Balzers,Balzers,47.0656327,9.5005524,4,False,1,0.56,https://www.openstreetmap.org/?mlat=47.0656327&mlon=9.5005524&zoom=14
"Fürstentum Liechtenstein, Balzers, Schloss Gutenberg, Teilaussenansicht","Balzers LI. Schloss Gutenberg. Breiter Eingang unter einer Holzbalkenwand, die Torflügel bestehen aus Vierkant-Lattenwerk, das aussenseits mit Eisen beschlagen ist",47.0688822,9.506159,Nein,Balzers,lcmt-nabi-pctmp_ead_zing_8751_pctmp.jpg,,1928,,Schweizerische Nationalbibliothek,Rudolf Zinggeler,https://commons.wikimedia.org/entity/M161721583,"Fürstentum Liechtenstein, Balzers, Schloss Gutenberg","Balzers LI. Schloss Gutenberg. Breiter Eingang unter einer Holzbalkenwand, die Torflügel bestehen aus Vierkant-Lattenwerk, das aussenseits mit Eisen beschlagen ist",1928,Rudolf Zinggeler,,Liechtenstein,Balzers,Balzers,47.0656327,9.5005524,4,False,1,0.56,https://www.openstreetmap.org/?mlat=47.0656327&mlon=9.5005524&zoom=14
"Fürstentum Liechtenstein, Balzers, Schloss Gutenberg, Teilinnenansicht","Balzers LI. Schloss Gutenberg. Inneres: Schlafzimmer mit schräg verlaufender Innenwand, an welcher zwei Nischenbetten angebaut sind; zwischen den beiden Bettnischen ein dreigeschossiger schmaler Schrank, in dessen Mittelteil eine Giessfassnische",47.0688822,9.506159,Nein,Balzers,lcmt-nabi-pctmp_ead_zing_8752_pctmp.jpg,,1928,,Schweizerische Nationalbibliothek,Rudolf Zinggeler,https://commons.wikimedia.org/entity/M161721523,"Fürstentum Liechtenstein, Balzers, Schloss Gutenberg","Balzers LI. Schloss Gutenberg. Inneres: Schlafzimmer mit schräg verlaufender Innenwand, an welcher zwei Nischenbetten angebaut sind; zwischen den beiden Bettnischen ein dreigeschossiger schmaler Schrank, in dessen Mittelteil eine Giessfassnische",1928,,,Liechtenstein,Balzers,Balzers,47.0656327,9.5005524,4,False,1,0.56,https://www.openstreetmap.org/?mlat=47.0656327&mlon=9.5005524&zoom=14
"Fürstentum Liechtenstein, Balzers, Schloss Gutenberg, Teilinnenansicht","Balzers LI. Schloss Gutenberg. Inneres: Raum mit Balkendecke; die Wände ungetäfert; zwei Lünettenfenster, über denen je ein Viereckfeld mit dekorativer Bemalung; Mäblierung für Schankzwecke (vgl. Bild Nr. 8755)",47.0688822,9.506159,Nein,Balzers,lcmt-nabi-pctmp_ead_zing_8753_pctmp.jpg,,1928,,Schweizerische Nationalbibliothek,Rudolf Zinggeler,https://commons.wikimedia.org/entity/M161721463,"Fürstentum Liechtenstein, Balzers, Schloss Gutenberg","Balzers LI. Schloss Gutenberg. Inneres: Raum mit Balkendecke; die Wände ungetäfert; zwei Lünettenfenster, über denen je ein Viereckfeld mit dekorativer Bemalung; Mäblierung für Schankzwecke (vgl. Bild Nr. 8755)",1928,,,Liechtenstein,Balzers,Balzers,47.0656327,9.5005524,4,False,1,0.56,https://www.openstreetmap.org/?mlat=47.0656327&mlon=9.5005524&zoom=14
"Fürstentum Liechtenstein, Vaduz, Schloss Vaduz, Teilaussenansicht","Balzers LI. Schloss Gutenberg. Laube im zweiten Stock des Westtrakts, Hofseite (vgl. Bild Nr. 8744); links Seitenblick in den Schlosshof, gegen den Bergfried",47.0688822,9.506159,Nein,Balzers,lcmt-nabi-pctmp_ead_zing_8754_pctmp.jpg,,1928,,Schweizerische Nationalbibliothek,Rudolf Zinggeler,https://commons.wikimedia.org/entity/M161721406,"Fürstentum Liechtenstein, Balzers, Schloss Gutenberg","Balzers LI. Schloss Gutenberg. Laube im zweiten Stock des Westtrakts, Hofseite (vgl. Bild Nr. 8744); links Seitenblick in den Schlosshof, gegen den Bergfried",1928,Rudolf Zinggeler,,Liechtenstein,Balzers,Balzers,47.0656327,9.5005524,4,False,1,0.56,https://www.openstreetmap.org/?mlat=47.0656327&mlon=9.5005524&zoom=14
"Fürstentum Liechtenstein, Balzers, Schloss Gutenberg, Teilinnenansicht",Balzers LI. Schloss Gutenberg. Inneres: Saal mit Balkendecke; Blick gegen eine Innenecke; zwei Rundbogentüren mit gemalter Umrahmung,47.0688822,9.506159,Nein,Balzers,lcmt-nabi-pctmp_ead_zing_8755_pctmp.jpg,,1928,,Schweizerische Nationalbibliothek,Rudolf Zinggeler,https://commons.wikimedia.org/entity/M161721346,"Fürstentum Liechtenstein, Balzers, Schloss Gutenberg",Balzers LI. Schloss Gutenberg. Inneres: Saal mit Balkendecke; Blick gegen eine Innenecke; zwei Rundbogentüren mit gemalter Umrahmung,1928,Rudolf Zinggeler,,Liechtenstein,Balzers,Balzers,47.0656327,9.5005524,4,False,1,0.56,https://www.openstreetmap.org/?mlat=47.0656327&mlon=9.5005524&zoom=14
"Porträt, Männliche Person, Fürstentum Liechtenstein",Balzers LI. Schloss Gutenberg. Der Besitzer des Schlosses,47.0688822,9.506159,Nein,Balzers,lcmt-nabi-pctmp_ead_zing_8756_pctmp.jpg,,1928,,Schweizerische Nationalbibliothek,Rudolf Zinggeler,https://commons.wikimedia.org/entity/M161721283,"Porträt, Männliche Person, Schloss Gutenberg",Balzers LI. Schloss Gutenberg. Der Besitzer des Schlosses,1928,Rudolf Zinggeler,,Liechtenstein,Balzers,Balzers,47.06661,9.50355,3,True,0,0.32,https://www.openstreetmap.org/?mlat=47.06661&mlon=9.50355&zoom=14
"Schweiz, Landschaft [Lokalisierung unsicher]","Schweiz. Landschaft. Hochgebirgsmotiv mit einer Mulde, mit Schneefeldern, einem erratischen Block; hinten herum einige Felspartien; leichte Morgennebel um die Bargspitzen",,,Nein,,lcmt-nabi-pctmp_ead_zing_8902_pctmp.jpg,,circa 1890 1900,,Schweizerische Nationalbibliothek,Rudolf Zinggeler,https://commons.wikimedia.org/entity/M159976227,"Schweiz, Landschaft, Hochgebirgsmotiv","Schweiz. Landschaft. Hochgebirgsmotiv mit einer Mulde, mit Schneefeldern, einem erratischen Block; hinten herum einige Felspartien; leichte Morgennebel um die Bargspitzen",1890-1900,Rudolf Zinggeler,,Switzerland,,,,,0,False,0,,
"Schweiz, Landschaft [Lokalisierung unsicher]","Schweiz. Naturphänomen. Höhle in Felsen, aus der ein kräftiger Bergbach fliesst; Ansicht von aussen; (zwei Touristen im Begriffe, den Bach zu überspringen)",,,Nein,,lcmt-nabi-pctmp_ead_zing_8908_pctmp.jpg,,circa 1890,,Schweizerische Nationalbibliothek,Rudolf Zinggeler,https://commons.wikimedia.org/entity/M159987439,"Schweiz, Landschaft [Lokalisierung unsicher]","Schweiz. Naturphänomen. Höhle in Felsen, aus der ein kräftiger Bergbach fliesst; Ansicht von aussen; (zwei Touristen im Begriffe, den Bach zu überspringen)",1890,Rudolf Zinggeler,,Switzerland,,,,,0,False,0,,
"Schweiz, Landschaft [Lokalisierung unsicher]","Schweiz. Landschaft, Vegetation. Wiesenhalde mit dichten Holundersträuchern im Vollblust; rechts Seitenblick auf breite Talsohle hinunter. Aufnahme 1890-1936.",,,Nein,,lcmt-nabi-pctmp_ead_zing_8924_pctmp.jpg,,1890-1936,,Schweizerische Nationalbibliothek,Rudolf Zinggeler,https://commons.wikimedia.org/entity/M159984680,"Schweiz, Landschaft [Lokalisierung unsicher]","Schweiz. Landschaft, Vegetation. Wiesenhalde mit dichten Holundersträuchern im Vollblust; rechts Seitenblick auf breite Talsohle hinunter. Aufnahme 1890-1936.",1890-1936,Rudolf Zinggeler,,Switzerland,,,,,0,False,0,,
"Schweiz, Landschaft [Lokalisierung unsicher]","Schweiz. Landschaftsmotiv, Naturvorgang. Wasserfall eines kräftigen Bergbaches in sehr felsiger Umgebung (am Walensee?). Aufnahme um 1885?.",,,Nein,,lcmt-nabi-pctmp_ead_zing_9025_pctmp.jpg,,circa 1885,,Schweizerische Nationalbibliothek,Rudolf Zinggeler,https://commons.wikimedia.org/entity/M159976156,"Schweiz, Landschaft [Lokalisierung unsicher]","Schweiz. Landschaftsmotiv, Naturvorgang. Wasserfall eines kräftigen Bergbaches in sehr felsiger Umgebung (am Walensee?). Aufnahme um 1885?.",1885,Rudolf Zinggeler,,Switzerland,,,,,0,False,0,,
"Schweiz, Landschaft [Lokalisierung unsicher]","Schweiz. Hochgebirgslandschaft. Ein Panorama von Berghäuptern, gesehen von einem Gipfel aus",,,Nein,,lcmt-nabi-pctmp_ead_zing_9143_pctmp.jpg,,1890-1936,,Schweizerische Nationalbibliothek,Rudolf Zinggeler,https://commons.wikimedia.org/entity/M159671203,"Schweiz, Landschaft [Lokalisierung unsicher]","Schweiz. Hochgebirgslandschaft. Ein Panorama von Berghäuptern, gesehen von einem Gipfel aus",1890-1936,Rudolf Zinggeler,,Switzerland,,,,,0,False,0,,
"Schweiz, Landschaft [Lokalisierung unsicher]","Schweiz. Berglandschaft mit Wald- und Weideflächen, gesehen von einer Anhöhe östlich des Etzels mit Blick gegen OSO auf die Wäggitaler und Glarnerberge. Aufnahme um 1890?.",,,Nein,,lcmt-nabi-pctmp_ead_zing_9334_pctmp.jpg,,circa 1890,,Schweizerische Nationalbibliothek,Rudolf Zinggeler,https://commons.wikimedia.org/entity/M159987490,"Schweiz, Berglandschaft mit Blick auf Etzels","Schweiz. Berglandschaft mit Wald- und Weideflächen, gesehen von einer Anhöhe östlich des Etzels mit Blick gegen OSO auf die Wäggitaler und Glarnerberge. Aufnahme um 1890?.",1890,Rudolf Zinggeler,,Switzerland,Kanton Schwyz,,,,0,False,0,,
"Muotathal, Wil, Ortsteilansicht und Landschaft","Muotathal SZ. Landschaft, Siedlung, Dorfbild. Der Weiler Wil mit der Pfarrkirche von Süden gesehen; hinten die Schrofen und Felswände des First.",46.974668,8.7658029,Nein,Muotathal,lcmt-nabi-pctmp_ead_zing_9339_pctmp.jpg,,1890-1936,,Schweizerische Nationalbibliothek,Rudolf Zinggeler,https://commons.wikimedia.org/entity/M159631302,"Muotathal, Wil, Ortsteilansicht und Landschaft","Muotathal SZ. Landschaft, Siedlung, Dorfbild. Der Weiler Wil mit der Pfarrkirche von Süden gesehen; hinten die Schrofen und Felswände des First.",1890-1936,Rudolf Zinggeler,,Switzerland,Kanton Schwyz,Muotathal,46.9760749,8.7569592,4,False,1,0.69,https://www.openstreetmap.org/?mlat=46.9760749&mlon=8.7569592&zoom=14
"Schweiz, Landschaft [Lokalisierung unsicher]",Schweiz. Gebirgslandschaft in den nördlichen Schwyzer Alpen. Ausblick vom Stöckerli (Pfiffegg?) nach Südosten auf die Wäggitaler und Glarner Berge: u.a. den Grossen Aubrig und den Glärnisch. Aufnahme um 1890?.,,,Nein,,lcmt-nabi-pctmp_ead_zing_9355_pctmp.jpg,,circa 1890,,Schweizerische Nationalbibliothek,Rudolf Zinggeler,https://commons.wikimedia.org/entity/M160448871,"Schweiz, Gebirgslandschaft Stöckerli",Schweiz. Gebirgslandschaft in den nördlichen Schwyzer Alpen. Ausblick vom Stöckerli (Pfiffegg?) nach Südosten auf die Wäggitaler und Glarner Berge: u.a. den Grossen Aubrig und den Glärnisch. Aufnahme um 1890?.,1890,Rudolf Zinggeler,,Switzerland,Kanton Schwyz,,,,0,False,0,,
"Schweiz, Landschaft [Lokalisierung unsicher]","Schweiz. Gebirgslandschaft in den nördlichen Schwyzer Alpen. Ausblick vom Stöckerli (Pfiffegg?) aus gegen SSO auf die Wäggitaler und Glarner Berge: u.a. den Klein Aubrig, den Ortstock u.a. Ganz links hinten der Glärnisch. Aufnahme um 1890?.",,,Nein,,lcmt-nabi-pctmp_ead_zing_9356_pctmp.jpg,,circa 1890,,Schweizerische Nationalbibliothek,Rudolf Zinggeler,https://commons.wikimedia.org/entity/M159987694,"Schweiz, Gebirgslandschaft Stöckerli","Schweiz. Gebirgslandschaft in den nördlichen Schwyzer Alpen. Ausblick vom Stöckerli (Pfiffegg?) aus gegen SSO auf die Wäggitaler und Glarner Berge: u.a. den Klein Aubrig, den Ortstock u.a. Ganz links hinten der Glärnisch. Aufnahme um 1890?.",1890,Rudolf Zinggeler,,Switzerland,Kanton Schwyz,,,,0,False,0,,
"Schweiz, Landschaft [Lokalisierung unsicher]","Schweiz. Landschaft, Industrie. Ufergelände am Zürichsee mit Holz- (Bretter)stapeln, kleinem Fabrikgebäude, Baggermaschinen usw. Aufnahme um 1890?.",,,Nein,,lcmt-nabi-pctmp_ead_zing_9379_pctmp.jpg,,circa 1890,,Schweizerische Nationalbibliothek,Rudolf Zinggeler,https://commons.wikimedia.org/entity/M159987721,"Schweiz, Ufergelände Zürichsee","Schweiz. Landschaft, Industrie. Ufergelände am Zürichsee mit Holz- (Bretter)stapeln, kleinem Fabrikgebäude, Baggermaschinen usw. Aufnahme um 1890?.",1890,Rudolf Zinggeler,,Switzerland,Kanton Zürich,,,,0,False,0,,
"Aargau, Teilaussenansicht eines Hauses [Lokalisierung unsicher]",Schweiz. Dorfbild. Dorfgasse und mehrere altertümliche bäuerliche Gebäude mit Strohdächern,,,Nein,,lcmt-nabi-pctmp_ead_zing_9791_pctmp.jpg,Aargau,1890-1936,,Schweizerische Nationalbibliothek,Rudolf Zinggeler,https://commons.wikimedia.org/entity/M159671508,"Aargau, Teilaussenansicht eines Hauses",Schweiz. Dorfbild. Dorfgasse und mehrere altertümliche bäuerliche Gebäude mit Strohdächern,1890-1936,Rudolf Zinggeler,,Switzerland,Kanton Aargau,,,,0,False,0,,
"Porträt, Männliche Person, Aargau","Schweiz. Alter Bauer mit Kranzbart, sein Pfeifchen rauchend (Porträt); Aargauer",,,Nein,,lcmt-nabi-pctmp_ead_zing_9793_pctmp.jpg,Aargau,1890-1936,,Schweizerische Nationalbibliothek,Rudolf Zinggeler,https://commons.wikimedia.org/entity/M159671630,"Porträt, Männliche Person, Aargau","Schweiz. Alter Bauer mit Kranzbart, sein Pfeifchen rauchend (Porträt); Aargauer",1890-1936,Rudolf Zinggeler,,Switzerland,Kanton Aargau,,,,0,False,0,,
"Fribourg, Hôtel de ville,Teilaussenansicht","Fribourg FR. Das Rathaus. (Aussenansicht Hauptfassade mit der gedeckten Freitreppe), Brunnen und Wachtgebäude und Vorlplatz",46.6789116,7.1027113,Nein,Fribourg,lcmt-nabi-pctmp_ead_zing_9897_pctmp.jpg,Fribourg,1922,,Schweizerische Nationalbibliothek,Rudolf Zinggeler,https://commons.wikimedia.org/entity/M161618573,"Fribourg, Hôtel de ville, Teilaussenansicht","Fribourg FR. Das Rathaus. (Aussenansicht Hauptfassade mit der gedeckten Freitreppe), Brunnen und Wachtgebäude und Vorlplatz",1922,Rudolf Zinggeler,,Switzerland,Canton de Fribourg,Fribourg,46.8053644,7.1609892,4,False,1,14.75,https://www.openstreetmap.org/?mlat=46.8053644&mlon=7.1609892&zoom=14
"Tessin, Landschaft [Lokalisierung unsicher]",Leventina? Landschaft. Tobelpartie in einer Schlucht mit senkrechten Felswänden und umherliegenden Felsblöcken,,,Nein,,lcmt-nabi-pctmp_ead_zing_9901_pctmp.jpg,Tessin,1890-1936,,Schweizerische Nationalbibliothek,Rudolf Zinggeler,https://commons.wikimedia.org/entity/M159671924,"Tessin, Landschaft [Lokalisierung unsicher]",Leventina? Landschaft. Tobelpartie in einer Schlucht mit senkrechten Felswänden und umherliegenden Felsblöcken,1890-1936,Rudolf Zinggeler,,Switzerland,Cantone Ticino,,,,0,False,0,,
Wallis [Kartenmaterial],VS. Landkarten-Ausschnitt Wallis: Val d'Hérens und Val d'Anniviers; Fotografie einer Landkarte,,,Nein,,lcmt-nabi-pctmp_ead_zing_9934_pctmp.jpg,Wallis,1890-1936,,Schweizerische Nationalbibliothek,Rudolf Zinggeler,https://commons.wikimedia.org/entity/M159672742,Wallis [Kartenmaterial],VS. Landkarten-Ausschnitt Wallis: Val d'Hérens und Val d'Anniviers; Fotografie einer Landkarte,1890-1936,Rudolf Zinggeler,,Switzerland,Canton du Valais,,,,0,False,0,,
"Zürich, Sukkulenten-Sammlung, Teilinnenansicht","Zürich ZH. Botanisches. Städtische Kakteensammlung, Mythenquai. Teilansicht des vorhandenen Pflanzenbestandes im Glashaus. Aufnahme um 1936?",47.3744489,8.5410422,Nein,Zürich,lcmt-nabi-pctmp_ead_zing_9935_pctmp.jpg,Zürich,circa 1936,,Schweizerische Nationalbibliothek,Rudolf Zinggeler,https://commons.wikimedia.org/entity/M161617813,"Zürich, Sukkulenten-Sammlung","Zürich ZH. Botanisches. Städtische Kakteensammlung, Mythenquai. Teilansicht des vorhandenen Pflanzenbestandes im Glashaus. Aufnahme um 1936?",1936,Rudolf Zinggeler,,Switzerland,Kanton Zürich,Zürich,47.36667,8.55,3,True,0,1.1,https://www.openstreetmap.org/?mlat=47.36667&mlon=8.55&zoom=14
"Richterswil, Samstagern, Rees, Haus zum Alten Sternen, Gesamtaussenansicht","Landschaft und alte Bauweise. Ebenes Gelände mit Wiesenfläche, Fahrweg, bäuerlichem Garten und zwei Riegelhäusern, deren vorderes am ersten Stock Reihenfenster und Falläden aufweist",47.2091079,8.7017051,Nein,Richterswil,lcmt-nabi-pctmp_ead_zing_9941_pctmp.jpg,Zürich,1890-1936,,Schweizerische Nationalbibliothek,Rudolf Zinggeler,https://commons.wikimedia.org/entity/M159904699,"Richterswil, Samstagern, Rees, Haus zum Alten Sternen","Landschaft und alte Bauweise. Ebenes Gelände mit Wiesenfläche, Fahrweg, bäuerlichem Garten und zwei Riegelhäusern, deren vorderes am ersten Stock Reihenfenster und Falläden aufweist",1890-1936,Rudolf Zinggeler,,Switzerland,Kanton Zürich,Richterswil,47.20622,8.69686,3,True,0,0.49,https://www.openstreetmap.org/?mlat=47.20622&mlon=8.69686&zoom=14
"Ermatingen, Schloss Wolfsberg, Kapelle, Teilansicht",Teilansicht von aussen mit vegetativer Umgebung.,47.6693246,9.0798991,Nein,Ermatingen,lcmt-nabi-pctmp_ead_zing_9944_pctmp.jpg,Thurgau,circa 1923,,Schweizerische Nationalbibliothek,Rudolf Zinggeler,https://commons.wikimedia.org/entity/M161617705,"Ermatingen, Schloss Wolfsberg, Kapelle",Teilansicht von aussen mit vegetativer Umgebung.,1923,Rudolf Zinggeler,,Switzerland,Kanton Thurgau,Ermatingen,47.65853,9.07867,5,False,0,1.2,https://www.openstreetmap.org/?mlat=47.65853&mlon=9.07867&zoom=14
"Pontresina, Landschaft",Pontresina GR. Hochgebirgslandschaft mit Gletscherfeld im Berninagebiet,46.489993,9.9042965,Nein,Pontresina,lcmt-nabi-pctmp_ead_zing_9978_pctmp.jpg,Graubünden,circa 1890,,Schweizerische Nationalbibliothek,Rudolf Zinggeler,https://commons.wikimedia.org/entity/M159982457,"Pontresina, Landschaft",Pontresina GR. Hochgebirgslandschaft mit Gletscherfeld im Berninagebiet,1890,Rudolf Zinggeler,,Switzerland,Kanton Graubünden,Pontresina,46.4955,9.90126,3,True,0,0.65,https://www.openstreetmap.org/?mlat=46.4955&mlon=9.90126&zoom=14
"Schynige Platte, Panorama","Panorama von der Schynigen Platte aus auf das Geisshorn, das Gummihorn, das Schreckhorn, das Finsteraarhorn, den Eiger, den Mönch, die Jungfrau, das Breithorn, das Tschingelhorn, das Gemmenalphorn.",46.6855231,7.8585139,Nein,Interlaken,lcmt-nabi-pctmp_ead_wehr_3626-B_Panorama_Schynige_Platte_mit_Gumihorn%2C_1906_%28Original%29_pctmp.jpg,,circa 1906,,Schweizerische Nationalbibliothek,unknown photographer,https://commons.wikimedia.org/entity/M149236138,"Schynige Platte, Panorama","Panorama von der Schynigen Platte aus auf das Geisshorn, das Gummihorn, das Schreckhorn, das Finsteraarhorn, den Eiger, den Mönch, die Jungfrau, das Breithorn, das Tschingelhorn, das Gemmenalphorn.",1906,,,Switzerland,Canton de Berne,Interlaken,46.65362,7.90841,5,False,0,5.2,https://www.openstreetmap.org/?mlat=46.65362&mlon=7.90841&zoom=14
"St. Moritz-Bad, Hotel Kurhaus, Teilaussenansicht","St. Moritz, Sicht auf das Grand Hotel Kurhaus mit Park",46.4978958,9.8392428,Nein,St. Moritz,PHGL-14956-A_pctmp.jpg,,1908,,Schweizerische Nationalbibliothek,Artur Wehrli (1876-1915),https://commons.wikimedia.org/entity/M32171972,"St. Moritz-Bad, Hotel Kurhaus","St. Moritz, Sicht auf das Grand Hotel Kurhaus mit Park",1908,Artur Wehrli (1876-1915),,Switzerland,Kanton Graubünden,St. Moritz,46.49937,9.84327,3,True,0,0.35,https://www.openstreetmap.org/?mlat=46.49937&mlon=9.84327&zoom=14
"Wehntal, Mann in Zürcher Tracht, Teilansicht",Wehntaler Mann in Tracht,47.4825728,8.4363404,Nein,Wehntal,lcmt-nabi-pctmp_ead_wehr_1-B_pctmp.jpg,,circa 1905,,Schweizerische Nationalbibliothek,unknown photographer,https://commons.wikimedia.org/entity/M144117871,"Wehntal, Mann in Zürcher Tracht, Teilansicht",Wehntaler Mann in Tracht,1905,,,Switzerland,Kanton Zürich,Wehntal,47.500568,8.3997669,2,True,1,3.4,https://www.openstreetmap.org/?mlat=47.500568&mlon=8.3997669&zoom=14
"Knonaueramt, Frau in Zürcher Tracht, Teilansicht",Junge Frau in Brauttracht aus Knonaueramt,47.2715496,8.4383531,Nein,Knonaueramt,lcmt-nabi-pctmp_ead_wehr_10-B_pctmp.jpg,Zürich,circa 1905,,Schweizerische Nationalbibliothek,unknown photographer,https://commons.wikimedia.org/entity/M143826311,"Knonaueramt, Frau in Zürcher Tracht, Teilansicht",Junge Frau in Brauttracht aus Knonaueramt,1905,,,Switzerland,Kanton Zürich,Knonaueramt,47.2697,8.47406,3,True,0,2.7,https://www.openstreetmap.org/?mlat=47.2697&mlon=8.47406&zoom=14
"Thurgau, Frau in Thurgauer Tracht, Teilansicht",Eine Thurgauerin in Tracht sitzt an einem Tisch und liest in einem Buch,47.5859649,9.1428769,Nein,Kanton Thurgau,lcmt-nabi-pctmp_ead_wehr_100-B_pctmp.jpg,Thurgau,circa 1905,,Schweizerische Nationalbibliothek,unknown photographer,https://commons.wikimedia.org/entity/M143819289,"Thurgau, Frau in Thurgauer Tracht, Teilansicht",Eine Thurgauerin in Tracht sitzt an einem Tisch und liest in einem Buch,1905,,,Switzerland,Kanton Thurgau,Thurgau,,,0,False,0,,
"Zürichsee, Dampfer 'Speer', Gesamtansicht",Seitenansicht des Dampfschiffs 'Speer' auf dem Zürichsee,47.2790956,8.597868,Nein,Zürichsee,lcmt-nabi-pctmp_ead_wehr_10017-B_pctmp.jpg,Zürich,circa 1909,,Schweizerische Nationalbibliothek,unknown photographer,https://commons.wikimedia.org/entity/M144501593,"Zürichsee, Dampfer 'Speer', Gesamtansicht",Seitenansicht des Dampfschiffs 'Speer' auf dem Zürichsee,1909,,,Switzerland,Kanton Zürich,Zürichsee,47.2313,8.7034,5,False,0,9.58,https://www.openstreetmap.org/?mlat=47.2313&mlon=8.7034&zoom=14
"Cabane du Mountet, Panorama",Blick von der Cabane du Mountet auf das Ober Gabelhorn (Obergabelhorn),46.0600459,7.6535412,Nein,Cabane du Mountet,lcmt-nabi-pctmp_ead_wehr_1026-B_pctmp.jpg,Wallis,circa 1905,,Schweizerische Nationalbibliothek,Hans Brun,https://commons.wikimedia.org/entity/M143819355,"Cabane du Mountet, Panorama",Blick von der Cabane du Mountet auf das Ober Gabelhorn (Obergabelhorn),1905,Hans Brun,,Switzerland,Canton du Valais,Cabane du Mountet,46.0600459,7.6535412,4,False,1,0.0,https://www.openstreetmap.org/?mlat=46.0600459&mlon=7.6535412&zoom=14
"Cabane du Mountet, Landschaft",Blick auf die Cabane du Mountet (früher: Cabane Constantia CAS) und das Ober Gabelhorn (Obergabelhorn),46.0600459,7.6535412,Nein,Cabane du Mountet,lcmt-nabi-pctmp_ead_wehr_1032-B_pctmp.jpg,Wallis,circa 1905,,Schweizerische Nationalbibliothek,Hans Brun,https://commons.wikimedia.org/entity/M143819468,"Cabane du Mountet, Landschaft",Blick auf die Cabane du Mountet (früher: Cabane Constantia CAS) und das Ober Gabelhorn (Obergabelhorn),1905,Hans Brun,,Switzerland,Canton du Valais,Cabane du Mountet,46.0600459,7.6535412,4,False,1,0.0,https://www.openstreetmap.org/?mlat=46.0600459&mlon=7.6535412&zoom=14
"Calancatal, Frau in Bündner Tracht, Gesamtansicht",Stehende Frau mit Bündner Tracht aus dem Calancatal,46.3300298,9.1214626,Nein,Calancatal,lcmt-nabi-pctmp_ead_wehr_104T-B_pctmp.jpg,,circa 1905,,Schweizerische Nationalbibliothek,Hans Brun,https://commons.wikimedia.org/entity/M147401591,"Calancatal, Frau in Bündner Tracht, Gesamtansicht",Stehende Frau mit Bündner Tracht aus dem Calancatal,1905,Hans Brun,,Switzerland,Kanton Graubünden,Calancatal,46.3300298,9.1214626,4,False,1,0.0,https://www.openstreetmap.org/?mlat=46.3300298&mlon=9.1214626&zoom=14
"Calancatal, Frau in Bündner Tracht, Gesamtansicht",Rückenansicht einer stehenden Frau mit Bündner Tracht aus dem Calancatal,46.3300298,9.1214626,Nein,Calancatal,lcmt-nabi-pctmp_ead_wehr_105T-B_pctmp.jpg,,circa 1905,,Schweizerische Nationalbibliothek,Hans Brun,https://commons.wikimedia.org/entity/M147401714,"Calancatal, Frau in Bündner Tracht, Gesamtansicht",Rückenansicht einer stehenden Frau mit Bündner Tracht aus dem Calancatal,1905,Hans Brun,,Switzerland,Kanton Graubünden,Calancatal,46.3300298,9.1214626,4,False,1,0.0,https://www.openstreetmap.org/?mlat=46.3300298&mlon=9.1214626&zoom=14
"Calancatal, Frau in Bündner Tracht, Teilansicht",Sitzende Frau mit Bündner Tracht aus dem Calancatal,46.3300298,9.1214626,Nein,Calancatal,lcmt-nabi-pctmp_ead_wehr_106T-B_pctmp.jpg,,circa 1905,,Schweizerische Nationalbibliothek,Hans Brun,https://commons.wikimedia.org/entity/M147401842,"Calancatal, Frau in Bündner Tracht, Teilansicht",Sitzende Frau mit Bündner Tracht aus dem Calancatal,1905,Hans Brun,,Switzerland,Kanton Graubünden,Calancatal,46.3300298,9.1214626,4,False,1,0.0,https://www.openstreetmap.org/?mlat=46.3300298&mlon=9.1214626&zoom=14
"Uetliberg, Leiterli, Landschaft","Felsenpartie beim 'Leiterli' auf dem Uetliberg, mehrere Personen auf der Holzleiter stehend",47.3518692,8.4874187,Nein,Uetliberg,lcmt-nabi-pctmp_ead_wehr_10700-B_pctmp.jpg,Zürich,circa 1910,,Schweizerische Nationalbibliothek,unknown photographer,https://commons.wikimedia.org/entity/M144554872,"Uetliberg, Leiterli, Landschaft","Felsenpartie beim 'Leiterli' auf dem Uetliberg, mehrere Personen auf der Holzleiter stehend",1910,,,Switzerland,Kanton Zürich,Uetliberg,47.34946,8.49197,5,False,0,0.44,https://www.openstreetmap.org/?mlat=47.34946&mlon=8.49197&zoom=14
"Deutschland, Konstanz, Ortsteilansicht",Blick über Konstanz vom Münster aus,47.659216,9.1750718,Nein,Konstanz,lcmt-nabi-pctmp_ead_wehr_10794-B_pctmp.jpg,,1909,,Schweizerische Nationalbibliothek,unknown photographer,https://commons.wikimedia.org/entity/M144586413,"Deutschland, Konstanz, Ortsteilansicht",Blick über Konstanz vom Münster aus,1909,,,Germany,Baden-Württemberg,Konstanz,47.66033,9.17582,3,True,0,0.14,https://www.openstreetmap.org/?mlat=47.66033&mlon=9.17582&zoom=14
"Deutschland, Konstanz, Inselhotel, Gesamtaussenansicht","Blick auf das Inselhotel, im Vordergrund der Bodensee",47.659216,9.1750718,Nein,Konstanz,lcmt-nabi-pctmp_ead_wehr_10795-B_pctmp.jpg,,1909,,Schweizerische Nationalbibliothek,unknown photographer,https://commons.wikimedia.org/entity/M144586486,"Deutschland, Konstanz, Inselhotel, Gesamtaussenansicht","Blick auf das Inselhotel, im Vordergrund der Bodensee",1909,,,Germany,Baden-Württemberg,Konstanz,47.6641767,9.1787112,4,False,1,0.62,https://www.openstreetmap.org/?mlat=47.6641767&mlon=9.1787112&zoom=14
"Deutschland, Konstanz, Hussenstrasse 64, Teilaussenansicht",Ansicht der Jan-Hus-Gedenktafel an der Aussenfassade der Hussenstrasse 64,47.659216,9.1750718,Nein,Konstanz,lcmt-nabi-pctmp_ead_wehr_10796-B_pctmp.jpg,,1909,,Schweizerische Nationalbibliothek,unknown photographer,https://commons.wikimedia.org/entity/M144586573,"Deutschland, Konstanz, Hussenstrasse 64, Teilaussenansicht",Ansicht der Jan-Hus-Gedenktafel an der Aussenfassade der Hussenstrasse 64,1909,,,Germany,Baden-Württemberg,Konstanz,47.6588972,9.1709442,4,False,1,0.31,https://www.openstreetmap.org/?mlat=47.6588972&mlon=9.1709442&zoom=14
"Deutschland, Konstanz, Rathaus, Teilaussenansicht",Blick auf den Innenhof des Rathauses von Konstanz,47.659216,9.1750718,Nein,Konstanz,lcmt-nabi-pctmp_ead_wehr_10797-B_pctmp.jpg,,1909,,Schweizerische Nationalbibliothek,unknown photographer,https://commons.wikimedia.org/entity/M144586664,"Deutschland, Konstanz, Rathaus, Teilaussenansicht",Blick auf den Innenhof des Rathauses von Konstanz,1909,,,Germany,Baden-Württemberg,Konstanz,47.6605285,9.1737652,4,False,1,0.18,https://www.openstreetmap.org/?mlat=47.6605285&mlon=9.1737652&zoom=14
"Deutschland, Lindau, Hotel Bayerischer Hof, Gesamtaussenansicht","Ansicht des Hotels Bayerischer Hof, im Vordergrund zwei Dampfschiffe",47.550753,9.6926624,Nein,Lindau,lcmt-nabi-pctmp_ead_wehr_10798-B_pctmp.jpg,,1909,,Schweizerische Nationalbibliothek,unknown photographer,https://commons.wikimedia.org/entity/M144586764,"Deutschland, Lindau, Hotel Bayerischer Hof, Gesamtansicht","Ansicht des Hotels Bayerischer Hof, im Vordergrund zwei Dampfschiffe",1909,,,Germany,Bavaria,Lindau,47.5442,9.6827,5,False,0,1.04,https://www.openstreetmap.org/?mlat=47.5442&mlon=9.6827&zoom=14
"Deutschland, Lindau, Hotel Bayerischer Hof, Gesamtaussenansicht","Ansicht des Hotels Bayerischer Hof, im Vordergrund zwei Dampfschiffe und der Bayerische Löwe",47.550753,9.6926624,Nein,Lindau,lcmt-nabi-pctmp_ead_wehr_10799-B_pctmp.jpg,,1909,,Schweizerische Nationalbibliothek,unknown photographer,https://commons.wikimedia.org/entity/M144586855,"Deutschland, Lindau, Hotel Bayerischer Hof, Gesamtansicht","Ansicht des Hotels Bayerischer Hof, im Vordergrund zwei Dampfschiffe und der Bayerische Löwe",1909,,,Germany,Bavaria,Lindau,47.5442,9.6827,5,False,0,1.04,https://www.openstreetmap.org/?mlat=47.5442&mlon=9.6827&zoom=14
"Valle Verzasca, Frau in Tessiner Tracht, Gesamtansicht",Junge Frau mit Tessiner Tracht aus dem Valle Verzasca,46.2638993,8.8242916,Nein,Valle Verzasca,lcmt-nabi-pctmp_ead_wehr_107T-B_pctmp.jpg,,circa 1905,,Schweizerische Nationalbibliothek,unknown photographer,https://commons.wikimedia.org/entity/M147401987,"Valle Verzasca, Frau in Tessiner Tracht, Gesamtansicht",Junge Frau mit Tessiner Tracht aus dem Valle Verzasca,1905,,,Switzerland,Cantone Ticino,Valle Verzasca,46.25,8.83333,5,False,0,1.69,https://www.openstreetmap.org/?mlat=46.25&mlon=8.83333&zoom=14
"Valle Verzasca, Frau in Tessiner Tracht, Gesamtansicht",Junge Frau mit Tessiner Tracht aus dem Valle Verzasca,46.2802833,8.8039646,Nein,Verzasca,lcmt-nabi-pctmp_ead_wehr_108-B_pctmp.jpg,Tessin,circa 1905,,Schweizerische Nationalbibliothek,unknown photographer,https://commons.wikimedia.org/entity/M143819835,"Valle Verzasca, Frau in Tessiner Tracht, Gesamtansicht",Junge Frau mit Tessiner Tracht aus dem Valle Verzasca,1905,,,Switzerland,Cantone Ticino,Verzasca,46.25,8.83333,5,False,0,4.05,https://www.openstreetmap.org/?mlat=46.25&mlon=8.83333&zoom=14
"Deutschland, Lindau, Ortsteilansicht",Blick auf Lindau vom Bahndamm aus,47.550753,9.6926624,Nein,Lindau,lcmt-nabi-pctmp_ead_wehr_10821-B_pctmp.jpg,,1909,,Schweizerische Nationalbibliothek,Anton Krenn,https://commons.wikimedia.org/entity/M144586960,"Deutschland, Lindau, Ortsteilansicht",Blick auf Lindau vom Bahndamm aus,1909,Anton Krenn,,Germany,Bavaria,Lindau,47.54612,9.68431,3,True,0,0.81,https://www.openstreetmap.org/?mlat=47.54612&mlon=9.68431&zoom=14
"Deutschland, Lindau, Ortsteilansicht","Blick auf Lindau, im Vordergrund ein Dampfschiff und der Mangturm",47.550753,9.6926624,Nein,Lindau,lcmt-nabi-pctmp_ead_wehr_10823-B_pctmp.jpg,,1909,,Schweizerische Nationalbibliothek,Anton Krenn,https://commons.wikimedia.org/entity/M144587044,"Deutschland, Lindau, Ortsteilansicht","Blick auf Lindau, im Vordergrund ein Dampfschiff und der Mangturm",1909,Anton Krenn,,Germany,Bavaria,Lindau,47.54612,9.68431,3,True,0,0.81,https://www.openstreetmap.org/?mlat=47.54612&mlon=9.68431&zoom=14
"Bodensee, Dampfer 'Säntis', Gesamtaussenansicht",Ansicht des Dampfers SD Säntis auf dem Bodensee,46.7985624,8.2319736,Nein,Schweiz,lcmt-nabi-pctmp_ead_wehr_10824-B_pctmp.jpg,,1909,,Schweizerische Nationalbibliothek,Anton Krenn,https://commons.wikimedia.org/entity/M144587118,"Bodensee, Dampfer 'Säntis', Gesamtaussenansicht",Ansicht des Dampfers SD Säntis auf dem Bodensee,1909,Anton Krenn,,Switzerland,Kanton Thurgau,Schweiz,47.6548008,9.1799555,4,False,1,119.12,https://www.openstreetmap.org/?mlat=47.6548008&mlon=9.1799555&zoom=14
"Bodensee, Dampfer 'Rupprecht', Gesamtaussenansicht",Ansicht des Dampfers 'Rupprecht' auf dem Bodensee,47.6477691,9.3471796,Nein,Bodensee,lcmt-nabi-pctmp_ead_wehr_10825-B_pctmp.jpg,,1909,,Schweizerische Nationalbibliothek,Anton Krenn,https://commons.wikimedia.org/entity/M144587182,"Bodensee, Dampfer 'Rupprecht', Gesamtaussenansicht",Ansicht des Dampfers 'Rupprecht' auf dem Bodensee,1909,Anton Krenn,,Switzerland,Kanton Thurgau,Bodensee,47.5800543,8.7001818,4,False,1,49.08,https://www.openstreetmap.org/?mlat=47.5800543&mlon=8.7001818&zoom=14
"Bodensee, Dampfer 'Bavaria', Gesamtaussenansicht",Ansicht des Dampfers 'Bavaria' auf dem Bodensee,47.6477691,9.3471796,Nein,Bodensee,lcmt-nabi-pctmp_ead_wehr_10826-B_pctmp.jpg,,1909,,Schweizerische Nationalbibliothek,Anton Krenn,https://commons.wikimedia.org/entity/M144587268,"Bodensee, Dampfer 'Bavaria', Gesamtaussenansicht",Ansicht des Dampfers 'Bavaria' auf dem Bodensee,1909,Anton Krenn,,Switzerland,Kanton Thurgau,Bodensee,47.5800543,8.7001818,4,False,1,49.08,https://www.openstreetmap.org/?mlat=47.5800543&mlon=8.7001818&zoom=14
"Bodensee, Dampfer 'Württemberg', Gesamtaussenansicht",Ansicht des Dampfers 'Württemberg' auf dem Bodensee,47.6477691,9.3471796,Nein,Bodensee,lcmt-nabi-pctmp_ead_wehr_10827-B_pctmp.jpg,Thurgau,1909,,Schweizerische Nationalbibliothek,Anton Krenn,https://commons.wikimedia.org/entity/M144587339,"Bodensee, Dampfer 'Württemberg', Gesamtaussenansicht",Ansicht des Dampfers 'Württemberg' auf dem Bodensee,1909,Anton Krenn,,Switzerland,Kanton Thurgau,Bodensee,47.5800543,8.7001818,4,False,1,49.08,https://www.openstreetmap.org/?mlat=47.5800543&mlon=8.7001818&zoom=14
"Bifertenstock, Landschaft",Blick auf Bifertengletscher und Bifertenstock,46.8042745,8.9575244,Nein,Bifertenstock,lcmt-nabi-pctmp_ead_wehr_1086-B_pctmp.jpg,Graubünden,circa 1905,,Schweizerische Nationalbibliothek,Hans Brun,https://commons.wikimedia.org/entity/M143819517,"Bifertenstock, Landschaft",Blick auf Bifertengletscher und Bifertenstock,1905,Hans Brun,,Switzerland,Kanton Graubünden,Bifertenstock,46.8049,8.9534,5,False,0,0.32,https://www.openstreetmap.org/?mlat=46.8049&mlon=8.9534&zoom=14
"Tödi, Panorama",Der Tödi vom Ochsenstock gesehen,46.8111534,8.9148592,Nein,Tödi,lcmt-nabi-pctmp_ead_wehr_1090-B_pctmp.jpg,Glarus,circa 1905,,Schweizerische Nationalbibliothek,Hans Brun,https://commons.wikimedia.org/entity/M143822478,"Tödi, Panorama",Der Tödi vom Ochsenstock gesehen,1905,Hans Brun,,Switzerland,Kanton Glarus,Tödi,46.81227,8.91508,5,False,0,0.13,https://www.openstreetmap.org/?mlat=46.81227&mlon=8.91508&zoom=14
"Wallis, Frau in Walliser Tracht, Teilansicht",Profil einer Walliserin in Tracht,46.2303063,7.6605757,Nein,Kanton Wallis,lcmt-nabi-pctmp_ead_wehr_110-B_pctmp.jpg,Wallis,circa 1905,,Schweizerische Nationalbibliothek,unknown photographer,https://commons.wikimedia.org/entity/M143823522,"Wallis, Frau in Walliser Tracht, Teilansicht",Profil einer Walliserin in Tracht,1905,,,Switzerland,Canton du Valais,Wallis,,,0,False,0,,
"Tödi, Gelbe Wand, Landschaft",Bergsteiger bei der Rast neben einem Steinmännchen an der Gelben Wand,46.8111534,8.9148592,Nein,Tödi,lcmt-nabi-pctmp_ead_wehr_1100-B_pctmp.jpg,Glarus,circa 1905,,Schweizerische Nationalbibliothek,Hans Brun,https://commons.wikimedia.org/entity/M143826489,"Tödi, Gelbe Wand, Landschaft",Bergsteiger bei der Rast neben einem Steinmännchen an der Gelben Wand,1905,Hans Brun,,Switzerland,Kanton Glarus,Tödi,46.8111534,8.9148592,2,True,1,0.0,https://www.openstreetmap.org/?mlat=46.8111534&mlon=8.9148592&zoom=14
"Italia, Bormio, Ortsteilansicht",Ansicht eines Teils von Bormio,46.4692482,10.3721712,Nein,Bormio,lcmt-nabi-pctmp_ead_wehr_11001-B_pctmp.jpg,,1909-08,,Schweizerische Nationalbibliothek,Arthur Wehrli (1876-1915),https://commons.wikimedia.org/entity/M144588609,"Italia, Bormio, Ortsteilansicht",Ansicht eines Teils von Bormio,1909,Arthur Wehrli (1876-1915),,Italy,Lombardia,Bormio,46.46717,10.37008,3,True,0,0.28,https://www.openstreetmap.org/?mlat=46.46717&mlon=10.37008&zoom=14
"Italia, Bormio, Ortsteilansicht",Blick über einen Teil von Bormio,46.4692482,10.3721712,Nein,Bormio,lcmt-nabi-pctmp_ead_wehr_11002-B_pctmp.jpg,,1909-08,,Schweizerische Nationalbibliothek,Arthur Wehrli (1876-1915),https://commons.wikimedia.org/entity/M144588681,"Italia, Bormio, Ortsteilansicht",Blick über einen Teil von Bormio,1909,Arthur Wehrli (1876-1915),,Italy,Lombardia,Bormio,46.46717,10.37008,3,True,0,0.28,https://www.openstreetmap.org/?mlat=46.46717&mlon=10.37008&zoom=14
"Italia, Bormio, Ortsteilansicht",Blick über einen Teil von Bormio,46.4692482,10.3721712,Nein,Bormio,lcmt-nabi-pctmp_ead_wehr_11003-B_pctmp.jpg,,1909-08,,Schweizerische Nationalbibliothek,Arthur Wehrli (1876-1915),https://commons.wikimedia.org/entity/M144588910,"Italia, Bormio, Ortsteilansicht",Blick über einen Teil von Bormio,1909,Arthur Wehrli (1876-1915),,Italy,Lombardia,Bormio,46.46717,10.37008,3,True,0,0.28,https://www.openstreetmap.org/?mlat=46.46717&mlon=10.37008&zoom=14
"Italia, Bormio, Ortsteilansicht","Blick über einen Teil von Bormio, im Hintergrund Berglandschaft",46.4692482,10.3721712,Nein,Bormio,lcmt-nabi-pctmp_ead_wehr_11004-B_pctmp.jpg,,1909-08,,Schweizerische Nationalbibliothek,Arthur Wehrli (1876-1915),https://commons.wikimedia.org/entity/M144589096,"Italia, Bormio, Ortsteilansicht","Blick über einen Teil von Bormio, im Hintergrund Berglandschaft",1909,Arthur Wehrli (1876-1915),,Italy,Lombardia,Bormio,46.46717,10.37008,3,True,0,0.28,https://www.openstreetmap.org/?mlat=46.46717&mlon=10.37008&zoom=14
"Dreisprachenspitze, Panorama (1/3)","Dreisprachenspitze, Panorama. Blick gegen Ortler",46.5308517,10.4530555,Nein,Dreisprachenspitze,lcmt-nabi-pctmp_ead_wehr_11005-B_pctmp.jpg,Graubünden,1909,,Schweizerische Nationalbibliothek,Arthur Wehrli (1876-1915),https://commons.wikimedia.org/entity/M144589185,"Dreisprachenspitze, Panorama (1/3)","Dreisprachenspitze, Panorama. Blick gegen Ortler",1909,Arthur Wehrli (1876-1915),,Italy,Graubünden,Dreisprachenspitze,46.53333,10.48333,5,False,0,2.33,https://www.openstreetmap.org/?mlat=46.53333&mlon=10.48333&zoom=14
"Tödi, Gelbe Wand, Panorama",Blick von der Gelben Wand auf die Selbsanftkette,46.8111534,8.9148592,Nein,Tödi,lcmt-nabi-pctmp_ead_wehr_1101-B_pctmp.jpg,Glarus,circa 1905,,Schweizerische Nationalbibliothek,Hans Brun,https://commons.wikimedia.org/entity/M143822827,"Tödi, Gelbe Wand, Panorama",Blick von der Gelben Wand auf die Selbsanftkette,1905,Hans Brun,,Switzerland,Kanton Glarus,Tödi,46.8111534,8.9148592,2,True,1,0.0,https://www.openstreetmap.org/?mlat=46.8111534&mlon=8.9148592&zoom=14
"Italia, Stelvio, Passo dello Stelvio, Landschaft",Blick auf die sich windende Passstrasse zum Stilfserjoch von der Payerhütte gesehen,46.5286176,10.4532056,Nein,Passo dello Stelvio,lcmt-nabi-pctmp_ead_wehr_11012-B_pctmp.jpg,,1909,,Schweizerische Nationalbibliothek,Arthur Wehrli (1876-1915),https://commons.wikimedia.org/entity/M144589744,"Italia, Stelvio, Passo dello Stelvio, Landschaft",Blick auf die sich windende Passstrasse zum Stilfserjoch von der Payerhütte gesehen,1909,Arthur Wehrli (1876-1915),,Italy,Trentino-Alto Adige,Passo dello Stelvio,46.5333,10.45,5,False,0,0.58,https://www.openstreetmap.org/?mlat=46.5333&mlon=10.45&zoom=14
"Italia, Stelvio, Passo dello Stelvio, Panorama",Ansicht der Passstrasse mit Blick auf den Ortler,46.5286176,10.4532056,Nein,Passo dello Stelvio,lcmt-nabi-pctmp_ead_wehr_11013-B_pctmp.jpg,,1909,,Schweizerische Nationalbibliothek,Arthur Wehrli (1876-1915),https://commons.wikimedia.org/entity/M144589800,"Italia, Stelvio, Passo dello Stelvio, Panorama",Ansicht der Passstrasse mit Blick auf den Ortler,1909,Arthur Wehrli (1876-1915),,Italy,Trentino-Alto Adige,Passo dello Stelvio,46.5333,10.45,5,False,0,0.58,https://www.openstreetmap.org/?mlat=46.5333&mlon=10.45&zoom=14
"Italia, Stelvio, Passo dello Stelvio, Hotel Ferdinandshöhe, Teilaussenansicht",Hotel Ferdinandshöhe am Passo dello Stelvio,46.5286176,10.4532056,Nein,Passo dello Stelvio,lcmt-nabi-pctmp_ead_wehr_11014-B_pctmp.jpg,,1909,,Schweizerische Nationalbibliothek,Arthur Wehrli (1876-1915),https://commons.wikimedia.org/entity/M144589886,"Italia, Stelvio, Passo dello Stelvio, Hotel Ferdinandshöhe",Hotel Ferdinandshöhe am Passo dello Stelvio,1909,Arthur Wehrli (1876-1915),,Italy,Trentino-Alto Adige,Passo dello Stelvio,46.5286176,10.4532056,2,True,1,0.0,https://www.openstreetmap.org/?mlat=46.5286176&mlon=10.4532056&zoom=14
"Italia, Stelvio, Passo dello Stelvio, Landschaft",Ansicht des Passo dello Stelvio in Richtung Ferdinandshöhe,46.5286176,10.4532056,Nein,Passo dello Stelvio,lcmt-nabi-pctmp_ead_wehr_11015-B_pctmp.jpg,,1909,,Schweizerische Nationalbibliothek,Arthur Wehrli (1876-1915),https://commons.wikimedia.org/entity/M144589962,"Italia, Stelvio, Passo dello Stelvio, Landschaft",Ansicht des Passo dello Stelvio in Richtung Ferdinandshöhe,1909,Arthur Wehrli (1876-1915),,Italy,Trentino-Alto Adige,Passo dello Stelvio,46.5333,10.45,5,False,0,0.58,https://www.openstreetmap.org/?mlat=46.5333&mlon=10.45&zoom=14
"Italia, Stelvio, Passo dello Stelvio, Landschaft","Postwagen am Stilfserjoch, Vierspänner, mehrere Passagiere, Blick gegen den Ortler",46.5286176,10.4532056,Nein,Passo dello Stelvio,lcmt-nabi-pctmp_ead_wehr_11016-B_pctmp.jpg,,1909,,Schweizerische Nationalbibliothek,Arthur Wehrli (1876-1915),https://commons.wikimedia.org/entity/M144590026,"Italia, Stelvio, Passo dello Stelvio, Landschaft","Postwagen am Stilfserjoch, Vierspänner, mehrere Passagiere, Blick gegen den Ortler",1909,Arthur Wehrli (1876-1915),,Italy,Trentino-Alto Adige,Passo dello Stelvio,46.5333,10.45,5,False,0,0.58,https://www.openstreetmap.org/?mlat=46.5333&mlon=10.45&zoom=14
"Italia, Stelvio, Passo dello Stelvio, Landschaft",Blick vom Passo dello Stelvio auf die Franzenshöhe und den Ortler,46.5286176,10.4532056,Nein,Passo dello Stelvio,lcmt-nabi-pctmp_ead_wehr_11017-B_pctmp.jpg,,1909,,Schweizerische Nationalbibliothek,Arthur Wehrli (1876-1915),https://commons.wikimedia.org/entity/M144590082,"Passo dello Stelvio, Landschaft",Blick vom Passo dello Stelvio auf die Franzenshöhe und den Ortler,1909,Arthur Wehrli (1876-1915),,Italy,Trentino-Alto Adige,Passo dello Stelvio,46.5333,10.45,5,False,0,0.58,https://www.openstreetmap.org/?mlat=46.5333&mlon=10.45&zoom=14
"Italia, Stelvio, Passo dello Stelvio, Landschaft",Blick vom Passo dello Stelvio auf die Franzenshöhe und den Ortler,46.5286176,10.4532056,Nein,Passo dello Stelvio,lcmt-nabi-pctmp_ead_wehr_11018-B_pctmp.jpg,,1909,,Schweizerische Nationalbibliothek,Arthur Wehrli (1876-1915),https://commons.wikimedia.org/entity/M144590153,"Passo dello Stelvio, Landschaft",Blick vom Passo dello Stelvio auf die Franzenshöhe und den Ortler,1909,Arthur Wehrli (1876-1915),,Italy,Trentino-Alto Adige,Passo dello Stelvio,46.5333,10.45,5,False,0,0.58,https://www.openstreetmap.org/?mlat=46.5333&mlon=10.45&zoom=14
"Italia, Stelvio, Passo dello Stelvio, Weisser Knott, Landschaft",Obelisk im Gedenken an Josef Pichler beim 'Weissen Knott' am Passo dello Stelvio,46.5286176,10.4532056,Nein,Passo dello Stelvio,lcmt-nabi-pctmp_ead_wehr_11019-B_pctmp.jpg,,1909,,Schweizerische Nationalbibliothek,Arthur Wehrli (1876-1915),https://commons.wikimedia.org/entity/M144590229,"Passo dello Stelvio, Weisser Knott, Landschaft",Obelisk im Gedenken an Josef Pichler beim 'Weissen Knott' am Passo dello Stelvio,1909,Arthur Wehrli (1876-1915),,Italy,Trentino-Alto Adige,Passo dello Stelvio,46.5333,10.45,5,False,0,0.58,https://www.openstreetmap.org/?mlat=46.5333&mlon=10.45&zoom=14
"Tödi, Gelbe Wand, Panorama",Blick von der Gelben Wand auf den Bifertenstock,46.8111534,8.9148592,Nein,Tödi,lcmt-nabi-pctmp_ead_wehr_1102-B_pctmp.jpg,Glarus,circa 1905,,Schweizerische Nationalbibliothek,Hans Brun,https://commons.wikimedia.org/entity/M143822898,"Tödi, Gelbe Wand, Panorama",Blick von der Gelben Wand auf den Bifertenstock,1905,Hans Brun,,Switzerland,Kanton Glarus,Tödi,46.81227,8.91508,5,False,0,0.13,https://www.openstreetmap.org/?mlat=46.81227&mlon=8.91508&zoom=14
"Italia, Stelvio, Passo dello Stelvio, Landschaft",Sicht von der Passstrasse gegen Thurwieserspitze und Trafoier Eiswand,46.5286176,10.4532056,Nein,Passo dello Stelvio,lcmt-nabi-pctmp_ead_wehr_11021-B_pctmp.jpg,,1909,,Schweizerische Nationalbibliothek,Arthur Wehrli (1876-1915),https://commons.wikimedia.org/entity/M144590378,"Passo dello Stelvio, Landschaft",Sicht von der Passstrasse gegen Thurwieserspitze und Trafoier Eiswand,1909,Arthur Wehrli (1876-1915),,Italy,Trentino-Alto Adige,Passo dello Stelvio,46.5333,10.45,5,False,0,0.58,https://www.openstreetmap.org/?mlat=46.5333&mlon=10.45&zoom=14
"Italia, Stelvio, Passo dello Stelvio, Landschaft",Blick von der Passstrasse auf den Ortler,46.5286176,10.4532056,Nein,Passo dello Stelvio,lcmt-nabi-pctmp_ead_wehr_11022-B_pctmp.jpg,,1909,,Schweizerische Nationalbibliothek,Arthur Wehrli (1876-1915),https://commons.wikimedia.org/entity/M144590451,"Passo dello Stelvio, Landschaft",Blick von der Passstrasse auf den Ortler,1909,Arthur Wehrli (1876-1915),,Italy,Trentino-Alto Adige,Passo dello Stelvio,46.5333,10.45,5,False,0,0.58,https://www.openstreetmap.org/?mlat=46.5333&mlon=10.45&zoom=14
"Italia, Stelvio, Passo dello Stelvio, Landschaft",Blick von der Passstrasse gegen Ortler und Trafoier Ferner,46.5286176,10.4532056,Nein,Passo dello Stelvio,lcmt-nabi-pctmp_ead_wehr_11023-B_pctmp.jpg,,1909,,Schweizerische Nationalbibliothek,Arthur Wehrli (1876-1915),https://commons.wikimedia.org/entity/M144590524,"Passo dello Stelvio, Landschaft",Blick von der Passstrasse gegen Ortler und Trafoier Ferner,1909,Arthur Wehrli (1876-1915),,Italy,Trentino-Alto Adige,Passo dello Stelvio,46.5333,10.45,5,False,0,0.58,https://www.openstreetmap.org/?mlat=46.5333&mlon=10.45&zoom=14
"Italia, Stelvio, Passo dello Stelvio, Landschaft",Blick von der Passstrasse gegen den Madatschferner,46.5286176,10.4532056,Nein,Passo dello Stelvio,lcmt-nabi-pctmp_ead_wehr_11024-B_pctmp.jpg,,1909,,Schweizerische Nationalbibliothek,Arthur Wehrli (1876-1915),https://commons.wikimedia.org/entity/M144590587,"Passo dello Stelvio, Landschaft",Blick von der Passstrasse gegen den Madatschferner,1909,Arthur Wehrli (1876-1915),,Italy,Trentino-Alto Adige,Passo dello Stelvio,46.5333,10.45,5,False,0,0.58,https://www.openstreetmap.org/?mlat=46.5333&mlon=10.45&zoom=14
"Italia, Stelvio, Trafoi, Kirche Mariä Heimsuchung, Gesamtaussenansicht",Ansicht der Kirche Mariä Heimsuchung in Trafoi,46.5424387,10.5578294,Nein,Stilfs,lcmt-nabi-pctmp_ead_wehr_11025-B_pctmp.jpg,,1909-08,,Schweizerische Nationalbibliothek,Arthur Wehrli (1876-1915),https://commons.wikimedia.org/entity/M144590670,"Trafoi, Kirche Mariä Heimsuchung",Ansicht der Kirche Mariä Heimsuchung in Trafoi,1909:08,Arthur Wehrli (1876-1915),,Italy,Trentino-Alto Adige,Stilfs,46.59767,10.5458,3,True,0,6.21,https://www.openstreetmap.org/?mlat=46.59767&mlon=10.5458&zoom=14
"Italia, Stelvio, Trafoi, Kirche Mariä Heimsuchung, Gesamtaussenansicht",Ansicht der Kirche Mariä Heimsuchung und eines Teil des Dorfes Trafoi,46.5424387,10.5578294,Nein,Stilfs,lcmt-nabi-pctmp_ead_wehr_11026-B_pctmp.jpg,,1909-08,,Schweizerische Nationalbibliothek,Arthur Wehrli (1876-1915),https://commons.wikimedia.org/entity/M144590751,"Trafoi, Kirche Mariä Heimsuchung",Ansicht der Kirche Mariä Heimsuchung und eines Teil des Dorfes Trafoi,1909:08,Arthur Wehrli (1876-1915),,Italy,Trentino-Alto Adige,Stilfs,46.59767,10.5458,3,True,0,6.21,https://www.openstreetmap.org/?mlat=46.59767&mlon=10.5458&zoom=14
"Italia, Stelvio, Trafoi, Kirche Mariä Heimsuchung, Gesamtaussenansicht",Ansicht der Kirche Mariä Heimsuchung und eines Teils des Dorfes Trafoi,46.5424387,10.5578294,Nein,Stilfs,lcmt-nabi-pctmp_ead_wehr_11027-B_pctmp.jpg,,1909-08,,Schweizerische Nationalbibliothek,Arthur Wehrli (1876-1915),https://commons.wikimedia.org/entity/M144590806,"Trafoi, Kirche Mariä Heimsuchung",Ansicht der Kirche Mariä Heimsuchung und eines Teils des Dorfes Trafoi,1909:08,Arthur Wehrli (1876-1915),,Italy,Trentino-Alto Adige,Stilfs,46.59767,10.5458,3,True,0,6.21,https://www.openstreetmap.org/?mlat=46.59767&mlon=10.5458&zoom=14
"Italia, Stelvio, Trafoi, Ortsgesamtansicht",Ansicht von Trafoi,46.5424387,10.5578294,Nein,Stilfs,lcmt-nabi-pctmp_ead_wehr_11028-B_pctmp.jpg,,1909-08,,Schweizerische Nationalbibliothek,Arthur Wehrli (1876-1915),https://commons.wikimedia.org/entity/M144590866,"Trafoi, Ortsgesamtansicht",Ansicht von Trafoi,1909:08,Arthur Wehrli (1876-1915),,Italy,Trentino-Alto Adige,Stilfs,46.59767,10.5458,3,True,0,6.21,https://www.openstreetmap.org/?mlat=46.59767&mlon=10.5458&zoom=14
"Italia, Stelvio, Trafoi, Ortsgesamtansicht",Ansicht von Trafoi,46.5424387,10.5578294,Nein,Stilfs,lcmt-nabi-pctmp_ead_wehr_11029-B_pctmp.jpg,,1909-08,,Schweizerische Nationalbibliothek,Arthur Wehrli (1876-1915),https://commons.wikimedia.org/entity/M144590932,"Trafoi, Ortsgesamtansicht",Ansicht von Trafoi,1909:08,Arthur Wehrli (1876-1915),,Italy,Trentino-Alto Adige,Stilfs,46.59767,10.5458,3,True,0,6.21,https://www.openstreetmap.org/?mlat=46.59767&mlon=10.5458&zoom=14
"Tödi, Panorama",Blick vom Tödi auf den Bifertenstock und den Piz Frisal,46.8111534,8.9148592,Nein,Tödi,lcmt-nabi-pctmp_ead_wehr_1103-B_pctmp.jpg,Glarus,circa 1905,,Schweizerische Nationalbibliothek,Hans Brun,https://commons.wikimedia.org/entity/M143822988,"Tödi, Panorama",Blick vom Tödi auf den Bifertenstock und den Piz Frisal,1905,Hans Brun,,Switzerland,Kanton Glarus,Tödi,46.81227,8.91508,5,False,0,0.13,https://www.openstreetmap.org/?mlat=46.81227&mlon=8.91508&zoom=14
"Italia, Stelvio, Trafoi, Ortsteilansicht","Ansicht von Trafoi, im Hintergrund das Grand Hotel",46.5424387,10.5578294,Nein,Stilfs,lcmt-nabi-pctmp_ead_wehr_11032-B_pctmp.jpg,,1909-08,,Schweizerische Nationalbibliothek,Arthur Wehrli (1876-1915),https://commons.wikimedia.org/entity/M144591091,"Trafoi, Ortsteilansicht","Ansicht von Trafoi, im Hintergrund das Grand Hotel",1909:08,Arthur Wehrli (1876-1915),,Italy,Trentino-Alto Adige,Stilfs,46.59767,10.5458,3,True,0,6.21,https://www.openstreetmap.org/?mlat=46.59767&mlon=10.5458&zoom=14
"Italia, Stelvio, Trafoi, Landschaft",Tal bei Trafoi mit der Kapelle 'Unsere Liebe Frau zu den drei Brunnen',46.5424387,10.5578294,Nein,Stilfs,lcmt-nabi-pctmp_ead_wehr_11033-B_pctmp.jpg,,1909-08,,Schweizerische Nationalbibliothek,Arthur Wehrli (1876-1915),https://commons.wikimedia.org/entity/M144591290,"Trafoi, Kapelle Unsere Liebe Frau zu den drei Brunnen",Tal bei Trafoi mit der Kapelle 'Unsere Liebe Frau zu den drei Brunnen',1909:08,Arthur Wehrli (1876-1915),,Italy,Trentino-Alto Adige,Stilfs,46.59767,10.5458,3,True,0,6.21,https://www.openstreetmap.org/?mlat=46.59767&mlon=10.5458&zoom=14
"Italia, Stelvio, Trafoi, Wasserfall, Teilansicht",Blick auf einen Wasserfall bei den Heiligen drei Brunnen,46.5424387,10.5578294,Nein,Stilfs,lcmt-nabi-pctmp_ead_wehr_11034-B_pctmp.jpg,,1909-08,,Schweizerische Nationalbibliothek,Arthur Wehrli (1876-1915),https://commons.wikimedia.org/entity/M144591398,"Trafoi, Wasserfall bei den Heiligen drei Brunnen",Blick auf einen Wasserfall bei den Heiligen drei Brunnen,1909:08,Arthur Wehrli (1876-1915),,Italy,Trentino-Alto Adige,Stilfs,46.59767,10.5458,3,True,0,6.21,https://www.openstreetmap.org/?mlat=46.59767&mlon=10.5458&zoom=14
"Italia, Stelvio, Trafoi, Kapelle 'Unsere Liebe Frau zu den drei Brunnen', Teilinnenansicht",Innenansicht der Kapelle 'Unsere Liebe Frau zu den drei Brunnen' bei Trafoi,46.5424387,10.5578294,Nein,Stilfs,lcmt-nabi-pctmp_ead_wehr_11035-B_pctmp.jpg,,1909-08,,Schweizerische Nationalbibliothek,Arthur Wehrli (1876-1915),https://commons.wikimedia.org/entity/M144591468,Kapelle Unsere Liebe Frau zu den drei Brunnen,Innenansicht der Kapelle 'Unsere Liebe Frau zu den drei Brunnen' bei Trafoi,1909:08,Arthur Wehrli (1876-1915),,Italy,Trentino-Alto Adige,Stilfs,46.59767,10.5458,3,True,0,6.21,https://www.openstreetmap.org/?mlat=46.59767&mlon=10.5458&zoom=14
"Italia, Ulten, St. Gertraud, Landschaft",Waldweg bei St. Gertaud,46.4897587,10.8709079,Nein,St. Gertraud,lcmt-nabi-pctmp_ead_wehr_11036-B_pctmp.jpg,,1909-08,,Schweizerische Nationalbibliothek,Arthur Wehrli (1876-1915),https://commons.wikimedia.org/entity/M144591541,"St. Gertraud, Landschaft",Waldweg bei St. Gertaud,1909:08,Arthur Wehrli (1876-1915),,Italy,Trentino-Alto Adige,St. Gertraud,46.4897587,10.8709079,2,True,1,0.0,https://www.openstreetmap.org/?mlat=46.4897587&mlon=10.8709079&zoom=14
"Italia, Ulten, St. Gertraud, Landschaft",Waldweg bei St. Gertraud,46.4897587,10.8709079,Nein,St. Gertraud,lcmt-nabi-pctmp_ead_wehr_11037-B_pctmp.jpg,,1909-08,,Schweizerische Nationalbibliothek,Arthur Wehrli (1876-1915),https://commons.wikimedia.org/entity/M144591614,"St. Gertraud, Landschaft",Waldweg bei St. Gertraud,1909:08,Arthur Wehrli (1876-1915),,Italy,Trentino-Alto Adige,St. Gertraud,46.4897587,10.8709079,2,True,1,0.0,https://www.openstreetmap.org/?mlat=46.4897587&mlon=10.8709079&zoom=14
"Italia, Ulten, St. Gertraud, Landschaft",Waldweg bei St. Gertraud,46.4897587,10.8709079,Nein,St. Gertraud,lcmt-nabi-pctmp_ead_wehr_11038-B_pctmp.jpg,,1909-08,,Schweizerische Nationalbibliothek,Arthur Wehrli (1876-1915),https://commons.wikimedia.org/entity/M144591667,"St. Gertraud, Landschaft",Waldweg bei St. Gertraud,1909:08,Arthur Wehrli (1876-1915),,Italy,Trentino-Alto Adige,St. Gertraud,46.4897587,10.8709079,2,True,1,0.0,https://www.openstreetmap.org/?mlat=46.4897587&mlon=10.8709079&zoom=14
"Italia, Sulden, Sulden-Hôtel, Gesamtaussenansicht","Blick auf das 'Sulden-Hôtel', im Hintergrund Berglandschaft",46.5280433,10.5842617,Nein,Sulden,lcmt-nabi-pctmp_ead_wehr_11039-B_pctmp.jpg,,1909-08,,Schweizerische Nationalbibliothek,Arthur Wehrli (1876-1915),https://commons.wikimedia.org/entity/M144591760,"Italia, Sulden, Sulden-Hôtel, Gesamtaussenansicht","Blick auf das 'Sulden-Hôtel', im Hintergrund Berglandschaft",1909,Arthur Wehrli (1876-1915),,Italy,Trentino-Alto Adige,Sulden,46.5204555,10.5961565,4,False,1,1.24,https://www.openstreetmap.org/?mlat=46.5204555&mlon=10.5961565&zoom=14
"Tödi, Panorama","Blick vom Tödi auf Piz Frisal, Brigelser Hörner und Berninakette",46.8111534,8.9148592,Nein,Tödi,lcmt-nabi-pctmp_ead_wehr_1104-B_pctmp.jpg,Glarus,circa 1905,,Schweizerische Nationalbibliothek,Hans Brun,https://commons.wikimedia.org/entity/M143826577,"Tödi, Panorama","Blick vom Tödi auf Piz Frisal, Brigelser Hörner und Berninakette",1905,Hans Brun,,Switzerland,Kanton Glarus,Tödi,46.81227,8.91508,5,False,0,0.13,https://www.openstreetmap.org/?mlat=46.81227&mlon=8.91508&zoom=14
"Italia, Sulden, Hotel, Ortsteilansicht","Blick auf das Hotel 'Gampenhof' und das 'Sulden-Hotel', im Hintergrund Berglandschaft",46.5280433,10.5842617,Nein,Sulden,lcmt-nabi-pctmp_ead_wehr_11042-B_pctmp.jpg,,1909-08,,Schweizerische Nationalbibliothek,Arthur Wehrli (1876-1915),https://commons.wikimedia.org/entity/M144591937,"Italia, Sulden, Hotel, Ortsteilansicht","Blick auf das Hotel 'Gampenhof' und das 'Sulden-Hotel', im Hintergrund Berglandschaft",1909,Arthur Wehrli (1876-1915),,Italy,Trentino-Alto Adige,Sulden,46.5299723,10.5828753,4,False,1,0.24,https://www.openstreetmap.org/?mlat=46.5299723&mlon=10.5828753&zoom=14
"Italia, Sulden, Ortsteilansicht","Ansicht mehrerer Häuser (Gampenhöfe) im Suldental, im Hintergrund Berglandschaft",46.5280433,10.5842617,Nein,Sulden,lcmt-nabi-pctmp_ead_wehr_11043-B_pctmp.jpg,,1909-08,,Schweizerische Nationalbibliothek,Arthur Wehrli (1876-1915),https://commons.wikimedia.org/entity/M144592016,"Italia, Sulden, Ortsteilansicht","Ansicht mehrerer Häuser (Gampenhöfe) im Suldental, im Hintergrund Berglandschaft",1909,Arthur Wehrli (1876-1915),,Italy,Trentino-Alto Adige,Sulden,46.52715,10.58905,3,True,0,0.38,https://www.openstreetmap.org/?mlat=46.52715&mlon=10.58905&zoom=14
"Italia, Sulden, Ortsteilansicht","Blick auf Sulden, im Hintergrund die Hintere Schöntaufspitze",46.5280433,10.5842617,Nein,Sulden,lcmt-nabi-pctmp_ead_wehr_11044-B_pctmp.jpg,,1909-08,,Schweizerische Nationalbibliothek,Arthur Wehrli (1876-1915),https://commons.wikimedia.org/entity/M144592095,"Italia, Sulden, Ortsteilansicht","Blick auf Sulden, im Hintergrund die Hintere Schöntaufspitze",1909,Arthur Wehrli (1876-1915),,Italy,Trentino-Alto Adige,Sulden,46.52715,10.58905,3,True,0,0.38,https://www.openstreetmap.org/?mlat=46.52715&mlon=10.58905&zoom=14
"Italia, Ulten, St. Gertraud, Ortsteilansicht","Abbildung eines Baumes, im Hintergrund Teilansicht einer Kirche bei St. Gertraud",46.4897587,10.8709079,Nein,St. Gertraud,lcmt-nabi-pctmp_ead_wehr_11045-B_pctmp.jpg,,1909-08,,Schweizerische Nationalbibliothek,Arthur Wehrli (1876-1915),https://commons.wikimedia.org/entity/M144592200,"Italia, Ulten, St. Gertraud, Ortsteilansicht","Abbildung eines Baumes, im Hintergrund Teilansicht einer Kirche bei St. Gertraud",1909,Arthur Wehrli (1876-1915),,Italy,Trentino-Alto Adige,St. Gertraud,46.4897587,10.8709079,2,True,1,0.0,https://www.openstreetmap.org/?mlat=46.4897587&mlon=10.8709079&zoom=14
"Italia, Ulten, St. Gertraud, Ortsteilansicht",Blick auf St. Gertraud,46.4897587,10.8709079,Nein,St. Gertraud,lcmt-nabi-pctmp_ead_wehr_11046-B_pctmp.jpg,,1909-08,,Schweizerische Nationalbibliothek,Arthur Wehrli (1876-1915),https://commons.wikimedia.org/entity/M144592338,"Italia, Ulten, St. Gertraud, Ortsteilansicht",Blick auf St. Gertraud,1909,Arthur Wehrli (1876-1915),,Italy,Trentino-Alto Adige,St. Gertraud,46.4897587,10.8709079,2,True,1,0.0,https://www.openstreetmap.org/?mlat=46.4897587&mlon=10.8709079&zoom=14
"Italia, Ulten, St. Gertraud, Ortsteilansicht","Blick auf St. Gertraud im Suldental, im Hintergrund der Ortler",46.4897587,10.8709079,Nein,St. Gertraud,lcmt-nabi-pctmp_ead_wehr_11047-B_pctmp.jpg,,1909-08,,Schweizerische Nationalbibliothek,Arthur Wehrli (1876-1915),https://commons.wikimedia.org/entity/M144592484,"Italia, Ulten, St. Gertraud, Ortsteilansicht","Blick auf St. Gertraud im Suldental, im Hintergrund der Ortler",1909,Arthur Wehrli (1876-1915),,Italy,Trentino-Alto Adige,St. Gertraud,46.4897587,10.8709079,2,True,1,0.0,https://www.openstreetmap.org/?mlat=46.4897587&mlon=10.8709079&zoom=14
"Italia, Ulten, St. Gertraud, Ortsteilansicht","Blick auf St. Gertraud im Suldental, im Hintergrund der Ortler",46.4897587,10.8709079,Nein,St. Gertraud,lcmt-nabi-pctmp_ead_wehr_11048-B_pctmp.jpg,,1909-08,,Schweizerische Nationalbibliothek,Arthur Wehrli (1876-1915),https://commons.wikimedia.org/entity/M144592606,"Italia, Ulten, St. Gertraud, Ortsteilansicht","Blick auf St. Gertraud im Suldental, im Hintergrund der Ortler",1909,Arthur Wehrli (1876-1915),,Italy,Trentino-Alto Adige,St. Gertraud,46.4897587,10.8709079,2,True,1,0.0,https://www.openstreetmap.org/?mlat=46.4897587&mlon=10.8709079&zoom=14
"Italia, Ulten, St. Gertraud, Ortsteilansicht","Blick auf St. Gertraud im Suldental, im Hintergrund die Hintere Schöntaufspitze",46.4897587,10.8709079,Nein,St. Gertraud,lcmt-nabi-pctmp_ead_wehr_11049-B_pctmp.jpg,,1909-08,,Schweizerische Nationalbibliothek,Arthur Wehrli (1876-1915),https://commons.wikimedia.org/entity/M144592676,"Italia, Ulten, St. Gertraud, Ortsteilansicht","Blick auf St. Gertraud im Suldental, im Hintergrund die Hintere Schöntaufspitze",1909,Arthur Wehrli (1876-1915),,Italy,Trentino-Alto Adige,St. Gertraud,46.4897587,10.8709079,2,True,1,0.0,https://www.openstreetmap.org/?mlat=46.4897587&mlon=10.8709079&zoom=14
"Tödi, Panorama",Blick vom Tödi gegen die Walliser Alpen,46.8111534,8.9148592,Nein,Tödi,lcmt-nabi-pctmp_ead_wehr_1105-B_pctmp.jpg,Glarus,circa 1905,,Schweizerische Nationalbibliothek,Hans Brun,https://commons.wikimedia.org/entity/M143826678,"Tödi, Panorama",Blick vom Tödi gegen die Walliser Alpen,1905,Hans Brun,,Switzerland,Kanton Glarus,Tödi,46.81227,8.91508,5,False,0,0.13,https://www.openstreetmap.org/?mlat=46.81227&mlon=8.91508&zoom=14
"Italia, Ulten, St. Gertraud, Ortsteilansicht","Blick auf St. Gertraud und das Dorf Sulden, im Hintergrund die Pederspitze und die Hintere Schöntaufspitze",46.4897587,10.8709079,Nein,St. Gertraud,lcmt-nabi-pctmp_ead_wehr_11051-B_pctmp.jpg,,1909-08,,Schweizerische Nationalbibliothek,Arthur Wehrli (1876-1915),https://commons.wikimedia.org/entity/M144592882,"Italia, Ulten, St. Gertraud, Ortsteilansicht","Blick auf St. Gertraud und das Dorf Sulden, im Hintergrund die Pederspitze und die Hintere Schöntaufspitze",1909,Arthur Wehrli (1876-1915),,Italy,Trentino-Alto Adige,St. Gertraud,46.4897587,10.8709079,2,True,1,0.0,https://www.openstreetmap.org/?mlat=46.4897587&mlon=10.8709079&zoom=14
"Italia, Ortler, Schaubachhütte, Panorama",Panorama von der Schaubachhütte in den Ortler Alpen,46.5090956,10.5449304,Nein,Ortler,lcmt-nabi-pctmp_ead_wehr_11052-B_pctmp.jpg,,1909-08,,Schweizerische Nationalbibliothek,Arthur Wehrli (1876-1915),https://commons.wikimedia.org/entity/M144593041,"Italia, Ortler, Schaubachhütte, Panorama",Panorama von der Schaubachhütte in den Ortler Alpen,1909,Arthur Wehrli (1876-1915),,Italy,Trentino-Alto Adige,Ortler,46.4905225,10.5973335,4,False,1,4.51,https://www.openstreetmap.org/?mlat=46.4905225&mlon=10.5973335&zoom=14
"Italia, Ortler, Schaubachhütte, Panorama",Panorama von der Schaubachhütte in den Ortler Alpen,46.5090956,10.5449304,Nein,Ortler,lcmt-nabi-pctmp_ead_wehr_11053-B_pctmp.jpg,,1909-08,,Schweizerische Nationalbibliothek,Arthur Wehrli (1876-1915),https://commons.wikimedia.org/entity/M144593127,"Italia, Ortler, Schaubachhütte, Panorama",Panorama von der Schaubachhütte in den Ortler Alpen,1909,Arthur Wehrli (1876-1915),,Italy,Trentino-Alto Adige,Ortler,46.4905225,10.5973335,4,False,1,4.51,https://www.openstreetmap.org/?mlat=46.4905225&mlon=10.5973335&zoom=14
"Italia, Ortler, Schaubachhütte, Panorama",Panorama von der Schaubachhütte in den Ortler Alpen,46.5090956,10.5449304,Nein,Ortler,lcmt-nabi-pctmp_ead_wehr_11054-B_pctmp.jpg,,1909-08,,Schweizerische Nationalbibliothek,Arthur Wehrli (1876-1915),https://commons.wikimedia.org/entity/M144593206,"Italia, Ortler, Schaubachhütte, Panorama",Panorama von der Schaubachhütte in den Ortler Alpen,1909,Arthur Wehrli (1876-1915),,Italy,Trentino-Alto Adige,Ortler,46.4905225,10.5973335,4,False,1,4.51,https://www.openstreetmap.org/?mlat=46.4905225&mlon=10.5973335&zoom=14
"Italia, Ortler, Hallesche Hütte, Panorama",Blick auf die Hallesche Hütte (auch: Halle'sche Hütte) in den Ortler Alpen am Monte Cevedale,46.5090956,10.5449304,Nein,Ortler,lcmt-nabi-pctmp_ead_wehr_11055-B_pctmp.jpg,,1909-08,,Schweizerische Nationalbibliothek,Arthur Wehrli (1876-1915),https://commons.wikimedia.org/entity/M144593289,"Italia, Ortler, Hallesche Hütte, Panorama",Blick auf die Hallesche Hütte (auch: Halle'sche Hütte) in den Ortler Alpen am Monte Cevedale,1909,Arthur Wehrli (1876-1915),,Italy,Trentino-Alto Adige,Ortler,46.5090956,10.5449304,2,True,1,0.0,https://www.openstreetmap.org/?mlat=46.5090956&mlon=10.5449304&zoom=14
"Italia, Ortler, Hallesche Hütte, Panorama",Blick auf die Hallesche Hütte (auch: Halle'sche Hütte) in den Ortler Alpen am Eisseepass gegen die Suldenspitze,46.5090956,10.5449304,Nein,Ortler,lcmt-nabi-pctmp_ead_wehr_11056-B_pctmp.jpg,,1909-08,,Schweizerische Nationalbibliothek,Arthur Wehrli (1876-1915),https://commons.wikimedia.org/entity/M144593426,"Italia, Ortler, Hallesche Hütte, Panorama",Blick auf die Hallesche Hütte (auch: Halle'sche Hütte) in den Ortler Alpen am Eisseepass gegen die Suldenspitze,1909,Arthur Wehrli (1876-1915),,Italy,Trentino-Alto Adige,Ortler,46.5090956,10.5449304,2,True,1,0.0,https://www.openstreetmap.org/?mlat=46.5090956&mlon=10.5449304&zoom=14
"Italia, Eisseepass, Panorama",Blick auf die Königsspitze in den Ortler-Alpen vom Eisseepass aus gesehen,46.4746773,10.6060673,Nein,Eisseepass,lcmt-nabi-pctmp_ead_wehr_11057-B_pctmp.jpg,,1909-08,,Schweizerische Nationalbibliothek,Arthur Wehrli (1876-1915),https://commons.wikimedia.org/entity/M144593544,"Italia, Eisseepass, Panorama",Blick auf die Königsspitze in den Ortler-Alpen vom Eisseepass aus gesehen,1909,Arthur Wehrli (1876-1915),,Italy,Trentino-Alto Adige,Eisseepass,46.4746773,10.6060673,4,False,1,0.0,https://www.openstreetmap.org/?mlat=46.4746773&mlon=10.6060673&zoom=14
"Italia, Passo Lago Gelato, Panorama","Königsspitze, Monte Zebrù und Ortler vom Eisseepass gesehen",,,Nein,"Italien, [Lokalisierung unsicher]",lcmt-nabi-pctmp_ead_wehr_11058-B_pctmp.jpg,,1909-08,,Schweizerische Nationalbibliothek,Arthur Wehrli (1876-1915),https://commons.wikimedia.org/entity/M144593644,"Italia, Passo Lago Gelato, Panorama","Königsspitze, Monte Zebrù und Ortler vom Eisseepass gesehen",1909,Arthur Wehrli (1876-1915),,Italy,Trentino-Alto Adige,"Italien, [Lokalisierung unsicher]",,,0,False,0,,
"Italia, Passo Lago Gelato, Panorama","Blick auf die Königsspitze, vom Eisseepass gesehen",46.4746773,10.6060673,Nein,Passo Lago Gelato,lcmt-nabi-pctmp_ead_wehr_11059-B_pctmp.jpg,,1909-08,,Schweizerische Nationalbibliothek,Arthur Wehrli (1876-1915),https://commons.wikimedia.org/entity/M144593769,"Italia, Passo Lago Gelato, Panorama","Blick auf die Königsspitze, vom Eisseepass gesehen",1909,Arthur Wehrli (1876-1915),,Italy,Trentino-Alto Adige,Passo Lago Gelato,46.4746773,10.6060673,4,False,1,0.0,https://www.openstreetmap.org/?mlat=46.4746773&mlon=10.6060673&zoom=14
"Tödi, Panorama",Blick vom Tödi auf die Walliser und Berner Alpen,46.8111534,8.9148592,Nein,Tödi,lcmt-nabi-pctmp_ead_wehr_1106-B_pctmp.jpg,Glarus,circa 1905,,Schweizerische Nationalbibliothek,Hans Brun,https://commons.wikimedia.org/entity/M143826777,"Tödi, Panorama",Blick vom Tödi auf die Walliser und Berner Alpen,1905,Hans Brun,,Switzerland,Kanton Glarus,Tödi,46.81227,8.91508,5,False,0,0.13,https://www.openstreetmap.org/?mlat=46.81227&mlon=8.91508&zoom=14
"Italia, Ortler, Landschaft",Ansicht des Ortlers,46.5090956,10.5449304,Nein,Ortler,lcmt-nabi-pctmp_ead_wehr_11061-B_pctmp.jpg,,1909-08,,Schweizerische Nationalbibliothek,Arthur Wehrli (1876-1915),https://commons.wikimedia.org/entity/M144594015,"Italia, Ortler, Landschaft",Ansicht des Ortlers,1909:08,Arthur Wehrli (1876-1915),,Italy,Trentino-Alto Adige,Ortler,46.5090956,10.5449304,4,False,1,0.0,https://www.openstreetmap.org/?mlat=46.5090956&mlon=10.5449304&zoom=14
"Italia, Ortler, Düsseldorfer Hütte, Landschaft",Ansicht der Düsseldorfer Hütte (auch:Zaytalhütte) gegen die Königsspitze und den Ortler,46.5090956,10.5449304,Nein,Ortler,lcmt-nabi-pctmp_ead_wehr_11062-B_pctmp.jpg,,1909-08,,Schweizerische Nationalbibliothek,Arthur Wehrli (1876-1915),https://commons.wikimedia.org/entity/M144594173,"Italia, Ortler, Düsseldorfer Hütte, Landschaft",Ansicht der Düsseldorfer Hütte (auch:Zaytalhütte) gegen die Königsspitze und den Ortler,1909:08,Arthur Wehrli (1876-1915),,Italy,Trentino-Alto Adige,Ortler,46.5280558,10.5904639,4,False,1,4.07,https://www.openstreetmap.org/?mlat=46.5280558&mlon=10.5904639&zoom=14
"Italia, Rifugio Serristori, Panorama","Blick von der Düsseldorferhütte auf Königsspitze, Monte Zebrù und Ortler",,,Nein,"Italien, [Lokalisierung unsicher]",lcmt-nabi-pctmp_ead_wehr_11063-B_pctmp.jpg,,1909-08,,Schweizerische Nationalbibliothek,Arthur Wehrli (1876-1915),https://commons.wikimedia.org/entity/M144594330,"Italia, Rifugio Serristori, Panorama","Blick von der Düsseldorferhütte auf Königsspitze, Monte Zebrù und Ortler",1909:08,Arthur Wehrli (1876-1915),,Italy,Trentino-Alto Adige,"Italien, [Lokalisierung unsicher]",,,0,False,0,,
"Italia, Königsspitze, Landschaft",Berglandschaft mit der Königsspitze,,,Nein,"Italien, [Lokalisierung unsicher]",lcmt-nabi-pctmp_ead_wehr_11064-B_pctmp.jpg,,1909-08,,Schweizerische Nationalbibliothek,Arthur Wehrli (1876-1915),https://commons.wikimedia.org/entity/M144594453,"Italia, Königsspitze, Landschaft",Berglandschaft mit der Königsspitze,1909:08,Arthur Wehrli (1876-1915),,Italy,Trentino-Alto Adige,"Italien, [Lokalisierung unsicher]",,,0,False,0,,
"Italia, Königsspitze, Landschaft",Berglandschaft mit der Königsspitze,,,Nein,"Italien, [Lokalisierung unsicher]",lcmt-nabi-pctmp_ead_wehr_11065-B_pctmp.jpg,,1909-08,,Schweizerische Nationalbibliothek,Arthur Wehrli (1876-1915),https://commons.wikimedia.org/entity/M144594569,"Italia, Königsspitze, Landschaft",Berglandschaft mit der Königsspitze,1909:08,Arthur Wehrli (1876-1915),,Italy,Trentino-Alto Adige,"Italien, [Lokalisierung unsicher]",,,0,False,0,,
"Italia, Königsspitze, Landschaft",Berglandschaft mit der Königsspitze,,,Nein,"Italien, [Lokalisierung unsicher]",lcmt-nabi-pctmp_ead_wehr_11066-B_pctmp.jpg,,1909-08,,Schweizerische Nationalbibliothek,Arthur Wehrli (1876-1915),https://commons.wikimedia.org/entity/M144594740,"Italia, Königsspitze, Landschaft",Berglandschaft mit der Königsspitze,1909:08,Arthur Wehrli (1876-1915),,Italy,Trentino-Alto Adige,"Italien, [Lokalisierung unsicher]",,,0,False,0,,
"Italia, Ortler, Landschaft",Blick auf den Ortler vom Wege zur Düsseldorferhütte aus gesehen,46.5090956,10.5449304,Nein,Ortler,lcmt-nabi-pctmp_ead_wehr_11067-B_pctmp.jpg,,1909-08,,Schweizerische Nationalbibliothek,Arthur Wehrli (1876-1915),https://commons.wikimedia.org/entity/M144594841,"Italia, Ortler, Landschaft",Blick auf den Ortler vom Wege zur Düsseldorferhütte aus gesehen,1909:08,Arthur Wehrli (1876-1915),,Italy,Trentino-Alto Adige,Ortler,46.5090956,10.5449304,4,False,1,0.0,https://www.openstreetmap.org/?mlat=46.5090956&mlon=10.5449304&zoom=14
"Italia, Tabarettahütte, Gesamtaussenansicht",Aussenansicht der Tabarettahütte am Ortler. Blick gegen die Vertain- und Schöntaufspitze,46.5090956,10.5449304,Nein,Ortler,lcmt-nabi-pctmp_ead_wehr_11068-B_pctmp.jpg,,1909-08,,Schweizerische Nationalbibliothek,Arthur Wehrli (1876-1915),https://commons.wikimedia.org/entity/M144594931,"Italia, Tabarettahütte, Gesamtaussenansicht",Aussenansicht der Tabarettahütte am Ortler. Blick gegen die Vertain- und Schöntaufspitze,1909:08,Arthur Wehrli (1876-1915),,Italy,Trentino-Alto Adige,Ortler,46.5300874,10.5507725,4,False,1,2.38,https://www.openstreetmap.org/?mlat=46.5300874&mlon=10.5507725&zoom=14
"Italia, Ortler, Julius-Payer-Hütte, Gesamtaussenansicht",Ansicht der Julius-Payer-Hütte und des Ortler,46.5090956,10.5449304,Nein,Ortler,lcmt-nabi-pctmp_ead_wehr_11069-B_pctmp.jpg,,1909-08,,Schweizerische Nationalbibliothek,Arthur Wehrli (1876-1915),https://commons.wikimedia.org/entity/M144595031,"Italia, Ortler, Julius-Payer-Hütte, Gesamtaussenansicht",Ansicht der Julius-Payer-Hütte und des Ortler,1909:08,Arthur Wehrli (1876-1915),,Italy,Trentino-Alto Adige,Ortler,46.5277063,10.5434174,4,False,1,2.07,https://www.openstreetmap.org/?mlat=46.5277063&mlon=10.5434174&zoom=14
"Tödi, Panorama",Blick vom Tödi auf Linthal und Glärnisch,46.8111534,8.9148592,Nein,Tödi,lcmt-nabi-pctmp_ead_wehr_1107-B_pctmp.jpg,Glarus,circa 1905,,Schweizerische Nationalbibliothek,Hans Brun,https://commons.wikimedia.org/entity/M143826847,"Tödi, Panorama",Blick vom Tödi auf Linthal und Glärnisch,1905,Hans Brun,,Switzerland,Kanton Glarus,Tödi,46.81227,8.91508,5,False,0,0.13,https://www.openstreetmap.org/?mlat=46.81227&mlon=8.91508&zoom=14
"Italia, Ortler, Landschaft",Blick auf den Ortler und den Ostabfall (auch: Ostafall) von der Tabarettahütte aus gesehen,46.5090956,10.5449304,Nein,Ortler,lcmt-nabi-pctmp_ead_wehr_11071-B_pctmp.jpg,,1909-08,,Schweizerische Nationalbibliothek,Arthur Wehrli (1876-1915),https://commons.wikimedia.org/entity/M144595287,"Italia, Ortler, Landschaft",Blick auf den Ortler und den Ostabfall (auch: Ostafall) von der Tabarettahütte aus gesehen,1909:08,Arthur Wehrli (1876-1915),,Italy,Trentino-Alto Adige,Ortler,46.5090956,10.5449304,4,False,1,0.0,https://www.openstreetmap.org/?mlat=46.5090956&mlon=10.5449304&zoom=14
"Italia, Ortler, Landschaft",Blick auf den Ortler mit der Anstiegsroute und dem oberen Ortlerferner,46.5090956,10.5449304,Nein,Ortler,lcmt-nabi-pctmp_ead_wehr_11072-B_pctmp.jpg,,1909-08,,Schweizerische Nationalbibliothek,Arthur Wehrli (1876-1915),https://commons.wikimedia.org/entity/M144595466,"Italia, Ortler, Landschaft",Blick auf den Ortler mit der Anstiegsroute und dem oberen Ortlerferner,1909:08,Arthur Wehrli (1876-1915),,Italy,Trentino-Alto Adige,Ortler,46.5090956,10.5449304,4,False,1,0.0,https://www.openstreetmap.org/?mlat=46.5090956&mlon=10.5449304&zoom=14
"Italia, Ortler, Landschaft",Blick auf den Ortler unter der Tabarettaspitze,46.5090956,10.5449304,Nein,Ortler,lcmt-nabi-pctmp_ead_wehr_11073-B_pctmp.jpg,,1909-08,,Schweizerische Nationalbibliothek,Arthur Wehrli (1876-1915),https://commons.wikimedia.org/entity/M144595599,"Italia, Ortler, Landschaft",Blick auf den Ortler unter der Tabarettaspitze,1909:08,Arthur Wehrli (1876-1915),,Italy,Trentino-Alto Adige,Ortler,46.5090956,10.5449304,4,False,1,0.0,https://www.openstreetmap.org/?mlat=46.5090956&mlon=10.5449304&zoom=14
"Italia, Ortler, Landschaft",Bergsteiger bei der Ortlerbesteigung mit Blick auf den Gipfel und den Ostabsturz,46.5090956,10.5449304,Nein,Ortler,lcmt-nabi-pctmp_ead_wehr_11074-B_pctmp.jpg,,1909-08,,Schweizerische Nationalbibliothek,Arthur Wehrli (1876-1915),https://commons.wikimedia.org/entity/M144595810,"Italia, Ortler, Landschaft",Bergsteiger bei der Ortlerbesteigung mit Blick auf den Gipfel und den Ostabsturz,1909:08,Arthur Wehrli (1876-1915),,Italy,Trentino-Alto Adige,Ortler,46.5090956,10.5449304,4,False,1,0.0,https://www.openstreetmap.org/?mlat=46.5090956&mlon=10.5449304&zoom=14
"Italia, Ortler, Landschaft",Winterlandschaft beim Ortler,46.5090956,10.5449304,Nein,Ortler,lcmt-nabi-pctmp_ead_wehr_11075-B_pctmp.jpg,,1909-08,,Schweizerische Nationalbibliothek,Arthur Wehrli (1876-1915),https://commons.wikimedia.org/entity/M144595943,"Italia, Ortler, Landschaft",Winterlandschaft beim Ortler,1909:08,Arthur Wehrli (1876-1915),,Italy,Trentino-Alto Adige,Ortler,46.5090956,10.5449304,4,False,1,0.0,https://www.openstreetmap.org/?mlat=46.5090956&mlon=10.5449304&zoom=14
"Italia, Ortler, Panorama",Panorama vom Ortler. Blick gegen Königsspitze und Monte Cevedale,46.5090956,10.5449304,Nein,Ortler,lcmt-nabi-pctmp_ead_wehr_11076-B_pctmp.jpg,,1909-08,,Schweizerische Nationalbibliothek,Arthur Wehrli (1876-1915),https://commons.wikimedia.org/entity/M144596042,"Italia, Ortler, Landschaft",Panorama vom Ortler. Blick gegen Königsspitze und Monte Cevedale,1909:08,Arthur Wehrli (1876-1915),,Italy,Trentino-Alto Adige,Ortler,46.5090956,10.5449304,4,False,1,0.0,https://www.openstreetmap.org/?mlat=46.5090956&mlon=10.5449304&zoom=14
"Italia, Ortler, Landschaft, Bergsteigen",Bergsteiger (sieben Männer und eine Frau) auf dem Nordabfall des Oberen Gletschers bei der Besteigung des Ortlers,46.5090956,10.5449304,Nein,Ortler,lcmt-nabi-pctmp_ead_wehr_11077-B_pctmp.jpg,,1909-08,,Schweizerische Nationalbibliothek,Arthur Wehrli (1876-1915),https://commons.wikimedia.org/entity/M144596145,"Italia, Ortler, Panorama",Bergsteiger (sieben Männer und eine Frau) auf dem Nordabfall des Oberen Gletschers bei der Besteigung des Ortlers,1909:08,Arthur Wehrli (1876-1915),,Italy,Trentino-Alto Adige,Ortler,46.5090956,10.5449304,4,False,1,0.0,https://www.openstreetmap.org/?mlat=46.5090956&mlon=10.5449304&zoom=14
"Italia, Ortler, Landschaft, Bergsteigen",Fünf Bergsteiger steigen vom Ortler die Eiswand hinab.,46.5090956,10.5449304,Nein,Ortler,lcmt-nabi-pctmp_ead_wehr_11078-B_pctmp.jpg,,1909-08,,Schweizerische Nationalbibliothek,Arthur Wehrli (1876-1915),https://commons.wikimedia.org/entity/M144596296,"Italia, Ortler, Landschaft, Bergsteigen",Fünf Bergsteiger steigen vom Ortler die Eiswand hinab.,1909:08,Arthur Wehrli (1876-1915),,Italy,Trentino-Alto Adige,Ortler,46.5090956,10.5449304,4,False,1,0.0,https://www.openstreetmap.org/?mlat=46.5090956&mlon=10.5449304&zoom=14
"Italia, Ortler, Schaubachhütte, Gesamtaussenansicht","Blick auf die Schaubachhütte in den Ortler-Alpen, im Hintergrund die Königsspitze",46.5090956,10.5449304,Nein,Ortler,lcmt-nabi-pctmp_ead_wehr_11079-B_pctmp.jpg,,1909-08,,Schweizerische Nationalbibliothek,Arthur Wehrli (1876-1915),https://commons.wikimedia.org/entity/M144596412,"Italia, Ortler, Landschaft, Bergsteigen","Blick auf die Schaubachhütte in den Ortler-Alpen, im Hintergrund die Königsspitze",1909:08,Arthur Wehrli (1876-1915),,Italy,Trentino-Alto Adige,Ortler,46.5090956,10.5449304,4,False,1,0.0,https://www.openstreetmap.org/?mlat=46.5090956&mlon=10.5449304&zoom=14
"Italia, Bolzano, Ortsgesamtansicht",Blick über Bozen,46.6559455,11.2302129,Nein,Bozen,lcmt-nabi-pctmp_ead_wehr_11080-B_pctmp.jpg,,1909-08,,Schweizerische Nationalbibliothek,Arthur Wehrli (1876-1915),https://commons.wikimedia.org/entity/M144596503,"Bozen, Ortsgesamtansicht",Blick über Bozen,1909:08,Arthur Wehrli,,Italy,Trentino-Alto Adige,Bozen,46.49067,11.33982,3,True,0,20.2,https://www.openstreetmap.org/?mlat=46.49067&mlon=11.33982&zoom=14
"Italia, Bolzano, Ortsgesamtansicht",Blick über Bozen von Virgl aus,46.6559455,11.2302129,Nein,Bozen,lcmt-nabi-pctmp_ead_wehr_11081-B_pctmp.jpg,,1909-08,,Schweizerische Nationalbibliothek,Arthur Wehrli (1876-1915),https://commons.wikimedia.org/entity/M144596618,Bozen von Virgl aus,Blick über Bozen von Virgl aus,1909:08,Arthur Wehrli,,Italy,Trentino-Alto Adige,Bozen,46.49115,11.35259,5,False,0,20.57,https://www.openstreetmap.org/?mlat=46.49115&mlon=11.35259&zoom=14
"Italia, Bolzano, Ortsgesamtansicht","Blick über Bozen, im Hintergrund die Rosengartengruppe",46.6559455,11.2302129,Nein,Bozen,lcmt-nabi-pctmp_ead_wehr_11082-B_pctmp.jpg,,1909-08,,Schweizerische Nationalbibliothek,Arthur Wehrli (1876-1915),https://commons.wikimedia.org/entity/M144596720,Bozen mit Rosengartengruppe,"Blick über Bozen, im Hintergrund die Rosengartengruppe",1909:08,Arthur Wehrli,,Italy,Trentino-Alto Adige,Bozen,46.49067,11.33982,3,True,0,20.2,https://www.openstreetmap.org/?mlat=46.49067&mlon=11.33982&zoom=14
"Italia, Bolzano, Ortsgesamtansicht",Blick über Bozen von der Oswaldpromenade aus,46.6559455,11.2302129,Nein,Bozen,lcmt-nabi-pctmp_ead_wehr_11083-B_pctmp.jpg,,1909-08,,Schweizerische Nationalbibliothek,Arthur Wehrli (1876-1915),https://commons.wikimedia.org/entity/M144596810,Bozen von der Oswaldpromenade,Blick über Bozen von der Oswaldpromenade aus,1909:08,Arthur Wehrli,,Italy,Trentino-Alto Adige,Bozen,46.5051059,11.3596467,4,False,1,19.47,https://www.openstreetmap.org/?mlat=46.5051059&mlon=11.3596467&zoom=14
"Italia, Bolzano, Ortsgesamtansicht",Blick über Bozen,46.6559455,11.2302129,Nein,Bozen,lcmt-nabi-pctmp_ead_wehr_11084-B_pctmp.jpg,,1909-08,,Schweizerische Nationalbibliothek,Arthur Wehrli (1876-1915),https://commons.wikimedia.org/entity/M144596910,"Bozen, Ortsgesamtansicht",Blick über Bozen,1909:08,Arthur Wehrli,,Italy,Trentino-Alto Adige,Bozen,46.49067,11.33982,3,True,0,20.2,https://www.openstreetmap.org/?mlat=46.49067&mlon=11.33982&zoom=14
"Italia, Bolzano, Ortsgesamtansicht","Blick über Bozen, im Hintergrund die Rosengartengruppe",46.6559455,11.2302129,Nein,Bozen,lcmt-nabi-pctmp_ead_wehr_11085-B_pctmp.jpg,,1909-08,,Schweizerische Nationalbibliothek,Arthur Wehrli (1876-1915),https://commons.wikimedia.org/entity/M144597028,Bozen mit Rosengartengruppe,"Blick über Bozen, im Hintergrund die Rosengartengruppe",1909:08,Arthur Wehrli,,Italy,Trentino-Alto Adige,Bozen,46.49067,11.33982,3,True,0,20.2,https://www.openstreetmap.org/?mlat=46.49067&mlon=11.33982&zoom=14
"Italia, Bolzano, Ortsteilansicht","Blick über das Gries-Quirein-Viertel von Bozen, im Hintergrund der Gantkogel",46.6559455,11.2302129,Nein,Bolzano,lcmt-nabi-pctmp_ead_wehr_11086-B_pctmp.jpg,,1909-08,,Schweizerische Nationalbibliothek,Arthur Wehrli (1876-1915),https://commons.wikimedia.org/entity/M144597219,"Gries-Quirein-Viertel, Bozen","Blick über das Gries-Quirein-Viertel von Bozen, im Hintergrund der Gantkogel",1909:08,Arthur Wehrli,,Italy,Trentino-Alto Adige,Bolzano,46.5167,11.3333,5,False,0,17.37,https://www.openstreetmap.org/?mlat=46.5167&mlon=11.3333&zoom=14
"Italia, Bolzano, Duomo di Santa Maria Assunta, Gesamtaussenansicht",Ansicht des Doms Maria Himmelfahrt in Bozen,46.6559455,11.2302129,Nein,Bozen,lcmt-nabi-pctmp_ead_wehr_11087-B_pctmp.jpg,,1909-08,,Schweizerische Nationalbibliothek,Arthur Wehrli (1876-1915),https://commons.wikimedia.org/entity/M144597422,Duomo di Santa Maria Assunta,Ansicht des Doms Maria Himmelfahrt in Bozen,1909:08,Arthur Wehrli,,Italy,Trentino-Alto Adige,Bozen,46.4975276,11.3539721,4,False,1,19.99,https://www.openstreetmap.org/?mlat=46.4975276&mlon=11.3539721&zoom=14
"Italia, Renon, Castel Roncolo, Gesamtaussenansicht",Ansicht des Schloss Runkelstein,46.5629355,11.441435,Nein,Ritten,lcmt-nabi-pctmp_ead_wehr_11088-B_pctmp.jpg,,1909-08,,Schweizerische Nationalbibliothek,Arthur Wehrli (1876-1915),https://commons.wikimedia.org/entity/M144597595,Castel Roncolo,Ansicht des Schloss Runkelstein,1909:08,Arthur Wehrli,,Italy,Trentino-Alto Adige,Ritten,46.51754,11.35888,5,False,0,8.08,https://www.openstreetmap.org/?mlat=46.51754&mlon=11.35888&zoom=14
"Italia, Renon, Castel Roncolo, Gesamtaussenansicht",Ansicht des Schloss Runkelstein,46.5629355,11.441435,Nein,Ritten,lcmt-nabi-pctmp_ead_wehr_11089-B_pctmp.jpg,,1909-08,,Schweizerische Nationalbibliothek,Arthur Wehrli (1876-1915),https://commons.wikimedia.org/entity/M144597788,Castel Roncolo,Ansicht des Schloss Runkelstein,1909:08,Arthur Wehrli,,Italy,Trentino-Alto Adige,Ritten,46.51754,11.35888,5,False,0,8.08,https://www.openstreetmap.org/?mlat=46.51754&mlon=11.35888&zoom=14
"Italia, Bolzano, Castel Firmiano, Gesamtaussenansicht",Ansicht des Schloss Sigmundskron,46.6559455,11.2302129,Nein,Bozen,lcmt-nabi-pctmp_ead_wehr_11091-B_pctmp.jpg,,1909-08,,Schweizerische Nationalbibliothek,Arthur Wehrli (1876-1915),https://commons.wikimedia.org/entity/M144597997,Castel Firmiano,Ansicht des Schloss Sigmundskron,1909:08,Arthur Wehrli,,Italy,Trentino-Alto Adige,Bozen,46.48055,11.30519,5,False,0,20.33,https://www.openstreetmap.org/?mlat=46.48055&mlon=11.30519&zoom=14
"Italia, Bolzano, Castel Firmiano, Gesamtaussenansicht",Ansicht des Schloss Sigmundskron,46.6559455,11.2302129,Nein,Bozen,lcmt-nabi-pctmp_ead_wehr_11092-B_pctmp.jpg,,1909-08,,Schweizerische Nationalbibliothek,Arthur Wehrli (1876-1915),https://commons.wikimedia.org/entity/M144598137,Castel Firmiano,Ansicht des Schloss Sigmundskron,1909:08,Arthur Wehrli,,Italy,Trentino-Alto Adige,Bozen,46.48055,11.30519,5,False,0,20.33,https://www.openstreetmap.org/?mlat=46.48055&mlon=11.30519&zoom=14
"Italia, Bolzano, Castel Flavon, Gesamtaussenansicht","Ansicht des Schloss Haselburg, im Hintergrund Bozen",46.6559455,11.2302129,Nein,Bozen,lcmt-nabi-pctmp_ead_wehr_11093-B_pctmp.jpg,,1909-08,,Schweizerische Nationalbibliothek,Arthur Wehrli (1876-1915),https://commons.wikimedia.org/entity/M144598227,Castel Flavon,"Ansicht des Schloss Haselburg, im Hintergrund Bozen",1909:08,Arthur Wehrli,,Italy,Trentino-Alto Adige,Bozen,46.4768914,11.3434761,4,False,1,21.71,https://www.openstreetmap.org/?mlat=46.4768914&mlon=11.3434761&zoom=14
"Italia, Sarntal, Landschaft",Ansicht eines Flusses im Sarntal bei Bozen,46.6559455,11.2302129,Nein,Bozen,lcmt-nabi-pctmp_ead_wehr_11094-B_pctmp.jpg,,1909-08,,Schweizerische Nationalbibliothek,Arthur Wehrli (1876-1915),https://commons.wikimedia.org/entity/M144598315,"Sarntal, Flussansicht",Ansicht eines Flusses im Sarntal bei Bozen,1909:08,Arthur Wehrli,,Italy,Trentino-Alto Adige,Bozen,46.5592582,11.3694067,4,False,1,15.12,https://www.openstreetmap.org/?mlat=46.5592582&mlon=11.3694067&zoom=14
"Italia, Sarntal, Landschaft",Ansicht eines Flusses im Sarntal gegen den Johanneskofel,46.6559455,11.2302129,Nein,Bozen,lcmt-nabi-pctmp_ead_wehr_11095-B_pctmp.jpg,,1909-08,,Schweizerische Nationalbibliothek,Arthur Wehrli (1876-1915),https://commons.wikimedia.org/entity/M144598425,Sarntal gegen Johanneskofel,Ansicht eines Flusses im Sarntal gegen den Johanneskofel,1909:08,Arthur Wehrli,,Italy,Trentino-Alto Adige,Bozen,46.5592582,11.3694067,4,False,1,15.12,https://www.openstreetmap.org/?mlat=46.5592582&mlon=11.3694067&zoom=14
"Italia, Bolzano, Johanneskofel, Teilansicht",Ansicht des Johanneskofel über der Sarntalerstrasse,46.6559455,11.2302129,Nein,Bozen,lcmt-nabi-pctmp_ead_wehr_11096-B_pctmp.jpg,,1909-08,,Schweizerische Nationalbibliothek,Arthur Wehrli (1876-1915),https://commons.wikimedia.org/entity/M144598528,Johanneskofel,Ansicht des Johanneskofel über der Sarntalerstrasse,1909:08,Arthur Wehrli,,Italy,Trentino-Alto Adige,Bozen,46.49067,11.33982,3,True,0,20.2,https://www.openstreetmap.org/?mlat=46.49067&mlon=11.33982&zoom=14
"Italia, Renon, Steinpyramiden, Landschaft",Ansicht der Rittner Erdpyramiden mit Blick gegen den Schlern,46.5629355,11.441435,Nein,Renon,lcmt-nabi-pctmp_ead_wehr_11097-B_pctmp.jpg,,1909-08,,Schweizerische Nationalbibliothek,Arthur Wehrli (1876-1915),https://commons.wikimedia.org/entity/M144598687,Rittner Erdpyramiden,Ansicht der Rittner Erdpyramiden mit Blick gegen den Schlern,1909:08,Arthur Wehrli,,Italy,Trentino-Alto Adige,Renon,46.5225087,11.4079127,4,False,1,5.17,https://www.openstreetmap.org/?mlat=46.5225087&mlon=11.4079127&zoom=14
"Italia, Renon, Lengstein, Landschaft","Erdpxramiden bei Lengstein, im Hintergrund die Kirche St. Nikolaus",46.5629355,11.441435,Nein,Ritten,lcmt-nabi-pctmp_ead_wehr_11098-B_pctmp.jpg,,1909-08,,Schweizerische Nationalbibliothek,Arthur Wehrli (1876-1915),https://commons.wikimedia.org/entity/M144598944,Erdpyramiden bei Lengstein,"Erdpxramiden bei Lengstein, im Hintergrund die Kirche St. Nikolaus",1909:08,Arthur Wehrli,,Italy,Trentino-Alto Adige,Ritten,46.54152,11.45728,3,True,0,2.67,https://www.openstreetmap.org/?mlat=46.54152&mlon=11.45728&zoom=14
"Italia, Ritten, Lengstein, Landschaft","Nahansicht der Erdpyramiden bei Lengstein, im Hintergrund Berglandschaft",46.5629355,11.441435,Nein,Ritten,lcmt-nabi-pctmp_ead_wehr_11099-B_pctmp.jpg,,1909-08,,Schweizerische Nationalbibliothek,Arthur Wehrli (1876-1915),https://commons.wikimedia.org/entity/M144599234,Erdpyramiden bei Lengstein,"Nahansicht der Erdpyramiden bei Lengstein, im Hintergrund Berglandschaft",1909:08,Arthur Wehrli,,Italy,Trentino-Alto Adige,Ritten,46.54152,11.45728,3,True,0,2.67,https://www.openstreetmap.org/?mlat=46.54152&mlon=11.45728&zoom=14
"Wallis, Frau in Walliser Tracht, Gesamtansicht",Walliserin in Tracht,46.2303063,7.6605757,Nein,Kanton Wallis,lcmt-nabi-pctmp_ead_wehr_111-B_pctmp.jpg,Wallis,circa 1905,,Schweizerische Nationalbibliothek,unknown photographer,https://commons.wikimedia.org/entity/M143826926,Walliserin in Tracht,Walliserin in Tracht,1905,,,Switzerland,Canton du Valais,Wallis,,,0,False,0,,
"Italia, Ritten, Lengstein, Landschaft","Erdpyramiden bei Lengstein, im Hintergrund der Schlern",46.5629355,11.441435,Nein,Ritten,lcmt-nabi-pctmp_ead_wehr_11100-B_pctmp.jpg,,1909-08,,Schweizerische Nationalbibliothek,Arthur Wehrli (1876-1915),https://commons.wikimedia.org/entity/M144599461,"Italia, Ritten, Lengstein, Landschaft","Erdpyramiden bei Lengstein, im Hintergrund der Schlern",1909,Arthur Wehrli,,Italy,Trentino-Alto Adige,Ritten,46.54152,11.45728,3,True,0,2.67,https://www.openstreetmap.org/?mlat=46.54152&mlon=11.45728&zoom=14
"Italia, Ritten, Erdpyramiden, Gesamtansicht",Erdpyramiden bei Ritten bei Bozen,46.5629355,11.441435,Nein,Ritten,lcmt-nabi-pctmp_ead_wehr_11101-B_pctmp.jpg,,1910-08,,Schweizerische Nationalbibliothek,Arthur Wehrli (1876-1915),https://commons.wikimedia.org/entity/M144599680,"Italia, Ritten, Erdpyramiden, Gesamtansicht",Erdpyramiden bei Ritten bei Bozen,1910,Arthur Wehrli,,Italy,Trentino-Alto Adige,Ritten,46.54152,11.45728,3,True,0,2.67,https://www.openstreetmap.org/?mlat=46.54152&mlon=11.45728&zoom=14
"Italia, Ritten, Klobenstein, Ortsteilansicht","Blick auf Wiese, Bäume, Häuser in Klobenstein bei Ritten, im Hintergrund der Schlern",46.5629355,11.441435,Nein,Ritten,lcmt-nabi-pctmp_ead_wehr_11102-B_pctmp.jpg,,1910-08,,Schweizerische Nationalbibliothek,Arthur Wehrli (1876-1915),https://commons.wikimedia.org/entity/M144599894,"Italia, Ritten, Klobenstein, Ortsteilansicht","Blick auf Wiese, Bäume, Häuser in Klobenstein bei Ritten, im Hintergrund der Schlern",1910,Arthur Wehrli,,Italy,Trentino-Alto Adige,Ritten,46.54152,11.45728,3,True,0,2.67,https://www.openstreetmap.org/?mlat=46.54152&mlon=11.45728&zoom=14
"Italia, Ritten, Klobenstein, Ortsteilansicht","Blick auf Kirche in Klobenstein bei Ritten, im Hintergrund Berglandschaft",46.5629355,11.441435,Nein,Ritten,lcmt-nabi-pctmp_ead_wehr_11103-B_pctmp.jpg,,1910-08,,Schweizerische Nationalbibliothek,Arthur Wehrli (1876-1915),https://commons.wikimedia.org/entity/M144600037,"Italia, Ritten, Klobenstein, Ortsteilansicht","Blick auf Kirche in Klobenstein bei Ritten, im Hintergrund Berglandschaft",1910,Arthur Wehrli,,Italy,Trentino-Alto Adige,Ritten,46.5071305,11.4320535,4,False,1,6.25,https://www.openstreetmap.org/?mlat=46.5071305&mlon=11.4320535&zoom=14
"Italia, Bolzano, Landschaft",Rebberg bei Bozen,46.6559455,11.2302129,Nein,Bozen,lcmt-nabi-pctmp_ead_wehr_11104-B_pctmp.jpg,,1909-09,,Schweizerische Nationalbibliothek,Arthur Wehrli (1876-1915),https://commons.wikimedia.org/entity/M144600182,"Italia, Bolzano, Landschaft",Rebberg bei Bozen,1909,Arthur Wehrli,,Italy,Trentino-Alto Adige,Bozen,46.49067,11.33982,3,True,0,20.2,https://www.openstreetmap.org/?mlat=46.49067&mlon=11.33982&zoom=14
"Italia, Südtirol, Eggental, Landschaft",Zwei Männer beim Gang durch eine Schlucht im Eggental,46.4555214,11.4284807,Nein,Eggental,lcmt-nabi-pctmp_ead_wehr_11105-B_pctmp.jpg,,1909-09,,Schweizerische Nationalbibliothek,Arthur Wehrli (1876-1915),https://commons.wikimedia.org/entity/M144600278,"Italia, Südtirol, Eggental, Landschaft",Zwei Männer beim Gang durch eine Schlucht im Eggental,1909,Arthur Wehrli,,Italy,Trentino-Alto Adige,Eggental,46.4555214,11.4284807,2,True,1,0.0,https://www.openstreetmap.org/?mlat=46.4555214&mlon=11.4284807&zoom=14
"Italia, Karneid, Schloss Karneid, Gesamtaussenansicht",Blick auf das Schloss Karneid,46.4899125,11.4083882,Nein,Karneid,lcmt-nabi-pctmp_ead_wehr_11106-B_pctmp.jpg,,1909-09,,Schweizerische Nationalbibliothek,Arthur Wehrli (1876-1915),https://commons.wikimedia.org/entity/M144600388,"Italia, Karneid, Schloss Karneid, Gesamtaussenansicht",Blick auf das Schloss Karneid,1909,Arthur Wehrli,,Italy,Trentino-Alto Adige,Karneid,46.4895479,11.397866,4,False,1,0.81,https://www.openstreetmap.org/?mlat=46.4895479&mlon=11.397866&zoom=14
"Italia, Meran, Landschaft",Blick von der Gilfpromenade in das Val Passiria,46.6713536,11.1646348,Nein,Meran,lcmt-nabi-pctmp_ead_wehr_11107-B_pctmp.jpg,,1909-09,,Schweizerische Nationalbibliothek,Arthur Wehrli (1876-1915),https://commons.wikimedia.org/entity/M144600620,"Italia, Meran, Landschaft",Blick von der Gilfpromenade in das Val Passiria,1909,Arthur Wehrli,,Italy,Trentino-Alto Adige,Meran,46.66817,11.15953,3,True,0,0.53,https://www.openstreetmap.org/?mlat=46.66817&mlon=11.15953&zoom=14
"Italia, Bolzano, Duomo di Santa Maria Assunta, Gesamtaussenansicht",Ansicht des Doms Maria Himmelfahrt in Bozen,46.6559455,11.2302129,Nein,Bozen,lcmt-nabi-pctmp_ead_wehr_11108-B_pctmp.jpg,,1909-08,,Schweizerische Nationalbibliothek,Arthur Wehrli (1876-1915),https://commons.wikimedia.org/entity/M144600827,Duomo di Santa Maria Assunta,Ansicht des Doms Maria Himmelfahrt in Bozen,1909,Arthur Wehrli,,Italy,Trentino-Alto Adige,Bozen,46.4975276,11.3539721,4,False,1,19.99,https://www.openstreetmap.org/?mlat=46.4975276&mlon=11.3539721&zoom=14
"Italia, Renon, Castel Novale, Teilaussenansicht","Ansicht des Schloss Ried, im Hintergrund Schloss Runkelstein",46.5629355,11.441435,Nein,Ritten,lcmt-nabi-pctmp_ead_wehr_11109-B_pctmp.jpg,,1909-08,,Schweizerische Nationalbibliothek,Arthur Wehrli (1876-1915),https://commons.wikimedia.org/entity/M144601024,"Italia, Renon, Castel Novale, Teilaussenansicht","Ansicht des Schloss Ried, im Hintergrund Schloss Runkelstein",1909,Arthur Wehrli,,Italy,Trentino-Alto Adige,Ritten,46.5205538,11.3612984,4,False,1,7.73,https://www.openstreetmap.org/?mlat=46.5205538&mlon=11.3612984&zoom=14
"Italia, Südtirol, Welschnofen, Ortsteilansicht","Blick auf das Dorf Welschnofen im Eggental, im Hintergrund der Latemar",46.4302623,11.5389153,Nein,Welschnofen,lcmt-nabi-pctmp_ead_wehr_11111-B_pctmp.jpg,,1910-09,,Schweizerische Nationalbibliothek,Arthur Wehrli (1876-1915),https://commons.wikimedia.org/entity/M144601267,"Italia, Südtirol, Welschnofen, Ortsteilansicht","Blick auf das Dorf Welschnofen im Eggental, im Hintergrund der Latemar",1910,Arthur Wehrli,,Italy,Trentino-Alto Adige,Welschnofen,46.42899,11.53942,3,True,0,0.15,https://www.openstreetmap.org/?mlat=46.42899&mlon=11.53942&zoom=14
"Italia, Südtirol, Welschnofen, Ortsteilansicht",Blick auf das Dorf Welschnofen im Eggental,46.4302623,11.5389153,Nein,Welschnofen,lcmt-nabi-pctmp_ead_wehr_11112-B_pctmp.jpg,,1910-09,,Schweizerische Nationalbibliothek,Arthur Wehrli (1876-1915),https://commons.wikimedia.org/entity/M144601455,"Italia, Südtirol, Welschnofen, Ortsteilansicht",Blick auf das Dorf Welschnofen im Eggental,1910,Arthur Wehrli,,Italy,Trentino-Alto Adige,Welschnofen,46.42899,11.53942,3,True,0,0.15,https://www.openstreetmap.org/?mlat=46.42899&mlon=11.53942&zoom=14
"Italia, Südtirol, Welschnofen, Ortsteilansicht","Ansicht einer Kapelle bei Welschnofen im Eggental, im Hintergrund der Latemar",46.4302623,11.5389153,Nein,Welschnofen,lcmt-nabi-pctmp_ead_wehr_11113-B_pctmp.jpg,,1910-09,,Schweizerische Nationalbibliothek,Arthur Wehrli (1876-1915),https://commons.wikimedia.org/entity/M144601640,"Italia, Südtirol, Welschnofen, Ortsteilansicht","Ansicht einer Kapelle bei Welschnofen im Eggental, im Hintergrund der Latemar",1910,Arthur Wehrli,,Italy,Trentino-Alto Adige,Welschnofen,46.4191266,11.5693844,4,False,1,2.64,https://www.openstreetmap.org/?mlat=46.4191266&mlon=11.5693844&zoom=14
"Italia, Südtirol, Karersee, Landschaft",Blick vom Karersee auf das gegenüberliegende Ufer gegen die Latemargruppe,46.4103393,11.5867825,Nein,Karersee,lcmt-nabi-pctmp_ead_wehr_11114-B_pctmp.jpg,,1909-09,,Schweizerische Nationalbibliothek,Arthur Wehrli (1876-1915),https://commons.wikimedia.org/entity/M144601766,"Italia, Südtirol, Karersee, Landschaft",Blick vom Karersee auf das gegenüberliegende Ufer gegen die Latemargruppe,1909,Arthur Wehrli,,Italy,Trentino-Alto Adige,Karersee,46.40934,11.57515,5,False,0,0.9,https://www.openstreetmap.org/?mlat=46.40934&mlon=11.57515&zoom=14
"Italia, Karerpass, Landschaft",Berglandschaft am Karerpass mit Blick auf die Rotwand,46.4042798,11.6089903,Nein,Karerpass,lcmt-nabi-pctmp_ead_wehr_11115-B_pctmp.jpg,,1909-09,,Schweizerische Nationalbibliothek,Arthur Wehrli (1876-1915),https://commons.wikimedia.org/entity/M144601875,"Italia, Karerpass, Landschaft",Berglandschaft am Karerpass mit Blick auf die Rotwand,1909,Arthur Wehrli,,Italy,Trentino-Alto Adige,Karerpass,46.40648,11.60367,5,False,0,0.48,https://www.openstreetmap.org/?mlat=46.40648&mlon=11.60367&zoom=14
"Italia, Karerpass, Landschaft","Blick auf einen Fluss unterhalb des Nigerwegs, im Hintergrund die Latemarspitzen",46.4042798,11.6089903,Nein,Karerpass,lcmt-nabi-pctmp_ead_wehr_11116-B_pctmp.jpg,,1909-09,,Schweizerische Nationalbibliothek,Arthur Wehrli (1876-1915),https://commons.wikimedia.org/entity/M144601998,"Italia, Karerpass, Landschaft","Blick auf einen Fluss unterhalb des Nigerwegs, im Hintergrund die Latemarspitzen",1909,Arthur Wehrli,,Italy,Trentino-Alto Adige,Karerpass,46.40648,11.60367,5,False,0,0.48,https://www.openstreetmap.org/?mlat=46.40648&mlon=11.60367&zoom=14
"Italia, Passo Delle Coronelle, Landschaft",Berglandschaft am Passo Delle Coronelle in den Südtiroler Dolomiten mit Tscheiner Spitze und Rotwand,,,Nein,"Italien, [Lokalisierung unsicher]",lcmt-nabi-pctmp_ead_wehr_11117-B_pctmp.jpg,,1909-08,,Schweizerische Nationalbibliothek,Arthur Wehrli (1876-1915),https://commons.wikimedia.org/entity/M144602113,"Italia, Passo Delle Coronelle, Landschaft",Berglandschaft am Passo Delle Coronelle in den Südtiroler Dolomiten mit Tscheiner Spitze und Rotwand,1909,Arthur Wehrli,,Italy,Trentino-Alto Adige,"Italien, [Lokalisierung unsicher]",,,0,False,0,,
"Italia, Gruppo del Catinaccio, Landschaft",Ansicht der Westwand des Rosengartenmassivs,46.4668929,11.6370917,Nein,Gruppo del Catinaccio,lcmt-nabi-pctmp_ead_wehr_11118-B_pctmp.jpg,,1909-09,,Schweizerische Nationalbibliothek,Arthur Wehrli (1876-1915),https://commons.wikimedia.org/entity/M144602216,"Italia, Gruppo del Catinaccio, Landschaft",Ansicht der Westwand des Rosengartenmassivs,1909,Arthur Wehrli,,Italy,Trentino-Alto Adige,Gruppo del Catinaccio,46.4493065,11.5727971,2,True,1,5.3,https://www.openstreetmap.org/?mlat=46.4493065&mlon=11.5727971&zoom=14
"Italia, Catinaccio, Rifugio Vajolet, Gesamtaussenansicht",Rosengartengruppe. Blick auf die Vajolethütte mit dem Torre Winkler und Torre Nord (deutsch: Winklerturm und Nordturm) im Hintergrund,46.4668929,11.6370917,Nein,Gruppo del Catinaccio,lcmt-nabi-pctmp_ead_wehr_11119-B_pctmp.jpg,,1909,,Schweizerische Nationalbibliothek,Arthur Wehrli (1876-1915),https://commons.wikimedia.org/entity/M144602332,"Italia, Catinaccio, Rifugio Vajolet, Gesamtaussenansicht",Rosengartengruppe. Blick auf die Vajolethütte mit dem Torre Winkler und Torre Nord (deutsch: Winklerturm und Nordturm) im Hintergrund,1909,Arthur Wehrli,,Italy,Trentino-Alto Adige,Gruppo del Catinaccio,46.4586001,11.6327551,4,False,1,0.98,https://www.openstreetmap.org/?mlat=46.4586001&mlon=11.6327551&zoom=14
"Italia, Catinaccio, Rifugio Vajolet, Gesamtaussenansicht",Rosengartengruppe. Blick auf die Vajolethütte mit dem Kesselkogel im Hintergrund,46.4668929,11.6370917,Nein,Gruppo del Catinaccio,lcmt-nabi-pctmp_ead_wehr_11120-B_pctmp.jpg,,1909,,Schweizerische Nationalbibliothek,Arthur Wehrli (1876-1915),https://commons.wikimedia.org/entity/M144602457,"Italia, Catinaccio, Rifugio Vajolet, Gesamtaussenansicht",Rosengartengruppe. Blick auf die Vajolethütte mit dem Kesselkogel im Hintergrund,1909,Arthur Wehrli,,Italy,Trentino-Alto Adige,Gruppo del Catinaccio,46.4586001,11.6327551,4,False,1,0.98,https://www.openstreetmap.org/?mlat=46.4586001&mlon=11.6327551&zoom=14
"Italia, Torri del Vajolet, Landschaft",Blick auf die Torri del Vajolet (deutsch: Vajolet-Türme) vom Gartl aus,,,Nein,"Italien, [Lokalisierung unsicher]",lcmt-nabi-pctmp_ead_wehr_11122-B_pctmp.jpg,,1909-09,,Schweizerische Nationalbibliothek,Arthur Wehrli (1876-1915),https://commons.wikimedia.org/entity/M144602593,"Italia, Torri del Vajolet, Landschaft",Blick auf die Torri del Vajolet (deutsch: Vajolet-Türme) vom Gartl aus,1909:09,Arthur Wehrli (1876-1915),,Italy,Trentino-Alto Adige,"Italien, [Lokalisierung unsicher]",,,0,False,0,,
"Italia, Torri del Vajolet, Landschaft",Blick auf die Torri del Vajolet (deutsh: Vajolet-Türme) vom Gartl aus,,,Nein,"Italien, [Lokalisierung unsicher]",lcmt-nabi-pctmp_ead_wehr_11123-B_pctmp.jpg,,1909-09,,Schweizerische Nationalbibliothek,Arthur Wehrli (1876-1915),https://commons.wikimedia.org/entity/M144602809,"Italia, Torri del Vajolet, Landschaft",Blick auf die Torri del Vajolet (deutsh: Vajolet-Türme) vom Gartl aus,1909:09,Arthur Wehrli (1876-1915),,Italy,Trentino-Alto Adige,"Italien, [Lokalisierung unsicher]",,,0,False,0,,
"Italia, Torri del Vajolet, Landschaft",Blick auf die südlichen Torri del Vajolet (deutsch: Vajolet-Türme) vom Gartl aus,,,Nein,Vajolett-Türme,lcmt-nabi-pctmp_ead_wehr_11124-B_pctmp.jpg,,1909-09,,Schweizerische Nationalbibliothek,Arthur Wehrli (1876-1915),https://commons.wikimedia.org/entity/M144603018,"Italia, Torri del Vajolet, Landschaft",Blick auf die südlichen Torri del Vajolet (deutsch: Vajolet-Türme) vom Gartl aus,1909:09,Arthur Wehrli (1876-1915),,Italy,Trentino-Alto Adige,Vajolett-Türme,46.4611593,11.6259047,4,False,1,,https://www.openstreetmap.org/?mlat=46.4611593&mlon=11.6259047&zoom=14
"Italia, Torri del Vajolet, Landschaft",Blick auf die südlichen Torri del Vajolet (deutsch: Vajolet-Türme) mit dem Piazturm davor,,,Nein,Vajolett-Türme,lcmt-nabi-pctmp_ead_wehr_11125-B_pctmp.jpg,,1909-09,,Schweizerische Nationalbibliothek,Arthur Wehrli (1876-1915),https://commons.wikimedia.org/entity/M144603229,"Italia, Torri del Vajolet, Landschaft",Blick auf die südlichen Torri del Vajolet (deutsch: Vajolet-Türme) mit dem Piazturm davor,1909:09,Arthur Wehrli (1876-1915),,Italy,Trentino-Alto Adige,Vajolett-Türme,46.4611593,11.6259047,4,False,1,,https://www.openstreetmap.org/?mlat=46.4611593&mlon=11.6259047&zoom=14
"Italia, Torri del Vajolet, Landschaft","Blick auf die Torri del Vajolet (deutsch: Vajolet-Türme), auf den Torre Piaz, Torre Delago, Torre Stabeler und Torre Winkler (deutsch: Piazturm, Delagoturm, Stabelerturm und Winklerturm)",,,Nein,Vajolett-Türme,lcmt-nabi-pctmp_ead_wehr_11126-B_pctmp.jpg,,1909-09,,Schweizerische Nationalbibliothek,Arthur Wehrli (1876-1915),https://commons.wikimedia.org/entity/M144603461,"Italia, Torri del Vajolet, Landschaft","Blick auf die Torri del Vajolet (deutsch: Vajolet-Türme), auf den Torre Piaz, Torre Delago, Torre Stabeler und Torre Winkler (deutsch: Piazturm, Delagoturm, Stabelerturm und Winklerturm)",1909:09,Arthur Wehrli (1876-1915),,Italy,Trentino-Alto Adige,Vajolett-Türme,46.4611593,11.6259047,4,False,1,,https://www.openstreetmap.org/?mlat=46.4611593&mlon=11.6259047&zoom=14
"Italia, Rosengartenspitze, Landschaft",Blick auf den Cima Catinaccio (deutsch: Rosengartenspitze) mit Anstiegsroute vom Gartl aus gesehen,46.4541483,11.6216187,Nein,Rosengartenspitze,lcmt-nabi-pctmp_ead_wehr_11127-B_pctmp.jpg,,1909-09,,Schweizerische Nationalbibliothek,Arthur Wehrli (1876-1915),https://commons.wikimedia.org/entity/M144603748,"Italia, Rosengartenspitze, Landschaft",Blick auf den Cima Catinaccio (deutsch: Rosengartenspitze) mit Anstiegsroute vom Gartl aus gesehen,1909:09,Arthur Wehrli (1876-1915),,Italy,Trentino-Alto Adige,Rosengartenspitze,46.45415,11.62162,5,False,0,0.0,https://www.openstreetmap.org/?mlat=46.45415&mlon=11.62162&zoom=14
"Italia, Rosengartenspitze, Landschaft",Blick auf den Cima Catinaccio (deutsch: Rosengartenspitze) und die Torri del Vajolet (deutsch: Vajolet-Türme) vom Antermojapass aus gesehen,46.4541483,11.6216187,Nein,Rosengartenspitze,lcmt-nabi-pctmp_ead_wehr_11128-B_pctmp.jpg,,1909-09,,Schweizerische Nationalbibliothek,Arthur Wehrli (1876-1915),https://commons.wikimedia.org/entity/M144603914,"Italia, Rosengartenspitze, Landschaft",Blick auf den Cima Catinaccio (deutsch: Rosengartenspitze) und die Torri del Vajolet (deutsch: Vajolet-Türme) vom Antermojapass aus gesehen,1909:09,Arthur Wehrli (1876-1915),,Italy,Trentino-Alto Adige,Rosengartenspitze,46.45415,11.62162,5,False,0,0.0,https://www.openstreetmap.org/?mlat=46.45415&mlon=11.62162&zoom=14
"Italia, Südtirol, Kesselkogel, Panorama, Bergsteigen","Bergsteiger auf dem Gipfelgrat des Kesselkogels, Blick gegen die Marmolata",46.4740893,11.6438283,Nein,Kesselkogel,lcmt-nabi-pctmp_ead_wehr_11129-B_pctmp.jpg,,1909-09,,Schweizerische Nationalbibliothek,Arthur Wehrli (1876-1915),https://commons.wikimedia.org/entity/M144604044,"Italia, Südtirol, Kesselkogel, Panorama","Bergsteiger auf dem Gipfelgrat des Kesselkogels, Blick gegen die Marmolata",1909:09,Arthur Wehrli (1876-1915),,Italy,Trentino-Alto Adige,Kesselkogel,46.4740893,11.6438283,4,False,1,0.0,https://www.openstreetmap.org/?mlat=46.4740893&mlon=11.6438283&zoom=14
"Italia, Rosengartengruppe, Landschaft",Bergsteiger beim gespreizten Mandl in der Rosengartengruppe,46.4493065,11.5727971,Nein,Rosengartengruppe,lcmt-nabi-pctmp_ead_wehr_11130-B_pctmp.jpg,,1909-09,,Schweizerische Nationalbibliothek,Arthur Wehrli (1876-1915),https://commons.wikimedia.org/entity/M144604185,"Italia, Rosengartengruppe, Landschaft",Bergsteiger beim gespreizten Mandl in der Rosengartengruppe,1909:09,Arthur Wehrli (1876-1915),,Italy,Trentino-Alto Adige,Rosengartengruppe,46.4493065,11.5727971,4,False,1,0.0,https://www.openstreetmap.org/?mlat=46.4493065&mlon=11.5727971&zoom=14
"Italia, Südtirol, Grasleitenpass, Panorama",Blick vom Grasleitenpass auf die Grasleitenspitzen und den Molignonpass,46.4742503,11.6391598,Nein,Grasleitenpass,lcmt-nabi-pctmp_ead_wehr_11131-B_pctmp.jpg,,1909-09,,Schweizerische Nationalbibliothek,Arthur Wehrli (1876-1915),https://commons.wikimedia.org/entity/M144604309,"Italia, Südtirol, Grasleitenpass, Panorama",Blick vom Grasleitenpass auf die Grasleitenspitzen und den Molignonpass,1909:09,Arthur Wehrli (1876-1915),,Italy,Trentino-Alto Adige,Grasleitenpass,46.4742503,11.6391598,4,False,1,0.0,https://www.openstreetmap.org/?mlat=46.4742503&mlon=11.6391598&zoom=14
"Italia, Rosengartenspitze, Landschaft",Blick auf den Cima Catinaccio (deutsch: Rosengartenspitze) von der Coronelle aus gesehen,46.4541483,11.6216187,Nein,Rosengartenspitze,lcmt-nabi-pctmp_ead_wehr_11132-B_pctmp.jpg,,1909-09,,Schweizerische Nationalbibliothek,Arthur Wehrli (1876-1915),https://commons.wikimedia.org/entity/M144604449,"Italia, Rosengartenspitze, Landschaft",Blick auf den Cima Catinaccio (deutsch: Rosengartenspitze) von der Coronelle aus gesehen,1909:09,Arthur Wehrli (1876-1915),,Italy,Trentino-Alto Adige,Rosengartenspitze,46.45415,11.62162,5,False,0,0.0,https://www.openstreetmap.org/?mlat=46.45415&mlon=11.62162&zoom=14
"Italia, Südtirol, Kesselkogel, Panorama",Blick auf den Cima Catinaccio (deutsch: Rosengartenspitze) vom Kesselkogel aus,,,Nein,"Italien, [Lokalisierung unsicher]",lcmt-nabi-pctmp_ead_wehr_11133-B_pctmp.jpg,,1909,,Schweizerische Nationalbibliothek,Arthur Wehrli (1876-1915),https://commons.wikimedia.org/entity/M144604602,"Italia, Südtirol, Kesselkogel, Panorama",Blick auf den Cima Catinaccio (deutsch: Rosengartenspitze) vom Kesselkogel aus,1909,Arthur Wehrli (1876-1915),,Italy,Trentino-Alto Adige,"Italien, [Lokalisierung unsicher]",,,0,False,0,,
"Italia, Südtirol, Landschaft",Weidende Schafe in Südtirol,,,Nein,"Italien, [Lokalisierung unsicher]",lcmt-nabi-pctmp_ead_wehr_11134-B_pctmp.jpg,,circa 1909,,Schweizerische Nationalbibliothek,Arthur Wehrli (1876-1915),https://commons.wikimedia.org/entity/M144604713,"Italia, Südtirol, Landschaft",Weidende Schafe in Südtirol,1909,Arthur Wehrli (1876-1915),,Italy,Trentino-Alto Adige,"Italien, [Lokalisierung unsicher]",,,0,False,0,,
"Italia, Ortler, Düsseldorfer Hütte, Landschaft",Ansicht der Düsseldorfer Hütte (auch:Zaytalhütte) gegen die Königsspitze,46.5090956,10.5449304,Nein,Ortler,lcmt-nabi-pctmp_ead_wehr_11135-B_pctmp.jpg,,1909-09,,Schweizerische Nationalbibliothek,M. Broeske,https://commons.wikimedia.org/entity/M144604818,"Italia, Ortler, Düsseldorfer Hütte, Landschaft",Ansicht der Düsseldorfer Hütte (auch:Zaytalhütte) gegen die Königsspitze,1909:09,M. Broeske,,Italy,Trentino-Alto Adige,Ortler,46.5280558,10.5904639,4,False,1,4.07,https://www.openstreetmap.org/?mlat=46.5280558&mlon=10.5904639&zoom=14
"Italia, Torri del Vajolet, Landschaft",Blick auf den Torre Stabeler und den Torre Winkler (deutsch: Stabelerturm und Winklerturm) der Torri del Vajolet (deutsch: Vajolet-Türme) vom Torre Nord (deutsch: Nordturm) aus gesehen,46.4611593,11.6259047,Nein,Vajolet-Türme,lcmt-nabi-pctmp_ead_wehr_11136-B_pctmp.jpg,,1909-09,,Schweizerische Nationalbibliothek,M. Broeske,https://commons.wikimedia.org/entity/M144604934,"Italia, Torri del Vajolet, Landschaft",Blick auf den Torre Stabeler und den Torre Winkler (deutsch: Stabelerturm und Winklerturm) der Torri del Vajolet (deutsch: Vajolet-Türme) vom Torre Nord (deutsch: Nordturm) aus gesehen,1909:09,M. Broeske,,Italy,Trentino-Alto Adige,Vajolet-Türme,46.4611593,11.6259047,4,False,1,0.0,https://www.openstreetmap.org/?mlat=46.4611593&mlon=11.6259047&zoom=14
"Italia, Guglia Edmondo de Amicis, Landschaft",Blick auf den Guglia Edmondo de Amicis,46.5785263,12.252033,Nein,Misurina,lcmt-nabi-pctmp_ead_wehr_11137-B_pctmp.jpg,,circa 1909-09,,Schweizerische Nationalbibliothek,M. Broeske,https://commons.wikimedia.org/entity/M144605070,"Italia, Guglia Edmondo de Amicis, Landschaft",Blick auf den Guglia Edmondo de Amicis,1909:09,M. Broeske,,Italy,Veneto,Misurina,46.5816825,12.2412452,4,False,1,0.9,https://www.openstreetmap.org/?mlat=46.5816825&mlon=12.2412452&zoom=14
"Italia, Guglia Edmondo de Amicis, Landschaft","Blick auf den Guglia Edmondo de Amicis, eine Person an einem Seil hängend",46.5785263,12.252033,Nein,Misurina,lcmt-nabi-pctmp_ead_wehr_11138-B_pctmp.jpg,,circa 1909-09,,Schweizerische Nationalbibliothek,M. Broeske,https://commons.wikimedia.org/entity/M144605248,"Italia, Guglia Edmondo de Amicis, Landschaft","Blick auf den Guglia Edmondo de Amicis, eine Person an einem Seil hängend",1909:09,M. Broeske,,Italy,Veneto,Misurina,46.5816825,12.2412452,4,False,1,0.9,https://www.openstreetmap.org/?mlat=46.5816825&mlon=12.2412452&zoom=14
"Bern, Weltpostdenkmal, Teilansicht",Teilansicht des Weltpostdenkmals mit Weltpost-Allegorie,46.9484742,7.4521749,Nein,Bern,lcmt-nabi-pctmp_ead_wehr_11150-B_pctmp.jpg,Bern,1909-10,,Schweizerische Nationalbibliothek,Arthur Wehrli (1876-1915),https://commons.wikimedia.org/entity/M144605448,"Bern, Weltpostdenkmal, Teilansicht",Teilansicht des Weltpostdenkmals mit Weltpost-Allegorie,1909:10,Arthur Wehrli (1876-1915),,Switzerland,Canton de Berne,Bern,46.9459135,7.4402513,4,False,1,0.95,https://www.openstreetmap.org/?mlat=46.9459135&mlon=7.4402513&zoom=14
"Davos Platz, Ortsteilansicht","Blick auf Davos Platz vom Schatzalpweg aus, im Hintergrund Berglandschaft",46.7917679,9.8210273,Nein,Davos Platz,lcmt-nabi-pctmp_ead_wehr_11179-B_pctmp.jpg,Graubünden,1909-10,,Schweizerische Nationalbibliothek,Arthur Wehrli (1876-1915),https://commons.wikimedia.org/entity/M144609704,"Davos Platz, Ortsteilansicht","Blick auf Davos Platz vom Schatzalpweg aus, im Hintergrund Berglandschaft",1909:10,Arthur Wehrli (1876-1915),,Switzerland,Kanton Graubünden,Davos,46.80429,9.83723,3,True,0,1.86,https://www.openstreetmap.org/?mlat=46.80429&mlon=9.83723&zoom=14
"SAC-Hütte, Innenansicht [Lokalisierung unsicher]",Innenansicht einer Clubhütte des Schweizer Alpen-Clubs,46.7985624,8.2319736,Nein,Schweiz,lcmt-nabi-pctmp_ead_wehr_1120-B_pctmp.jpg,,circa 1905,,Schweizerische Nationalbibliothek,Hans Brun,https://commons.wikimedia.org/entity/M143827046,"SAC-Hütte, Innenansicht",Innenansicht einer Clubhütte des Schweizer Alpen-Clubs,1905,Hans Brun,,Switzerland,,Schweiz,,,0,False,0,,
"Bärglistock, Panorama",Blick vom Bärglistock auf Wetterhorn und Mättenberg,46.614996,8.1407328,Nein,Bärglistock,lcmt-nabi-pctmp_ead_wehr_1121-B_pctmp.jpg,Bern,circa 1905,,Schweizerische Nationalbibliothek,Hans Brun,https://commons.wikimedia.org/entity/M143815410,"Bärglistock, Panorama",Blick vom Bärglistock auf Wetterhorn und Mättenberg,1905,Hans Brun,,Switzerland,Canton de Berne,Bärglistock,46.61499,8.14073,5,False,0,0.0,https://www.openstreetmap.org/?mlat=46.61499&mlon=8.14073&zoom=14
"Zürich, Uetliberg, Landschaft",Verschneiter Weg auf dem Uetliberg,47.3518692,8.4874187,Nein,Uetliberg,lcmt-nabi-pctmp_ead_wehr_11245-B_pctmp.jpg,,1909,,Schweizerische Nationalbibliothek,Bruno Wehrli,https://commons.wikimedia.org/entity/M144611144,"Zürich, Uetliberg, Landschaft",Verschneiter Weg auf dem Uetliberg,1909,Bruno Wehrli,,Switzerland,Kanton Zürich,Uetliberg,47.34946,8.49197,5,False,0,0.44,https://www.openstreetmap.org/?mlat=47.34946&mlon=8.49197&zoom=14
"Uetliberg, Dürlerstein, Gesamtansicht","Zürich, Uetliberg. Ansicht des Dürlersteins im Winter",47.3518692,8.4874187,Nein,Uetliberg,lcmt-nabi-pctmp_ead_wehr_11246-B_pctmp.jpg,,1909,,Schweizerische Nationalbibliothek,Bruno Wehrli,https://commons.wikimedia.org/entity/M144611231,"Uetliberg, Dürlerstein, Gesamtansicht","Zürich, Uetliberg. Ansicht des Dürlersteins im Winter",1909,Bruno Wehrli,,Switzerland,Kanton Zürich,Uetliberg,47.34966,8.4911,3,True,0,0.37,https://www.openstreetmap.org/?mlat=47.34966&mlon=8.4911&zoom=14
"Uetliberg, Annaburg, Teilaussenansicht","Zürich, Uetliberg. Das von schneebedeckten Bäumen verdeckte Restaurant Annaburg",47.3518692,8.4874187,Nein,Uetliberg,lcmt-nabi-pctmp_ead_wehr_11247-B_pctmp.jpg,,1909,,Schweizerische Nationalbibliothek,Bruno Wehrli,https://commons.wikimedia.org/entity/M144611312,"Uetliberg, Annaburg, Teilaussenansicht","Zürich, Uetliberg. Das von schneebedeckten Bäumen verdeckte Restaurant Annaburg",1909,Bruno Wehrli,,Switzerland,Kanton Zürich,Uetliberg,47.3453658,8.4975868,4,False,1,1.05,https://www.openstreetmap.org/?mlat=47.3453658&mlon=8.4975868&zoom=14
"Davos, Ortsteilansicht",Davos gegen den Rhätikon,46.796198,9.8236892,Nein,Davos,lcmt-nabi-pctmp_ead_wehr_11248-B_pctmp.jpg,Graubünden,1909-12,,Schweizerische Nationalbibliothek,Arthur Wehrli (1876-1915),https://commons.wikimedia.org/entity/M144611403,"Davos, Ortsteilansicht",Davos gegen den Rhätikon,1909-1912,Arthur Wehrli,,Switzerland,Kanton Graubünden,Davos,46.80429,9.83723,3,True,0,1.37,https://www.openstreetmap.org/?mlat=46.80429&mlon=9.83723&zoom=14
"Davos, Eisbahn, Teilansicht",Ansicht der Davoser Eisbahn mit Schlittschuhläufern,46.796198,9.8236892,Nein,Davos,lcmt-nabi-pctmp_ead_wehr_11255-B_pctmp.jpg,Graubünden,1909,,Schweizerische Nationalbibliothek,Artur Wehrli (1876-1915),https://commons.wikimedia.org/entity/M144611993,"Davos, Eisbahn, Teilansicht",Ansicht der Davoser Eisbahn mit Schlittschuhläufern,1909,Artur Wehrli,,Switzerland,Kanton Graubünden,Davos,46.7975808,9.8247582,4,False,1,0.17,https://www.openstreetmap.org/?mlat=46.7975808&mlon=9.8247582&zoom=14
"Rottalgletscher, Landschaft","Blick auf einen Teil des Rottalgletschers, im Hintergrund das Breithorn und das Grosshorn",46.519779,7.9526886,Nein,Rottalgletscher,lcmt-nabi-pctmp_ead_wehr_1129-B_pctmp.jpg,Bern,circa 1905,,Schweizerische Nationalbibliothek,Hans Brun,https://commons.wikimedia.org/entity/M143827492,"Rottalgletscher, Landschaft","Blick auf einen Teil des Rottalgletschers, im Hintergrund das Breithorn und das Grosshorn",1905,Hans Brun,,Switzerland,Canton de Berne,Rottalgletscher,46.52038,7.95232,5,False,0,0.07,https://www.openstreetmap.org/?mlat=46.52038&mlon=7.95232&zoom=14
"Kilchberg, Ortsteilansicht",Schülerinnen und Schüler schlitteln auf der verschneiten Strasse,47.3225316,8.5459483,Nein,Kilchberg,lcmt-nabi-pctmp_ead_wehr_11294b-B_pctmp.jpg,,circa 1909,,Schweizerische Nationalbibliothek,unknown photographer,https://commons.wikimedia.org/entity/M144615721,"Kilchberg, Ortsteilansicht",Schülerinnen und Schüler schlitteln auf der verschneiten Strasse,1909,,,Switzerland,Kanton Zürich,Kilchberg,47.32438,8.54548,3,True,0,0.21,https://www.openstreetmap.org/?mlat=47.32438&mlon=8.54548&zoom=14
"Kilchberg, Ortsteilansicht",Blick auf das verschneite Tiergartenquartier in Kilchberg,47.3225316,8.5459483,Nein,Kilchberg,lcmt-nabi-pctmp_ead_wehr_11295-B_pctmp.jpg,,circa 1909,,Schweizerische Nationalbibliothek,unknown photographer,https://commons.wikimedia.org/entity/M144615835,"Kilchberg, Ortsteilansicht",Blick auf das verschneite Tiergartenquartier in Kilchberg,1909,,,Switzerland,Kanton Zürich,Kilchberg,47.32438,8.54548,3,True,0,0.21,https://www.openstreetmap.org/?mlat=47.32438&mlon=8.54548&zoom=14
"Kilchberg, reformierte Kirche, Teilaussenansicht",Blick auf die reformierte Kirche im Winter,47.3225316,8.5459483,Nein,Kilchberg,lcmt-nabi-pctmp_ead_wehr_11296-B_pctmp.jpg,,circa 1909,,Schweizerische Nationalbibliothek,unknown photographer,https://commons.wikimedia.org/entity/M144615918,"Kilchberg, reformierte Kirche, Teilaussenansicht",Blick auf die reformierte Kirche im Winter,1909,,,Switzerland,Kanton Zürich,Kilchberg,47.3171409,8.541747,4,False,1,0.68,https://www.openstreetmap.org/?mlat=47.3171409&mlon=8.541747&zoom=14
"Kilchberg, reformierte Kirche, Teilaussenansicht",Blick auf die reformierte Kirche im Winter,47.3225316,8.5459483,Nein,Kilchberg,lcmt-nabi-pctmp_ead_wehr_11297-B_pctmp.jpg,,circa 1909,,Schweizerische Nationalbibliothek,unknown photographer,https://commons.wikimedia.org/entity/M144616039,"Kilchberg, reformierte Kirche, Teilaussenansicht",Blick auf die reformierte Kirche im Winter,1909,,,Switzerland,Kanton Zürich,Kilchberg,47.3171409,8.541747,4,False,1,0.68,https://www.openstreetmap.org/?mlat=47.3171409&mlon=8.541747&zoom=14
"Einsiedeln, Kloster u. Kirche, Hauptfront/1909, Teilaussenansicht",Hauptfront des Klosters Einsiedeln im Winter,47.1286095,8.7500299,Nein,Einsiedeln,lcmt-nabi-pctmp_ead_wehr_11298-B_pctmp.jpg,Schwyz,1910,,Schweizerische Nationalbibliothek,Bruno Wehrli,https://commons.wikimedia.org/entity/M144616145,"Einsiedeln, Kloster u. Kirche, Hauptfront/1909",Hauptfront des Klosters Einsiedeln im Winter,1910,Bruno Wehrli,,Switzerland,Kanton Schwyz,Einsiedeln,47.12693,8.75345,5,False,0,0.32,https://www.openstreetmap.org/?mlat=47.12693&mlon=8.75345&zoom=14
"Rottalgletscher, Landschaft","Alte und neue Rottalhütte (früher: Rotthalhütte) am Rottalgletscher mit Louwitor (früher: Breitlauithor), in der Bildmitte ein Bergsteiger",46.519779,7.9526886,Nein,Rottalgletscher,lcmt-nabi-pctmp_ead_wehr_1130-B_pctmp.jpg,Bern,circa 1905,,Schweizerische Nationalbibliothek,Hans Brun,https://commons.wikimedia.org/entity/M143828452,"Rottalgletscher, Landschaft","Alte und neue Rottalhütte (früher: Rotthalhütte) am Rottalgletscher mit Louwitor (früher: Breitlauithor), in der Bildmitte ein Bergsteiger",1905,Hans Brun,,Switzerland,Canton de Berne,Rottalgletscher,46.5261917,7.9451806,4,False,1,0.92,https://www.openstreetmap.org/?mlat=46.5261917&mlon=7.9451806&zoom=14
"Bristen, Panorama","Panorama vom Bristen, Blick auf Titlis, Spannörter, Krönte und Schlossberg",46.7369009,8.6813258,Nein,Bristen,lcmt-nabi-pctmp_ead_wehr_1140-B_pctmp.jpg,Uri,circa 1905,,Schweizerische Nationalbibliothek,Hans Brun,https://commons.wikimedia.org/entity/M143829415,"Bristen, Panorama","Panorama vom Bristen, Blick auf Titlis, Spannörter, Krönte und Schlossberg",1905,Hans Brun,,Switzerland,Kanton Uri,Bristen,46.76911,8.69026,3,True,0,3.65,https://www.openstreetmap.org/?mlat=46.76911&mlon=8.69026&zoom=14
"Altdorf, Telldenkmal und Türmlihaus, Gesamtansicht",Türmli mit Telldenkmal,46.8820732,8.6413922,Nein,Altdorf UR,lcmt-nabi-pctmp_ead_wehr_11470-B_pctmp.jpg,Uri,1909,,Schweizerische Nationalbibliothek,Jean Gaberell,https://commons.wikimedia.org/entity/M144628665,"Altdorf, Telldenkmal und Türmlihaus",Türmli mit Telldenkmal,1909,Jean Gaberell,,Switzerland,Kanton Uri,Altdorf,46.8817746,8.6439554,4,False,1,0.2,https://www.openstreetmap.org/?mlat=46.8817746&mlon=8.6439554&zoom=14
"Zug, Burg, Teilaussenansicht","Burg Zug, Aussenansicht",47.1486137,8.5539378,Nein,Zug,lcmt-nabi-pctmp_ead_wehr_11500-B_pctmp.jpg,Zug,circa 1909,,Schweizerische Nationalbibliothek,unknown photographer,https://commons.wikimedia.org/entity/M144629581,"Zug, Burg, Teilaussenansicht","Burg Zug, Aussenansicht",1909,,,Switzerland,Kanton Zug,Zug,47.165153,8.516749,4,False,1,3.36,https://www.openstreetmap.org/?mlat=47.165153&mlon=8.516749&zoom=14
"Luzern, Schweizerhofquai, Teilansicht","Blick auf das Schweizerhofquai und die Uferpromenade, im Hintergrund das Bahnhofsquai und der Pilatus",47.0505452,8.3054682,Nein,Luzern,lcmt-nabi-pctmp_ead_wehr_11600-B_pctmp.jpg,Luzern,circa 1910,,Schweizerische Nationalbibliothek,unknown photographer,https://commons.wikimedia.org/entity/M144634393,"Luzern, Schweizerhofquai, Teilansicht","Blick auf das Schweizerhofquai und die Uferpromenade, im Hintergrund das Bahnhofsquai und der Pilatus",1910,,,Switzerland,Kanton Luzern,Luzern,47.0546644,8.3126114,4,False,1,0.71,https://www.openstreetmap.org/?mlat=47.0546644&mlon=8.3126114&zoom=14
"Meggenhorn, Christus-Statue, Gesamtansicht","Meggenhorn, Christus-Statue auf Felssporn (Bildhauer Josef Vetter) und Boothaus am Seeufer; Ansicht gegen Westen",47.0470746,8.3733992,Nein,Meggen,lcmt-nabi-pctmp_ead_wehr_11733-B_pctmp.jpg,Luzern,1910,,Schweizerische Nationalbibliothek,Harry Wehrli (1869-1906),https://commons.wikimedia.org/entity/M144643703,"Meggenhorn, Christus-Statue, Gesamtansicht","Meggenhorn, Christus-Statue auf Felssporn (Bildhauer Josef Vetter) und Boothaus am Seeufer; Ansicht gegen Westen",1910,Harry Wehrli,,Switzerland,Kanton Luzern,Meggen,47.04691,8.37467,3,True,0,0.1,https://www.openstreetmap.org/?mlat=47.04691&mlon=8.37467&zoom=14
"Brunnen, Ortsteilansicht","Blick auf Brunnen von Treib aus ; im Vodergrund ist der Vierwaldstättersee, ein kleines Ruderboot und ein grosses Boot befinden sich darauf ; im Hintergrund ist der Mythen zu sehen",46.9940439,8.6054085,Nein,Brunnen,lcmt-nabi-pctmp_ead_wehr_11800-B_pctmp.jpg,Schwyz,circa 1910,,Schweizerische Nationalbibliothek,unknown photographer,https://commons.wikimedia.org/entity/M144646711,"Brunnen, Ortsteilansicht","Blick auf Brunnen von Treib aus ; im Vodergrund ist der Vierwaldstättersee, ein kleines Ruderboot und ein grosses Boot befinden sich darauf ; im Hintergrund ist der Mythen zu sehen",1910,,,Switzerland,Kanton Schwyz,Brunnen,46.9936,8.60538,3,True,0,0.05,https://www.openstreetmap.org/?mlat=46.9936&mlon=8.60538&zoom=14
"Küssnacht, Ortsgesamtansicht","Ortsgesamtansicht von Küssnacht, im Hintergrund die Rigi",47.08385,8.4386308,Nein,Küssnacht,lcmt-nabi-pctmp_ead_wehr_11978-B_pctmp.jpg,Schwyz,circa 1910,,Schweizerische Nationalbibliothek,unknown photographer,https://commons.wikimedia.org/entity/M144652564,"Küssnacht, Ortsgesamtansicht","Ortsgesamtansicht von Küssnacht, im Hintergrund die Rigi",1910,,,Switzerland,Kanton Schwyz,Küssnacht,47.08557,8.44206,3,True,0,0.32,https://www.openstreetmap.org/?mlat=47.08557&mlon=8.44206&zoom=14
"Knonaueramt, Frau in Zürcher Tracht, Gesamtansicht",Junge Frau in der Burefeufi-Tracht aus dem Knonaueramt,47.2715496,8.4383531,Nein,Knonaueramt,lcmt-nabi-pctmp_ead_wehr_12-B_pctmp.jpg,Zürich,circa 1905,,Schweizerische Nationalbibliothek,unknown photographer,https://commons.wikimedia.org/entity/M143835433,"Knonaueramt, Frau in Zürcher Tracht",Junge Frau in der Burefeufi-Tracht aus dem Knonaueramt,1905,,,Switzerland,Kanton Zürich,Knonaueramt,47.2697,8.47406,3,True,0,2.7,https://www.openstreetmap.org/?mlat=47.2697&mlon=8.47406&zoom=14
"Trübsee, Trüebsee, Panorama",Ein Mann sitzt am Ufer des Trüebsees mit Blick auf den Jochpass und die Wendenstöcke,46.7937336,8.3908622,Nein,Trübsee,lcmt-nabi-pctmp_ead_wehr_12004-B_pctmp.jpg,Obwalden,circa 1910,,Schweizerische Nationalbibliothek,unknown photographer,https://commons.wikimedia.org/entity/M144652821,"Trübsee, Trüebsee, Panorama",Ein Mann sitzt am Ufer des Trüebsees mit Blick auf den Jochpass und die Wendenstöcke,1910,,,Switzerland,Kanton Obwalden,Trübsee,46.7937336,8.3908622,2,True,1,0.0,https://www.openstreetmap.org/?mlat=46.7937336&mlon=8.3908622&zoom=14
"Rhonegletscher, Landschaft",Blick auf den Rhonegletscher,46.6188466,8.4000567,Nein,Rhonegletscher,lcmt-nabi-pctmp_ead_wehr_12125-B_pctmp.jpg,Wallis,circa 1910,,Schweizerische Nationalbibliothek,unknown photographer,https://commons.wikimedia.org/entity/M144659778,"Rhonegletscher, Landschaft",Blick auf den Rhonegletscher,1910,,,Switzerland,Canton du Valais,Rhonegletscher,46.6045,8.3861,5,False,0,1.92,https://www.openstreetmap.org/?mlat=46.6045&mlon=8.3861&zoom=14
"Engelberg, Ortsteilansicht",Blick auf die Klosteranlage Engelberg und den Titlis,46.8223497,8.4043996,Nein,Engelberg,lcmt-nabi-pctmp_ead_wehr_12252-B_pctmp.jpg,Obwalden,circa 1910,,Schweizerische Nationalbibliothek,unknown photographer,https://commons.wikimedia.org/entity/M144662599,"Engelberg, Ortsteilansicht",Blick auf die Klosteranlage Engelberg und den Titlis,1910,,,Switzerland,Kanton Obwalden,Engelberg,46.82107,8.40133,3,True,0,0.27,https://www.openstreetmap.org/?mlat=46.82107&mlon=8.40133&zoom=14
"Zürich, Kreis 7, Waldhaus Dolder, Teilaussenansicht",Aussenansicht des Waldhaus Dolder im Winter,47.3744489,8.5410422,Nein,Zürich,lcmt-nabi-pctmp_ead_wehr_12354-B_pctmp.jpg,,circa 1910,,Schweizerische Nationalbibliothek,unknown photographer,https://commons.wikimedia.org/entity/M144666392,"Zürich, Kreis 7, Waldhaus Dolder, Teilaussenansicht",Aussenansicht des Waldhaus Dolder im Winter,1910,,,Switzerland,Kanton Zürich,Zürich,47.3732569,8.5686173,4,False,1,2.08,https://www.openstreetmap.org/?mlat=47.3732569&mlon=8.5686173&zoom=14
"Zürich, Kreis 7, Grand Hotel Dolder, Gesamtaussenansicht","Aussenansicht des Grand Hotel Dolder im Winter, Blick über Skipiste",47.3744489,8.5410422,Nein,Zürich,lcmt-nabi-pctmp_ead_wehr_12355-B_pctmp.jpg,,circa 1910,,Schweizerische Nationalbibliothek,unknown photographer,https://commons.wikimedia.org/entity/M144666429,"Zürich, Kreis 7, Grand Hotel Dolder, Gesamtaussenansicht","Aussenansicht des Grand Hotel Dolder im Winter, Blick über Skipiste",1910,,,Switzerland,Kanton Zürich,Zürich,47.36667,8.55,3,True,0,1.1,https://www.openstreetmap.org/?mlat=47.36667&mlon=8.55&zoom=14
"Zürich, Kreis 7, Grand Hotel Dolder, Gesamtaussenansicht",Gesamtaussenansicht des Hotels im Winter. Schneelandschaft,47.3744489,8.5410422,Nein,Zürich,lcmt-nabi-pctmp_ead_wehr_12356-B_pctmp.jpg,,circa 1910,,Schweizerische Nationalbibliothek,unknown photographer,https://commons.wikimedia.org/entity/M144666495,"Zürich, Kreis 7, Grand Hotel Dolder, Gesamtaussenansicht",Gesamtaussenansicht des Hotels im Winter. Schneelandschaft,1910,,,Switzerland,Kanton Zürich,Zürich,47.36667,8.55,3,True,0,1.1,https://www.openstreetmap.org/?mlat=47.36667&mlon=8.55&zoom=14
"Zürich, Kreis 7, Grand Hotel Dolder, Gesamtaussenansicht","Aussenansicht des Grand Hotel Dolder in Winterlandschaft, Blick aus der Ferne. Im Vordergrund Skifahrer auf der Piste",47.3744489,8.5410422,Nein,Zürich,lcmt-nabi-pctmp_ead_wehr_12357-B_pctmp.jpg,,circa 1910,,Schweizerische Nationalbibliothek,unknown photographer,https://commons.wikimedia.org/entity/M144666534,"Zürich, Kreis 7, Grand Hotel Dolder, Gesamtaussenansicht","Aussenansicht des Grand Hotel Dolder in Winterlandschaft, Blick aus der Ferne. Im Vordergrund Skifahrer auf der Piste",1910,,,Switzerland,Kanton Zürich,Zürich,47.36667,8.55,3,True,0,1.1,https://www.openstreetmap.org/?mlat=47.36667&mlon=8.55&zoom=14
"Zürich, Dolder-Park, Landschaft",Schlittelweg im Dolderpark,47.3696799,8.5550821,Nein,Hottingen,lcmt-nabi-pctmp_ead_wehr_12358-B_pctmp.jpg,Zürich,circa 1910,,Schweizerische Nationalbibliothek,unknown photographer,https://commons.wikimedia.org/entity/M144666622,"Zürich, Dolder-Park, Landschaft",Schlittelweg im Dolderpark,1910,,,Switzerland,Kanton Zürich,Hottingen,47.3759072,8.5756969,4,False,1,1.7,https://www.openstreetmap.org/?mlat=47.3759072&mlon=8.5756969&zoom=14
"Zürich, Uetliberg, Landschaft",Verschneite Strasse am Uetliberg,47.3518692,8.4874187,Nein,Uetliberg,lcmt-nabi-pctmp_ead_wehr_12369-B_pctmp.jpg,,circa 1910,,Schweizerische Nationalbibliothek,unknown photographer,https://commons.wikimedia.org/entity/M144667439,"Zürich, Uetliberg, Landschaft",Verschneite Strasse am Uetliberg,1910,,,Switzerland,Kanton Zürich,Uetliberg,47.34946,8.49197,5,False,0,0.44,https://www.openstreetmap.org/?mlat=47.34946&mlon=8.49197&zoom=14
"Zürich, Uetliberg, Ortsteilansicht",Verschneites Baldern-Wirtshaus am Uetliberg,47.3518692,8.4874187,Nein,Uetliberg,lcmt-nabi-pctmp_ead_wehr_12370-B_pctmp.jpg,,circa 1910,,Schweizerische Nationalbibliothek,unknown photographer,https://commons.wikimedia.org/entity/M144667529,"Zürich, Uetliberg, Ortsteilansicht",Verschneites Baldern-Wirtshaus am Uetliberg,1910,,,Switzerland,Kanton Zürich,Uetliberg,47.34966,8.4911,3,True,0,0.37,https://www.openstreetmap.org/?mlat=47.34966&mlon=8.4911&zoom=14
"Uetliberg, Landschaft",Winterlandschaft. Pferdekutsche auf der Strasse zwischen Uetliberg und Baldern.,47.3518692,8.4874187,Nein,Uetliberg,lcmt-nabi-pctmp_ead_wehr_12371-B_pctmp.jpg,,1910,,Schweizerische Nationalbibliothek,unknown photographer,https://commons.wikimedia.org/entity/M144667580,"Uetliberg, Landschaft",Winterlandschaft. Pferdekutsche auf der Strasse zwischen Uetliberg und Baldern.,1910,,,Switzerland,Kanton Zürich,Uetliberg,47.34946,8.49197,5,False,0,0.44,https://www.openstreetmap.org/?mlat=47.34946&mlon=8.49197&zoom=14
"Adelboden, Ortsteilansicht",Teilansicht von Adelboden mit Blick zum Fitzer und Rotstock,46.4927213,7.5587618,Nein,Adelboden,lcmt-nabi-pctmp_ead_wehr_12372-B_pctmp.jpg,Bern,1910,,Schweizerische Nationalbibliothek,unknown photographer,https://commons.wikimedia.org/entity/M144667612,"Adelboden, Ortsteilansicht",Teilansicht von Adelboden mit Blick zum Fitzer und Rotstock,1910,,,Switzerland,Canton de Berne,Adelboden,46.49142,7.56031,3,True,0,0.19,https://www.openstreetmap.org/?mlat=46.49142&mlon=7.56031&zoom=14
"Chli Schärhorn, Panorama",Blick vom Chli Schärhorn (Kleines Scheerhorn) zum Piz Cambrialas,46.8286207,8.824039,Nein,Chli Schärhorn,lcmt-nabi-pctmp_ead_wehr_1249-B_pctmp.jpg,Uri,circa 1905,,Schweizerische Nationalbibliothek,Hans Brun,https://commons.wikimedia.org/entity/M143831091,"Chli Schärhorn, Panorama",Blick vom Chli Schärhorn (Kleines Scheerhorn) zum Piz Cambrialas,1905,Hans Brun,,Switzerland,Kanton Uri,Chli Schärhorn,46.82859,8.82408,5,False,0,0.0,https://www.openstreetmap.org/?mlat=46.82859&mlon=8.82408&zoom=14
"Italia, Isola Bella, Landschaft",Ufer der Isola Madre mit Blick auf den Sasso del Ferro,45.9116339,8.5383108,Nein,Isola Madre,lcmt-nabi-pctmp_ead_wehr_12491-B_pctmp.jpg,,1910,,Schweizerische Nationalbibliothek,unknown photographer,https://commons.wikimedia.org/entity/M144715906,"Italia, Isola Bella, Landschaft",Ufer der Isola Madre mit Blick auf den Sasso del Ferro,1910,,,Italy,Piemonte,Isola Madre,45.91169,8.53809,5,False,0,0.02,https://www.openstreetmap.org/?mlat=45.91169&mlon=8.53809&zoom=14
"Italia, Stresa, Ortsteilansicht",Boote im Hafenbecken von Stresa,45.8837277,8.5390268,Nein,Stresa,lcmt-nabi-pctmp_ead_wehr_12492-B_pctmp.jpg,,1910,,Schweizerische Nationalbibliothek,unknown photographer,https://commons.wikimedia.org/entity/M144715985,"Italia, Stresa, Ortsteilansicht",Boote im Hafenbecken von Stresa,1910,,,Italy,Piemonte,Stresa,45.88158,8.53834,3,True,0,0.24,https://www.openstreetmap.org/?mlat=45.88158&mlon=8.53834&zoom=14
"Italia, Stresa, Ortsteilansicht","Blick von einer Anhöhe aus über einen Teil von Stresa, im Hintergrund die Isola Bella im Lago Maggiore",45.8837277,8.5390268,Nein,Stresa,lcmt-nabi-pctmp_ead_wehr_12493-B_pctmp.jpg,,1910,,Schweizerische Nationalbibliothek,unknown photographer,https://commons.wikimedia.org/entity/M144716059,"Italia, Stresa, Ortsteilansicht","Blick von einer Anhöhe aus über einen Teil von Stresa, im Hintergrund die Isola Bella im Lago Maggiore",1910,,,Italy,Piemonte,Stresa,45.88158,8.53834,3,True,0,0.24,https://www.openstreetmap.org/?mlat=45.88158&mlon=8.53834&zoom=14
"Italia, Stresa, Ortsteilansicht",Strasse in Stresa entlang des Ufers des Lago Maggiore,45.8837277,8.5390268,Nein,Stresa,lcmt-nabi-pctmp_ead_wehr_12496-B_pctmp.jpg,,1910,,Schweizerische Nationalbibliothek,unknown photographer,https://commons.wikimedia.org/entity/M144716116,"Italia, Stresa, Ortsteilansicht",Strasse in Stresa entlang des Ufers des Lago Maggiore,1910,,,Italy,Piemonte,Stresa,45.88158,8.53834,3,True,0,0.24,https://www.openstreetmap.org/?mlat=45.88158&mlon=8.53834&zoom=14
"Italia, Stresa, Hotel Regina Palace, Gesamtaussenansicht",Ansicht des Hotel Regina Palace in Stresa,45.8837277,8.5390268,Nein,Stresa,lcmt-nabi-pctmp_ead_wehr_12497-B_pctmp.jpg,,1910,,Schweizerische Nationalbibliothek,unknown photographer,https://commons.wikimedia.org/entity/M144716180,"Italia, Stresa, Hotel Regina Palace, Gesamtaussenansicht",Ansicht des Hotel Regina Palace in Stresa,1910,,,Italy,Piemonte,Stresa,45.8847147,8.5366051,4,False,1,0.22,https://www.openstreetmap.org/?mlat=45.8847147&mlon=8.5366051&zoom=14
"Italia, Stresa, Ortsteilansicht","Blick von einer Anhöhe aus über die Dächer von Stresa, im Hintergrund der Lago Maggiore",45.8837277,8.5390268,Nein,Stresa,lcmt-nabi-pctmp_ead_wehr_12498-B_pctmp.jpg,,1910,,Schweizerische Nationalbibliothek,unknown photographer,https://commons.wikimedia.org/entity/M144716254,"Italia, Stresa, Ortsteilansicht","Blick von einer Anhöhe aus über die Dächer von Stresa, im Hintergrund der Lago Maggiore",1910,,,Italy,Piemonte,Stresa,45.88158,8.53834,3,True,0,0.24,https://www.openstreetmap.org/?mlat=45.88158&mlon=8.53834&zoom=14
"Italia, Verbania, Pallanza, Ortsteilansicht",Blick auf die Uferpromenade von Pallanza von einer Anhöhe aus,45.9230169,8.5497586,Nein,Pallanza,lcmt-nabi-pctmp_ead_wehr_12499-B_pctmp.jpg,,1910,,Schweizerische Nationalbibliothek,unknown photographer,https://commons.wikimedia.org/entity/M144716318,"Italia, Verbania, Pallanza, Ortsteilansicht",Blick auf die Uferpromenade von Pallanza von einer Anhöhe aus,1910,,,Italy,Piemonte,Pallanza,45.92298,8.55045,3,True,0,0.05,https://www.openstreetmap.org/?mlat=45.92298&mlon=8.55045&zoom=14
"Chli Schärhorn, Panorama",Blick vom Chli Schärhorn (Kleines Scheerhorn) zum Gross Schärhorn (Grosses Scheerhorn) und zum Tödi,46.8286207,8.824039,Nein,Chli Schärhorn,lcmt-nabi-pctmp_ead_wehr_1250-B_pctmp.jpg,Uri,circa 1905,,Schweizerische Nationalbibliothek,Hans Brun,https://commons.wikimedia.org/entity/M143831156,"Chli Schärhorn, Panorama",Blick vom Chli Schärhorn (Kleines Scheerhorn) zum Gross Schärhorn (Grosses Scheerhorn) und zum Tödi,1905,Hans Brun,,Switzerland,Kanton Uri,Chli Schärhorn,46.82859,8.82408,5,False,0,0.0,https://www.openstreetmap.org/?mlat=46.82859&mlon=8.82408&zoom=14
"Badus, Landschaft",Blick vom Val Maighels auf den Badus,42.8555575,0.3497503,Nein,Badus,lcmt-nabi-pctmp_ead_wehr_1300-B_pctmp.jpg,Graubünden,circa 1905,,Schweizerische Nationalbibliothek,Hans Brun,https://commons.wikimedia.org/entity/M143835511,"Badus, Landschaft",Blick vom Val Maighels auf den Badus,1905,Hans Brun,,Switzerland,Kanton Graubünden,Badus,46.6226,8.6637,5,False,0,778.26,https://www.openstreetmap.org/?mlat=46.6226&mlon=8.6637&zoom=14
"Grindelwald, Gletscherschlucht, Teilansicht","Blick entlang der Lütschine auf einen Teil der Gletscherschlucht, am linken Bildrand ist ein Teil der Felsgallerie zu sehen",46.6110047,8.0502865,Nein,Gletscherschlucht,lcmt-nabi-pctmp_ead_wehr_13917-B_pctmp.jpg,Bern,circa 1907,,Schweizerische Nationalbibliothek,unknown photographer,https://commons.wikimedia.org/entity/M144606931,"Grindelwald, Gletscherschlucht, Teilansicht","Blick entlang der Lütschine auf einen Teil der Gletscherschlucht, am linken Bildrand ist ein Teil der Felsgallerie zu sehen",1907,,,Switzerland,Canton de Berne,Gletscherschlucht,46.6079286,8.0511899,4,False,1,0.35,https://www.openstreetmap.org/?mlat=46.6079286&mlon=8.0511899&zoom=14
"Rigi Staffel, Hotel Rigi Staffel, Gesamtaussenansicht",Blick auf das Hotel Rigi Staffel gegen den Pilatus,47.053493,8.4738655,Nein,Rigi Staffel,lcmt-nabi-pctmp_ead_wehr_13957-B_pctmp.jpg,Schwyz,1908-10,,Schweizerische Nationalbibliothek,Arthur Wehrli (1876-1915),https://commons.wikimedia.org/entity/M144608743,"Rigi Staffel, Hotel Rigi Staffel, Gesamtaussenansicht",Blick auf das Hotel Rigi Staffel gegen den Pilatus,1908-1910,Arthur Wehrli (1876-1915),,Switzerland,Kanton Schwyz,Rigi Staffel,47.05234,8.47518,3,True,0,0.16,https://www.openstreetmap.org/?mlat=47.05234&mlon=8.47518&zoom=14
"Zürich, Kreis 1, Stadthaus, Gesamtaussenansicht","Blick vom Grossmünster auf Zürich mit dem Postgebäude, dem Stadthaus und dem Fraumünster",47.3744489,8.5410422,Nein,Zürich,lcmt-nabi-pctmp_ead_wehr_14007-B_pctmp.jpg,Zürich,circa 1907,,Schweizerische Nationalbibliothek,unknown photographer,https://commons.wikimedia.org/entity/M144611291,"Zürich, Kreis 1, Stadthaus, Gesamtaussenansicht","Blick vom Grossmünster auf Zürich mit dem Postgebäude, dem Stadthaus und dem Fraumünster",1907,,,Switzerland,Kanton Zürich,Müstair,47.3692993,8.5414389,4,False,1,0.57,https://www.openstreetmap.org/?mlat=47.3692993&mlon=8.5414389&zoom=14
"Zürich, Kreis 7, Pflegerinnenschule und Kreuzkirche, Gesamtaussenansicht","Hottingen, Ortsansicht mit der Pflegerinnenschule, im Hintergrund links die Kreuzkirche",47.3744489,8.5410422,Nein,Zürich,lcmt-nabi-pctmp_ead_wehr_14388-B_pctmp.jpg,Zürich,circa 1906,,Schweizerische Nationalbibliothek,unknown photographer,https://commons.wikimedia.org/entity/M144617844,"Zürich, Kreis 7, Pflegerinnenschule und Kreuzkirche","Hottingen, Ortsansicht mit der Pflegerinnenschule, im Hintergrund links die Kreuzkirche",1906,,,Switzerland,Kanton Zürich,Zürich,47.3483757,8.6004859,4,False,1,5.33,https://www.openstreetmap.org/?mlat=47.3483757&mlon=8.6004859&zoom=14
"Italia, Menaggio, Ortsgesamtansicht",Blick auf Menaggio und den Lago die Como von einer Wiese aus,46.0197842,9.2389513,Nein,Menaggio,lcmt-nabi-pctmp_ead_wehr_14578-B_pctmp.jpg,,circa 1906,,Schweizerische Nationalbibliothek,unknown photographer,https://commons.wikimedia.org/entity/M144622710,"Italia, Menaggio, Ortsgesamtansicht",Blick auf Menaggio und den Lago die Como von einer Wiese aus,1906,,,Italy,Lombardia,Menaggio,46.02075,9.23907,3,True,0,0.11,https://www.openstreetmap.org/?mlat=46.02075&mlon=9.23907&zoom=14
"Italia, Colico, Lago di Como, Ortsteilansicht",Comersee. Fähre und Dampfschiff bei Anlegestelle in Colico,46.1363111,9.3738195,Nein,Colico,lcmt-nabi-pctmp_ead_wehr_14579-B_pctmp.jpg,,1906,,Schweizerische Nationalbibliothek,unknown photographer,https://commons.wikimedia.org/entity/M144622765,"Italia, Colico, Lago di Como, Ortsteilansicht",Comersee. Fähre und Dampfschiff bei Anlegestelle in Colico,1906,,,Italy,Lombardia,Colico,46.13205,9.37714,3,True,0,0.54,https://www.openstreetmap.org/?mlat=46.13205&mlon=9.37714&zoom=14
"Brig, Gesamtansicht",Brig gegen den Simplon,46.3163457,7.9879473,Nein,Brig,lcmt-nabi-pctmp_ead_wehr_14580-B_pctmp.jpg,Wallis,circa 1906,,Schweizerische Nationalbibliothek,unknown photographer,https://commons.wikimedia.org/entity/M144622814,"Brig, Gesamtansicht",Brig gegen den Simplon,1906,,,Switzerland,Canton du Valais,Brig,46.31667,7.98333,3,True,0,0.36,https://www.openstreetmap.org/?mlat=46.31667&mlon=7.98333&zoom=14
"France, Salève, Bonhomme, Landschaft, Bergsteigen","Ansicht einer Felswand des Mont Salève, darauf einige Bergsteiger",46.1409508,6.1449533,Nein,Salève,lcmt-nabi-pctmp_ead_wehr_14587-B_pctmp.jpg,,circa 1906,,Schweizerische Nationalbibliothek,unknown photographer,https://commons.wikimedia.org/entity/M144623008,"France, Salève, Bonhomme, Landschaft, Bergsteigen","Ansicht einer Felswand des Mont Salève, darauf einige Bergsteiger",1906,,,France,Auvergne-Rhône-Alpes,Salève,46.09417,6.14028,5,False,0,5.21,https://www.openstreetmap.org/?mlat=46.09417&mlon=6.14028&zoom=14
"France, Salève, Bonhomme, Landschaft, Bergsteigen","Ansicht einer Felswand des Mont Salève, darauf einige Bergsteiger",46.1409508,6.1449533,Nein,Salève,lcmt-nabi-pctmp_ead_wehr_14588-B_pctmp.jpg,,circa 1906,,Schweizerische Nationalbibliothek,unknown photographer,https://commons.wikimedia.org/entity/M144623055,"France, Salève, Bonhomme, Landschaft, Bergsteigen","Ansicht einer Felswand des Mont Salève, darauf einige Bergsteiger",1906,,,France,Auvergne-Rhône-Alpes,Salève,46.09417,6.14028,5,False,0,5.21,https://www.openstreetmap.org/?mlat=46.09417&mlon=6.14028&zoom=14
"Deutschland, Schwarzwald, Bauernhaus, Gesamtaussenansicht [Lokalisierung unsicher]",Schwarzwälder Bauernhaus,,,Nein,"Deutschland, [Lokalisierung unsicher]",lcmt-nabi-pctmp_ead_wehr_14589-B_pctmp.jpg,,circa 1906,,Schweizerische Nationalbibliothek,unknown photographer,https://commons.wikimedia.org/entity/M144623100,"Deutschland, Schwarzwald, Bauernhaus",Schwarzwälder Bauernhaus,1906,,,Germany,Baden-Württemberg,"Deutschland, [Lokalisierung unsicher]",,,0,False,0,,
"Bern, Neues Postgebäude, Gesamtaussenansicht","Gesamtaussenansicht der ehemaligen Oberpostdirektion, Ecke Aarbergergasse-Bollwerk",46.9484742,7.4521749,Nein,Bern,lcmt-nabi-pctmp_ead_wehr_14633-B_pctmp.jpg,Bern,circa 1906,,Schweizerische Nationalbibliothek,unknown photographer,https://commons.wikimedia.org/entity/M144623134,"Bern, Neues Postgebäude, Gesamtaussenansicht","Gesamtaussenansicht der ehemaligen Oberpostdirektion, Ecke Aarbergergasse-Bollwerk",1906,,,Switzerland,Canton de Berne,Bern,46.94809,7.44744,3,True,0,0.36,https://www.openstreetmap.org/?mlat=46.94809&mlon=7.44744&zoom=14
"Italia, Como, Ortsgesamtansicht",Blick über Como,45.9394759,9.1494101,Nein,Como,lcmt-nabi-pctmp_ead_wehr_14635-B_pctmp.jpg,,1906,,Schweizerische Nationalbibliothek,unknown photographer,https://commons.wikimedia.org/entity/M144623231,"Italia, Como, Ortsgesamtansicht",Blick über Como,1906,,,Italy,Lombardia,Como,45.80819,9.0832,3,True,0,15.47,https://www.openstreetmap.org/?mlat=45.80819&mlon=9.0832&zoom=14
"Italia, Varenna, Ortsteilansicht",Varenna und Comer See,46.0099785,9.2831593,Nein,Varenna,lcmt-nabi-pctmp_ead_wehr_14636-B_pctmp.jpg,,circa 1906,,Schweizerische Nationalbibliothek,unknown photographer,https://commons.wikimedia.org/entity/M144623292,"Italia, Varenna, Ortsteilansicht",Varenna und Comer See,1906,,,Italy,Lombardia,Varenna,46.01078,9.28465,3,True,0,0.15,https://www.openstreetmap.org/?mlat=46.01078&mlon=9.28465&zoom=14
"Cabane du Trient, Teilaussenansicht",Aussenansicht der Trienthütte mit Blick auf den Glacier du Trient,45.9995963,7.0436489,Nein,Cabane du Trient,lcmt-nabi-pctmp_ead_wehr_14637-B_pctmp.jpg,Wallis,1906,,Schweizerische Nationalbibliothek,unknown photographer,https://commons.wikimedia.org/entity/M144623363,"Cabane du Trient, Teilaussenansicht",Aussenansicht der Trienthütte mit Blick auf den Glacier du Trient,1906,,,Switzerland,Canton du Valais,Cabane du Trient,45.9995963,7.0436489,4,False,1,0.0,https://www.openstreetmap.org/?mlat=45.9995963&mlon=7.0436489&zoom=14
"Schweiz, Skisport [Lokalisierung unsicher]",Ansicht eines Skifahrers mit dem Telemarkschwung,46.7985624,8.2319736,Nein,Schweiz,lcmt-nabi-pctmp_ead_wehr_14884-B_pctmp.jpg,,1908,,Schweizerische Nationalbibliothek,Arthur Wehrli (1876-1915),https://commons.wikimedia.org/entity/M144713013,"Schweiz, Skisport",Ansicht eines Skifahrers mit dem Telemarkschwung,1908,Arthur Wehrli (1876-1915),,Switzerland,,Schweiz,,,0,False,0,,
"Schweiz, Skisport [Lokalisierung unsicher]",Ansicht eines Skifahrers mit dem Telemarkschwung,46.7985624,8.2319736,Nein,Schweiz,lcmt-nabi-pctmp_ead_wehr_14885-B_pctmp.jpg,,1908,,Schweizerische Nationalbibliothek,Arthur Wehrli (1876-1915),https://commons.wikimedia.org/entity/M144713049,"Schweiz, Skisport",Ansicht eines Skifahrers mit dem Telemarkschwung,1908,Arthur Wehrli (1876-1915),,Switzerland,,Schweiz,,,0,False,0,,
"Grindelwald, Bahnhofplatz, Ortsteilansicht","Bahnhofplatz in Grindelwald im Winter, im Hintergrund das Wetterhorn",46.6242733,8.0367462,Nein,Grindelwald,lcmt-nabi-pctmp_ead_wehr_14887-B_pctmp.jpg,Bern,1908,,Schweizerische Nationalbibliothek,Anton Krenn,https://commons.wikimedia.org/entity/M144713101,"Grindelwald, Bahnhofplatz, Ortsteilansicht","Bahnhofplatz in Grindelwald im Winter, im Hintergrund das Wetterhorn",1908,Anton Krenn,,Switzerland,Canton de Berne,Grindelwald,46.62396,8.03601,3,True,0,0.07,https://www.openstreetmap.org/?mlat=46.62396&mlon=8.03601&zoom=14
"Skijöring in St. Moritz/Cresta, Landschaft, "," Winterlandschaft, Skijöring-Gruppe auf Strasse zwischen St. Moritz und Cresta/Celerina",,,Nein,St. Moritz,lcmt-nabi-pctmp_ead_wehr_14934-B_pctmp.jpg,,circa 1907,,Schweizerische Nationalbibliothek,Arthur Wehrli (1876-1915),https://commons.wikimedia.org/entity/M144715027,"Skijöring in St. Moritz/Cresta, Landschaft","Winterlandschaft, Skijöring-Gruppe auf Strasse zwischen St. Moritz und Cresta/Celerina",1907,Arthur Wehrli (1876-1915),,Switzerland,Kanton Graubünden,St. Moritz,46.49937,9.84327,3,True,0,,https://www.openstreetmap.org/?mlat=46.49937&mlon=9.84327&zoom=14
"St. Moritz, Landschaft","Winterlandschaft, Skijöring-Gruppe bei St. Moritz",46.4978958,9.8392428,Nein,St. Moritz,lcmt-nabi-pctmp_ead_wehr_14935-B_pctmp.jpg,Graubünden,1908,,Schweizerische Nationalbibliothek,Arthur Wehrli (1876-1915),https://commons.wikimedia.org/entity/M144715088,"St. Moritz, Winterlandschaft mit Skijöring","Winterlandschaft, Skijöring-Gruppe bei St. Moritz",1908,Arthur Wehrli (1876-1915),,Switzerland,Kanton Graubünden,St. Moritz,46.49937,9.84327,3,True,0,0.35,https://www.openstreetmap.org/?mlat=46.49937&mlon=9.84327&zoom=14
"Skisport, Kristiania-Schwung","Ansicht eines Skifahrers im 'Kristiania-Schwung', ein zweiter Skifahrer steht etwas oberhalb",46.7985624,8.2319736,Nein,Schweiz,lcmt-nabi-pctmp_ead_wehr_14937-B_pctmp.jpg,,1908,,Schweizerische Nationalbibliothek,Arthur Wehrli (1876-1915),https://commons.wikimedia.org/entity/M144715165,"Skisport, Kristiania-Schwung","Ansicht eines Skifahrers im 'Kristiania-Schwung', ein zweiter Skifahrer steht etwas oberhalb",1908,Arthur Wehrli (1876-1915),,Switzerland,,Schweiz,47.3284,9.58642,3,True,0,118.3,https://www.openstreetmap.org/?mlat=47.3284&mlon=9.58642&zoom=14
"St. Moritz, Landschaft",Teilabschnitt der Bobbahn St.Moritz durch den Wald,46.4978958,9.8392428,Nein,St. Moritz,lcmt-nabi-pctmp_ead_wehr_14938-B_pctmp.jpg,Graubünden,1908,,Schweizerische Nationalbibliothek,Arthur Wehrli (1876-1915),https://commons.wikimedia.org/entity/M144715199,"St. Moritz, Bobbahn durch den Wald",Teilabschnitt der Bobbahn St.Moritz durch den Wald,1908,Arthur Wehrli (1876-1915),,Switzerland,Kanton Graubünden,St. Moritz,46.49937,9.84327,3,True,0,0.35,https://www.openstreetmap.org/?mlat=46.49937&mlon=9.84327&zoom=14
"Luzern, Ortsgesamtansicht",Blick auf Luzern gegen den Pilatus,47.0505452,8.3054682,Nein,Luzern,lcmt-nabi-pctmp_ead_wehr_1500-B_pctmp.jpg,Luzern,circa 1900,,Schweizerische Nationalbibliothek,unknown photographer,https://commons.wikimedia.org/entity/M144060293,"Luzern, Ortsgesamtansicht gegen Pilatus",Blick auf Luzern gegen den Pilatus,1900,,,Switzerland,Kanton Luzern,Luzern,47.05048,8.30635,3,True,0,0.07,https://www.openstreetmap.org/?mlat=47.05048&mlon=8.30635&zoom=14
"Paspels, Canova, Burg Neu-Süns, Teilaussenansicht",Ruine von Canova (Burg Neu-Süns) und Canovasee,46.7486734,9.4440897,Nein,Paspels,lcmt-nabi-pctmp_ead_wehr_15050-B_pctmp.jpg,Graubünden,1908,,Schweizerische Nationalbibliothek,Jean Gaberell,https://commons.wikimedia.org/entity/M144719456,"Paspels, Burg Neu-Süns (Canova)",Ruine von Canova (Burg Neu-Süns) und Canovasee,1908,Jean Gaberell,,Switzerland,Kanton Graubünden,Paspels,46.7441837,9.4477544,4,False,1,0.57,https://www.openstreetmap.org/?mlat=46.7441837&mlon=9.4477544&zoom=14
"Luzern, Löwendenkmal, Teilansicht",Detailansicht der Löwenskulptur des Löwendenkmals und Teile der Inschrift,47.0505452,8.3054682,Nein,Luzern,lcmt-nabi-pctmp_ead_wehr_1505b-B_pctmp.jpg,Luzern,1906,,Schweizerische Nationalbibliothek,Artur Wehrli,https://commons.wikimedia.org/entity/M144060823,"Luzern, Löwendenkmal, Detailansicht",Detailansicht der Löwenskulptur des Löwendenkmals und Teile der Inschrift,1906,Artur Wehrli,,Switzerland,Kanton Luzern,Luzern,47.0584443,8.310868,4,False,1,0.97,https://www.openstreetmap.org/?mlat=47.0584443&mlon=8.310868&zoom=14
"Interlaken, Harderbahn, untere Station, Teilaussenansicht",Harderbahn. Ansicht der Station bei Interlaken,46.6855231,7.8585139,Nein,Interlaken,lcmt-nabi-pctmp_ead_wehr_15093-B_pctmp.jpg,Bern,1908,,Schweizerische Nationalbibliothek,Jean Gaberell,https://commons.wikimedia.org/entity/M144720673,"Interlaken, Harderbahn, untere Station",Harderbahn. Ansicht der Station bei Interlaken,1908,Jean Gaberell,,Switzerland,Canton de Berne,Interlaken,46.6955816,7.8628464,4,False,1,1.17,https://www.openstreetmap.org/?mlat=46.6955816&mlon=7.8628464&zoom=14
"Harderbahn, Bergstation, Teilaussenansicht",Harderbahn. Blick vom Trassee hinauf zur oberen Station und auf einen Bahnwagen,46.6996822,7.8561411,Nein,Harder Kulm,lcmt-nabi-pctmp_ead_wehr_15094-B_pctmp.jpg,Bern,1908,,Schweizerische Nationalbibliothek,Jean Gaberell,https://commons.wikimedia.org/entity/M144720698,"Harder Kulm, Harderbahn Bergstation",Harderbahn. Blick vom Trassee hinauf zur oberen Station und auf einen Bahnwagen,1908,Jean Gaberell,,Switzerland,Canton de Berne,Harder Kulm,46.6955816,7.8628464,4,False,1,0.69,https://www.openstreetmap.org/?mlat=46.6955816&mlon=7.8628464&zoom=14
"Harderkulm, Bergrestaurant, Teilaussenansicht",Ansicht des Bergrestaurants Harder Kulm,46.6981474,7.8532116,Nein,Harderkulm,lcmt-nabi-pctmp_ead_wehr_15095-B_pctmp.jpg,Bern,1908,,Schweizerische Nationalbibliothek,Jean Gaberell,https://commons.wikimedia.org/entity/M144720736,"Harder Kulm, Bergrestaurant",Ansicht des Bergrestaurants Harder Kulm,1908,Jean Gaberell,,Switzerland,Canton de Berne,Harderkulm,46.6973,7.85166,3,True,0,0.15,https://www.openstreetmap.org/?mlat=46.6973&mlon=7.85166&zoom=14
"Unterseen, Hotel Harder Kulm, Teilaussenansicht",Vorderseite des Harder Kulm Hotel bei Untersseen,46.6871654,7.8496369,Nein,Unterseen,lcmt-nabi-pctmp_ead_wehr_15096-B_pctmp.jpg,Bern,1908,,Schweizerische Nationalbibliothek,Jean Gaberell,https://commons.wikimedia.org/entity/M144720773,"Unterseen, Hotel Harder Kulm",Vorderseite des Harder Kulm Hotel bei Untersseen,1908,Jean Gaberell,,Switzerland,Canton de Berne,Unterseen,46.6853,7.84722,3,True,0,0.28,https://www.openstreetmap.org/?mlat=46.6853&mlon=7.84722&zoom=14
"Harderbahn, Teilansicht","Blick auf einen Teil der Harderbahn mit einem Wagen, im Hintergrund Interlaken",46.6855231,7.8585139,Nein,Interlaken,lcmt-nabi-pctmp_ead_wehr_15097-B_pctmp.jpg,Bern,1908,,Schweizerische Nationalbibliothek,Jean Gaberell,https://commons.wikimedia.org/entity/M144720813,Harderbahn mit Interlaken im Hintergrund,"Blick auf einen Teil der Harderbahn mit einem Wagen, im Hintergrund Interlaken",1908,Jean Gaberell,,Switzerland,Canton de Berne,Interlaken,46.6955816,7.8628464,4,False,1,1.17,https://www.openstreetmap.org/?mlat=46.6955816&mlon=7.8628464&zoom=14
"Zürich, Kreis 1, Bauschänzli, Ortsteilansicht","Zürich, Blick von der Quaibrücke auf das Bauschänzli",47.3744489,8.5410422,Nein,Zürich,lcmt-nabi-pctmp_ead_wehr_15192-B_pctmp.jpg,Zürich,1908,,Schweizerische Nationalbibliothek,F. Bopp,https://commons.wikimedia.org/entity/M144725252,"Zürich, Bauschänzli von der Quaibrücke","Zürich, Blick von der Quaibrücke auf das Bauschänzli",1908,F. Bopp,,Switzerland,Kanton Zürich,Zürich,47.3678613,8.5423935,4,False,1,0.74,https://www.openstreetmap.org/?mlat=47.3678613&mlon=8.5423935&zoom=14
"Lugano, Kirche Santa Maria degli Angioli, Teilinnenansicht","Kirche Santa Maria degli Angioli, la Crocifissione von Bernardino Luini gemalt",46.0050102,8.9520281,Nein,Lugano,lcmt-nabi-pctmp_ead_wehr_15317-B_pctmp.jpg,Tessin,circa 1908,,Schweizerische Nationalbibliothek,unknown photographer,https://commons.wikimedia.org/entity/M144731188,"Lugano, Kirche Santa Maria degli Angioli","Kirche Santa Maria degli Angioli, la Crocifissione von Bernardino Luini gemalt",1908,,,Switzerland,Cantone Ticino,Lugano,46.01008,8.96004,3,True,0,0.84,https://www.openstreetmap.org/?mlat=46.01008&mlon=8.96004&zoom=14
"Davos, Bob-Sport",Teilansicht der Davoser Bobbahn mit grosser Zuschauermenge,46.796198,9.8236892,Nein,Davos,lcmt-nabi-pctmp_ead_wehr_15332-B_pctmp.jpg,Graubünden,circa 1908,,Schweizerische Nationalbibliothek,Walter Nehrkorn,https://commons.wikimedia.org/entity/M144731407,"Davos, Bobbahn mit Zuschauermenge",Teilansicht der Davoser Bobbahn mit grosser Zuschauermenge,1908,Walter Nehrkorn,,Switzerland,Kanton Graubünden,Davos,46.8020865,9.8244064,4,False,1,0.66,https://www.openstreetmap.org/?mlat=46.8020865&mlon=9.8244064&zoom=14
"Lugano, Piazza della Riforma, Teilansicht","Lugano, Piazza della Reforma; Ansicht gegen Südwesten, Blick auf die Marktstände, links der Palazzo Civico, im Hintergrund Geschäftshäuser",46.0050102,8.9520281,Nein,Lugano,lcmt-nabi-pctmp_ead_wehr_15354-B_pctmp.jpg,Tessin,1908,,Schweizerische Nationalbibliothek,Artur Wehrli (1876-1915),https://commons.wikimedia.org/entity/M144732652,"Lugano, Piazza della Riforma","Lugano, Piazza della Reforma; Ansicht gegen Südwesten, Blick auf die Marktstände, links der Palazzo Civico, im Hintergrund Geschäftshäuser",1908,Artur Wehrli (1876-1915),,Switzerland,Cantone Ticino,Lugano,46.0036289,8.9516442,4,False,1,0.16,https://www.openstreetmap.org/?mlat=46.0036289&mlon=8.9516442&zoom=14
"Italia, Valsolda, Oria, Villa Bianci, Gesamtaussenansicht",Ansicht der Villa Bianci am Ufer von Oria,37.4841014,-2.2924853,Nein,Oria,lcmt-nabi-pctmp_ead_wehr_15362-B_pctmp.jpg,,1908,,Schweizerische Nationalbibliothek,Artur Wehrli (1876-1915),https://commons.wikimedia.org/entity/M144733143,"Valsolda, Villa Bianci an Oria",Ansicht der Villa Bianci am Ufer von Oria,1908,Artur Wehrli (1876-1915),,Italy,Lombardia,Oria,40.49733,17.64131,3,True,0,1751.1,https://www.openstreetmap.org/?mlat=40.49733&mlon=17.64131&zoom=14
"Italia, Albogasio, Ortsteilansicht",Blick auf Albogasio vom Lago di Lugano aus,46.0236379,9.0401926,Nein,Albogasio,lcmt-nabi-pctmp_ead_wehr_15363-B_pctmp.jpg,,1908,,Schweizerische Nationalbibliothek,Artur Wehrli (1876-1915),https://commons.wikimedia.org/entity/M144733240,"Albogasio, Ortsteilansicht",Blick auf Albogasio vom Lago di Lugano aus,1908,Artur Wehrli (1876-1915),,Italy,Lombardia,Albogasio,46.0236379,9.0401926,2,True,1,0.0,https://www.openstreetmap.org/?mlat=46.0236379&mlon=9.0401926&zoom=14
"Italia, Albogasio, Ortsteilansicht",Blick auf Albogasio vom Lago di Lugano aus,46.0236379,9.0401926,Nein,Albogasio,lcmt-nabi-pctmp_ead_wehr_15364-B_pctmp.jpg,,1908,,Schweizerische Nationalbibliothek,Artur Wehrli (1876-1915),https://commons.wikimedia.org/entity/M144733345,"Albogasio, Ortsteilansicht",Blick auf Albogasio vom Lago di Lugano aus,1908,Artur Wehrli (1876-1915),,Italy,Lombardia,Albogasio,46.0236379,9.0401926,2,True,1,0.0,https://www.openstreetmap.org/?mlat=46.0236379&mlon=9.0401926&zoom=14
"Italia, Valsolda, San Mamete, Ortsgesamtansicht",Blick auf San Mamete vom Lago di Lugano aus,45.5121798,9.2536963,Nein,San Mamete,lcmt-nabi-pctmp_ead_wehr_15365-B_pctmp.jpg,,1908,,Schweizerische Nationalbibliothek,Artur Wehrli (1876-1915),https://commons.wikimedia.org/entity/M144733421,"Valsolda, San Mamete Ortsgesamtansicht",Blick auf San Mamete vom Lago di Lugano aus,1908,Artur Wehrli (1876-1915),,Italy,Lombardia,San Mamete,46.02505,9.05364,3,True,0,59.1,https://www.openstreetmap.org/?mlat=46.02505&mlon=9.05364&zoom=14
"Italia, Valsolda, San Mamete, Ortsgesamtansicht","Blick auf San Mamete vom Lago di Lugano aus, mittig ein Ruderboot",45.5121798,9.2536963,Nein,San Mamete,lcmt-nabi-pctmp_ead_wehr_15366-B_pctmp.jpg,,1908,,Schweizerische Nationalbibliothek,Artur Wehrli (1876-1915),https://commons.wikimedia.org/entity/M144733515,"Valsolda, San Mamete mit Ruderboot","Blick auf San Mamete vom Lago di Lugano aus, mittig ein Ruderboot",1908,Artur Wehrli,,Italy,Lombardia,San Mamete,46.02505,9.05364,3,True,0,59.1,https://www.openstreetmap.org/?mlat=46.02505&mlon=9.05364&zoom=14
"Italia, Valsolda, San Mamete, Ortsteilansicht",Blick auf San Mamete vom Lago di Lugano aus,45.5121798,9.2536963,Nein,San Mamete,lcmt-nabi-pctmp_ead_wehr_15367-B_pctmp.jpg,,1908,,Schweizerische Nationalbibliothek,Artur Wehrli (1876-1915),https://commons.wikimedia.org/entity/M144733598,"Italia, Valsolda, San Mamete, Ortsteilansicht",Blick auf San Mamete vom Lago di Lugano aus,1908,Artur Wehrli,,Italy,Lombardia,San Mamete,46.02505,9.05364,3,True,0,59.1,https://www.openstreetmap.org/?mlat=46.02505&mlon=9.05364&zoom=14
"Italia, Valsolda, Castello, Ortsteilansicht","Blick auf die auf einem Felsen gelegene Ortschaft Castello, im Vordergrund Wald",44.9515624,9.2536443,Nein,Castello,lcmt-nabi-pctmp_ead_wehr_15368-B_pctmp.jpg,,1908,,Schweizerische Nationalbibliothek,Artur Wehrli (1876-1915),https://commons.wikimedia.org/entity/M144733669,"Italia, Valsolda, Castello, Ortsteilansicht","Blick auf die auf einem Felsen gelegene Ortschaft Castello, im Vordergrund Wald",1908,Artur Wehrli,,Italy,Lombardia,Castello,45.9498,8.67566,3,True,0,119.81,https://www.openstreetmap.org/?mlat=45.9498&mlon=8.67566&zoom=14
"Italia, Valsolda, Castello, Ortsteilansicht","Blick auf die auf einem Felsen gelegene Ortschaft Castello, im Vordergrund eine Steinbrücke",44.9515624,9.2536443,Nein,Castello,lcmt-nabi-pctmp_ead_wehr_15369-B_pctmp.jpg,,1908,,Schweizerische Nationalbibliothek,Artur Wehrli (1876-1915),https://commons.wikimedia.org/entity/M144733775,"Italia, Valsolda, Castello, Ortsteilansicht","Blick auf die auf einem Felsen gelegene Ortschaft Castello, im Vordergrund eine Steinbrücke",1908,Artur Wehrli,,Italy,Lombardia,Castello,45.9498,8.67566,3,True,0,119.81,https://www.openstreetmap.org/?mlat=45.9498&mlon=8.67566&zoom=14
"Luzern, Ortsgesamtansicht",Blick auf Luzern gegen die Rigi vom Gütsch aus gesehen,47.0505452,8.3054682,Nein,Luzern,lcmt-nabi-pctmp_ead_wehr_1537-B_pctmp.jpg,Luzern,1906,,Schweizerische Nationalbibliothek,Artur Wehrli,https://commons.wikimedia.org/entity/M144063657,"Luzern, Ortsgesamtansicht",Blick auf Luzern gegen die Rigi vom Gütsch aus gesehen,1906,Artur Wehrli,,Switzerland,Kanton Luzern,Luzern,47.05048,8.30635,3,True,0,0.07,https://www.openstreetmap.org/?mlat=47.05048&mlon=8.30635&zoom=14
"Italia, Lanzo d'Intelvi, Panorama",Blick von Lanzo d'Intelvi auf den Lago di Lugano,45.9791282,9.0207604,Nein,Lanzo d'Intelvi,lcmt-nabi-pctmp_ead_wehr_15379-B_pctmp.jpg,,1908,,Schweizerische Nationalbibliothek,Artur Wehrli (1876-1915),https://commons.wikimedia.org/entity/M144734259,"Italia, Lanzo d'Intelvi, Panorama",Blick von Lanzo d'Intelvi auf den Lago di Lugano,1908,Artur Wehrli,,Italy,Lombardia,Lanzo d'Intelvi,45.97943,9.02166,3,True,0,0.08,https://www.openstreetmap.org/?mlat=45.97943&mlon=9.02166&zoom=14
"Luzern, Schweizerhofquai, Teilansicht","Luzern, Sicht auf den Schweizerhofquai, Kirche St. Leodegar, Hotel National",47.0505452,8.3054682,Nein,Luzern,lcmt-nabi-pctmp_ead_wehr_1538-B_pctmp.jpg,Luzern,1906,,Schweizerische Nationalbibliothek,Artur Wehrli,https://commons.wikimedia.org/entity/M144063743,"Luzern, Schweizerhofquai, Teilansicht","Luzern, Sicht auf den Schweizerhofquai, Kirche St. Leodegar, Hotel National",1906,Artur Wehrli,,Switzerland,Kanton Luzern,Luzern,47.0546644,8.3126114,4,False,1,0.71,https://www.openstreetmap.org/?mlat=47.0546644&mlon=8.3126114&zoom=14
"Italia, Lanzo d'Intelvi, Ortsgesamtansicht","Ansicht von Lanzo d'Intelvi, im Vordergrund Fuhrwerke auf einem Weg",45.9791282,9.0207604,Nein,Lanzo d'Intelvi,lcmt-nabi-pctmp_ead_wehr_15381-B_pctmp.jpg,,1908,,Schweizerische Nationalbibliothek,Artur Wehrli (1876-1915),https://commons.wikimedia.org/entity/M144734341,"Italia, Lanzo d'Intelvi, Ortsgesamtansicht","Ansicht von Lanzo d'Intelvi, im Vordergrund Fuhrwerke auf einem Weg",1908,Artur Wehrli,,Italy,Lombardia,Lanzo d'Intelvi,45.97943,9.02166,3,True,0,0.08,https://www.openstreetmap.org/?mlat=45.97943&mlon=9.02166&zoom=14
"Arogno, Ortsgesamtansicht",Ortsgesamtansicht und Tal im Hintergrund,45.9596383,8.9865107,Nein,Arogno,lcmt-nabi-pctmp_ead_wehr_15382-B_pctmp.jpg,Tessin,1908,,Schweizerische Nationalbibliothek,Artur Wehrli (1876-1915),https://commons.wikimedia.org/entity/M144734376,"Arogno, Ortsgesamtansicht",Ortsgesamtansicht und Tal im Hintergrund,1908,Artur Wehrli,,Switzerland,Cantone Ticino,Arogno,45.95909,8.98441,3,True,0,0.17,https://www.openstreetmap.org/?mlat=45.95909&mlon=8.98441&zoom=14
"Valganna, Ortsteilansicht",Ansicht von Valganna,45.9022199,8.8254492,Nein,Valganna,lcmt-nabi-pctmp_ead_wehr_15388-B_pctmp.jpg,,circa 1908,,Schweizerische Nationalbibliothek,unknown photographer,https://commons.wikimedia.org/entity/M144735105,"Valganna, Ortsteilansicht",Ansicht von Valganna,1908,,,Italy,Lombardia,Valganna,45.90228,8.82333,3,True,0,0.16,https://www.openstreetmap.org/?mlat=45.90228&mlon=8.82333&zoom=14
"Valganna, Ortsteilansicht",Ansicht von Valganna,45.9022199,8.8254492,Nein,Valganna,lcmt-nabi-pctmp_ead_wehr_15389-B_pctmp.jpg,,circa 1908,,Schweizerische Nationalbibliothek,unknown photographer,https://commons.wikimedia.org/entity/M144735131,"Valganna, Ortsteilansicht",Ansicht von Valganna,1908,,,Italy,Lombardia,Valganna,45.90228,8.82333,3,True,0,0.16,https://www.openstreetmap.org/?mlat=45.90228&mlon=8.82333&zoom=14
"Vierwaldstättersee, Landschaft","Blick auf den Vierwaldstättersee (Urnersee), dahinter Bergpanorama",46.9854161,8.4988048,Nein,Vierwaldstättersee,lcmt-nabi-pctmp_ead_wehr_1539-B_pctmp.jpg,Schwyz,1906,,Schweizerische Nationalbibliothek,Artur Wehrli,https://commons.wikimedia.org/entity/M144063840,"Vierwaldstättersee, Landschaft","Blick auf den Vierwaldstättersee (Urnersee), dahinter Bergpanorama",1906,Artur Wehrli,,Switzerland,Kanton Schwyz,Vierwaldstättersee,46.9819,8.48,5,False,0,1.48,https://www.openstreetmap.org/?mlat=46.9819&mlon=8.48&zoom=14
"Grindelwald, Ortsgesamtansicht","Blick auf Grindelwald hinab, gegen das Wetterhorn",46.6242733,8.0367462,Nein,Grindelwald,lcmt-nabi-pctmp_ead_wehr_15393-B_pctmp.jpg,Bern,1908,,Schweizerische Nationalbibliothek,Bachmann,https://commons.wikimedia.org/entity/M144735212,"Grindelwald, Ortsgesamtansicht","Blick auf Grindelwald hinab, gegen das Wetterhorn",1908,Bachmann,,Switzerland,Canton de Berne,Grindelwald,46.62396,8.03601,3,True,0,0.07,https://www.openstreetmap.org/?mlat=46.62396&mlon=8.03601&zoom=14
"Italia, Varzo, Ortsgesamtansicht",Blick von einer anhöhe auf Varzo,46.2067143,8.2544931,Nein,Varzo,lcmt-nabi-pctmp_ead_wehr_15547-B_pctmp.jpg,,circa 1905,,Schweizerische Nationalbibliothek,unknown photographer,https://commons.wikimedia.org/entity/M144739311,"Italia, Varzo, Ortsgesamtansicht",Blick von einer anhöhe auf Varzo,1905,,,Italy,Piemonte,Varzo,46.20736,8.25267,3,True,0,0.16,https://www.openstreetmap.org/?mlat=46.20736&mlon=8.25267&zoom=14
"Fiesch, Ortsgesamtansicht","Unten ist das Dorf zu sehen, dahinter der bewaldete Berghang, oben die Bergspitze",46.402946,8.1341501,Nein,Fiesch,lcmt-nabi-pctmp_ead_wehr_15548-B_pctmp.jpg,Wallis,1905,,Schweizerische Nationalbibliothek,unknown photographer,https://commons.wikimedia.org/entity/M144739383,"Fiesch, Ortsgesamtansicht","Unten ist das Dorf zu sehen, dahinter der bewaldete Berghang, oben die Bergspitze",1905,,,Switzerland,Canton du Valais,Fiesch,46.39981,8.13533,3,True,0,0.36,https://www.openstreetmap.org/?mlat=46.39981&mlon=8.13533&zoom=14
"Italia, Macugnaga, Pecetto, Ortsteilansicht",Teilansicht der Walsersiedlung Pecetto/Zertannen mit Kirche,45.0168826,7.7499491,Nein,Pecetto,lcmt-nabi-pctmp_ead_wehr_15957-B_pctmp.jpg,,circa 1906,,Schweizerische Nationalbibliothek,unknown photographer,https://commons.wikimedia.org/entity/M145028130,"Italia, Macugnaga, Pecetto, Ortsteilansicht",Teilansicht der Walsersiedlung Pecetto/Zertannen mit Kirche,1906,,,Italy,Piemonte,Pecetto,45.0176,7.75107,3,True,0,0.12,https://www.openstreetmap.org/?mlat=45.0176&mlon=7.75107&zoom=14
"Staldenried, Zertannen, Bauernhaus, Gesamtaussenansicht",Ansicht eines Bauernhauses gegen Nordend in Zertannen,,,Nein,Zertannen,lcmt-nabi-pctmp_ead_wehr_15958-B_pctmp.jpg,Wallis,circa 1906,,Schweizerische Nationalbibliothek,unknown photographer,https://commons.wikimedia.org/entity/M145028081,"Staldenried, Zertannen, Bauernhaus",Ansicht eines Bauernhauses gegen Nordend in Zertannen,1906,,,Switzerland,Canton du Valais,Zertannen,,,0,False,0,,
"Orselina, Ortsteilansicht",Teilansicht von Orselina mit Blick auf den Kirchturm,46.1778147,8.7956508,Nein,Orselina,lcmt-nabi-pctmp_ead_wehr_16002-B_pctmp.jpg,Tessin,1906,,Schweizerische Nationalbibliothek,Artur Wehrli (1876-1915),https://commons.wikimedia.org/entity/M145026344,"Orselina, Ortsteilansicht",Teilansicht von Orselina mit Blick auf den Kirchturm,1906,Artur Wehrli,,Switzerland,Cantone Ticino,Orselina,46.18013,8.79979,3,True,0,0.41,https://www.openstreetmap.org/?mlat=46.18013&mlon=8.79979&zoom=14
"Italia, Lago di Garda, Landschaft",Böschung oberhalb des Lago di Garda,45.6624314,10.6861569,Nein,Lago di Garda,lcmt-nabi-pctmp_ead_wehr_16023-B_pctmp.jpg,,1906,,Schweizerische Nationalbibliothek,unknown photographer,https://commons.wikimedia.org/entity/M145026279,"Italia, Lago di Garda, Landschaft",Böschung oberhalb des Lago di Garda,1906,,,Italy,Lombardia,Lago di Garda,45.6667,10.6833,5,False,0,0.52,https://www.openstreetmap.org/?mlat=45.6667&mlon=10.6833&zoom=14
"Italia, Salò, Ortsteilansicht","Ufer des Lago di Gardo vor Salò, im Vordergrund drei Frauen",45.6056775,10.520069,Nein,Salò,lcmt-nabi-pctmp_ead_wehr_16026-B_pctmp.jpg,,1906,,Schweizerische Nationalbibliothek,Link,https://commons.wikimedia.org/entity/M145026230,"Italia, Salò, Ortsteilansicht","Ufer des Lago di Gardo vor Salò, im Vordergrund drei Frauen",1906,Link,,Italy,Lombardia,Salò,45.60685,10.5205,3,True,0,0.13,https://www.openstreetmap.org/?mlat=45.60685&mlon=10.5205&zoom=14
"Italia, Garda, Punta San Vigilio, Landschaft","Blick auf den Lago di Garda, im Vordergrund drei Olivenbäume, dahinter Zypressen",45.5727085,10.6719114,Nein,Punta San Vigilio,lcmt-nabi-pctmp_ead_wehr_16028-B_pctmp.jpg,,1906,,Schweizerische Nationalbibliothek,Link,https://commons.wikimedia.org/entity/M145026124,"Italia, Garda, Punta San Vigilio","Blick auf den Lago di Garda, im Vordergrund drei Olivenbäume, dahinter Zypressen",1906,,,Italy,Lombardia,Punta San Vigilio,45.5727085,10.6719114,4,False,1,0.0,https://www.openstreetmap.org/?mlat=45.5727085&mlon=10.6719114&zoom=14
"Italia, Isola di Garda, Villa Borghese, Gesamtaussenansicht",Villa Borghese auf der Isola di Garda,45.5928053,10.5906933,Nein,Isola di Garda,lcmt-nabi-pctmp_ead_wehr_16029-B_pctmp.jpg,,1906,,Schweizerische Nationalbibliothek,Link,https://commons.wikimedia.org/entity/M145026084,"Villa Borghese, Gesamtaussenansicht",Villa Borghese auf der Isola di Garda,1906,,,Italy,Lombardia,Isola di Garda,45.58333,10.58333,3,True,0,1.2,https://www.openstreetmap.org/?mlat=45.58333&mlon=10.58333&zoom=14
"Vierwaldstättersee, Landschaft","Blick auf den Vierwaldstättersee mit einem Ruderboot und Ruderer darauf, im Hintergrund Urirotstock (Urirothstock)",46.9854161,8.4988048,Nein,Vierwaldstättersee,lcmt-nabi-pctmp_ead_wehr_1603-B_pctmp.jpg,Schwyz,1906,,Schweizerische Nationalbibliothek,Harry Wehrli,https://commons.wikimedia.org/entity/M144066933,"Vierwaldstättersee, Landschaft","Blick auf den Vierwaldstättersee mit einem Ruderboot und Ruderer darauf, im Hintergrund Urirotstock (Urirothstock)",1906,Harry Wehrli,,Switzerland,Kanton Schwyz,Vierwaldstättersee,46.9819,8.48,5,False,0,1.48,https://www.openstreetmap.org/?mlat=46.9819&mlon=8.48&zoom=14
"Italia, San Martino della Battaglia, Kriegerdenkmal, Gesamtansicht","Blick auf das Kriegerdenkmal, daneben ein Zypressenhain",43.7130588,10.4044808,Nein,San Martino,lcmt-nabi-pctmp_ead_wehr_16032-B_pctmp.jpg,,1906,,Schweizerische Nationalbibliothek,Link,https://commons.wikimedia.org/entity/M145026012,"Kriegerdenkmal, San Martino della Battaglia","Blick auf das Kriegerdenkmal, daneben ein Zypressenhain",1906,,,Italy,Lombardia,San Martino della Battaglia,45.4333,10.6,5,False,0,191.91,https://www.openstreetmap.org/?mlat=45.4333&mlon=10.6&zoom=14
"Italia, Riva del Garda, Ortsteilansicht","Blick auf Riva del Garda, im Vordergrund ein Denkmal",45.8847708,10.8396942,Nein,Riva del Garda,lcmt-nabi-pctmp_ead_wehr_16033-B_pctmp.jpg,,1906,,Schweizerische Nationalbibliothek,Link,https://commons.wikimedia.org/entity/M145025984,"Riva del Garda, Ortsteilansicht","Blick auf Riva del Garda, im Vordergrund ein Denkmal",1906,,,Italy,Trentino-Alto Adige,Riva del Garda,45.88577,10.84117,3,True,0,0.16,https://www.openstreetmap.org/?mlat=45.88577&mlon=10.84117&zoom=14
"Italia, Sirmione, Grotte di Catullo, Teilaussenansicht","Blick auf die Ruinen der römischen Villa Grotte di Catullo, auch Grotten des Catull genannt",45.4688494,10.6078237,Nein,Sirmione,lcmt-nabi-pctmp_ead_wehr_16034-B_pctmp.jpg,,1906,,Schweizerische Nationalbibliothek,Link,https://commons.wikimedia.org/entity/M145025951,"Grotte di Catullo, Sirmione","Blick auf die Ruinen der römischen Villa Grotte di Catullo, auch Grotten des Catull genannt",1906,,,Italy,Lombardia,Sirmione,45.5009128,10.6067079,4,False,1,3.57,https://www.openstreetmap.org/?mlat=45.5009128&mlon=10.6067079&zoom=14
"Italia, Sirmione, Grotte di Catullo, Teilaussenansicht","Blick auf die Ruinen der römischen Villa Grotte di Catullo, auch Grotten des Catull genannt, im Hintergrund ist der Gardasee zu sehen",45.4688494,10.6078237,Nein,Sirmione,lcmt-nabi-pctmp_ead_wehr_16035-B_pctmp.jpg,,1906,,Schweizerische Nationalbibliothek,Link,https://commons.wikimedia.org/entity/M145025915,"Grotte di Catullo, Sirmione","Blick auf die Ruinen der römischen Villa Grotte di Catullo, auch Grotten des Catull genannt, im Hintergrund ist der Gardasee zu sehen",1906,,,Italy,Lombardia,Sirmione,45.5009128,10.6067079,4,False,1,3.57,https://www.openstreetmap.org/?mlat=45.5009128&mlon=10.6067079&zoom=14
"Italia, Isola di Garda, Gesamtansicht",Blick auf die Isola di Garda,45.5928053,10.5906933,Nein,Isola di Garda,lcmt-nabi-pctmp_ead_wehr_16036-B_pctmp.jpg,,1906,,Schweizerische Nationalbibliothek,Link,https://commons.wikimedia.org/entity/M145025884,"Isola di Garda, Gesamtansicht",Blick auf die Isola di Garda,1906,,,Italy,Lombardia,Isola di Garda,45.58333,10.58333,5,False,0,1.2,https://www.openstreetmap.org/?mlat=45.58333&mlon=10.58333&zoom=14
"Italia, Desenzano del Garda, Ortsteilansicht",Segelschiffe im Hafen von Desenzano del Garda,45.4694851,10.5389467,Nein,Desenzano del Garda,lcmt-nabi-pctmp_ead_wehr_16037-B_pctmp.jpg,,1906,,Schweizerische Nationalbibliothek,Link,https://commons.wikimedia.org/entity/M145025845,"Desenzano del Garda, Hafen",Segelschiffe im Hafen von Desenzano del Garda,1906,,,Italy,Lombardia,Desenzano del Garda,45.47127,10.53559,3,True,0,0.33,https://www.openstreetmap.org/?mlat=45.47127&mlon=10.53559&zoom=14
"Italia, Riva del Garda, Ortsteilansicht",Hafen von Riva del Garda,45.8847708,10.8396942,Nein,Riva del Garda,lcmt-nabi-pctmp_ead_wehr_16038-B_pctmp.jpg,,1906,,Schweizerische Nationalbibliothek,Link,https://commons.wikimedia.org/entity/M145025821,"Italia, Riva del Garda, Ortsteilansicht",Hafen von Riva del Garda,1906,,,Italy,Trentino-Alto Adige,Riva del Garda,45.88577,10.84117,3,True,0,0.16,https://www.openstreetmap.org/?mlat=45.88577&mlon=10.84117&zoom=14
"Brunnen, Ortsgesamtansicht",Blick auf Brunnen; im Vordergrund ist der Vierwaldstättersee mit dem Schiff Unterwalden zu sehen; im Hintergrund sind die Mythen zu sehen,46.9940439,8.6054085,Nein,Brunnen,lcmt-nabi-pctmp_ead_wehr_1604-B_pctmp.jpg,Schwyz,1906,,Schweizerische Nationalbibliothek,Harry Wehrli,https://commons.wikimedia.org/entity/M144067052,"Brunnen, Ortsgesamtansicht",Blick auf Brunnen; im Vordergrund ist der Vierwaldstättersee mit dem Schiff Unterwalden zu sehen; im Hintergrund sind die Mythen zu sehen,1906,Harry Wehrli,,Switzerland,Kanton Schwyz,Brunnen,46.9936,8.60538,3,True,0,0.05,https://www.openstreetmap.org/?mlat=46.9936&mlon=8.60538&zoom=14
"Italia, Isola di Garda, Teilansicht",Blick auf die Isola di Garda vom Ufer des Gardasees aus,45.5928053,10.5906933,Nein,Isola di Garda,lcmt-nabi-pctmp_ead_wehr_16041-B_pctmp.jpg,,1906,,Schweizerische Nationalbibliothek,Link,https://commons.wikimedia.org/entity/M145025773,"Isola di Garda, Teilansicht",Blick auf die Isola di Garda vom Ufer des Gardasees aus,1906,,,Italy,Lombardia,Isola di Garda,45.58333,10.58333,5,False,0,1.2,https://www.openstreetmap.org/?mlat=45.58333&mlon=10.58333&zoom=14
"Italia, Riva del Garda, Ortsgesamtansicht","Blick auf Riva del Garda, im Vordergrund der Lago di Garda",45.8847708,10.8396942,Nein,Riva del Garda,lcmt-nabi-pctmp_ead_wehr_16042-B_pctmp.jpg,,1906,,Schweizerische Nationalbibliothek,Link,https://commons.wikimedia.org/entity/M145025738,"Riva del Garda, Ortsgesamtansicht","Blick auf Riva del Garda, im Vordergrund der Lago di Garda",1906,,,Italy,Trentino-Alto Adige,Riva del Garda,45.88577,10.84117,3,True,0,0.16,https://www.openstreetmap.org/?mlat=45.88577&mlon=10.84117&zoom=14
"Italia, Limone sul Garda, Ortsteilansicht","Blick vom Lago di Garda auf Limone sul Garda, im Vordergrund drei Boote",45.8141083,10.7915342,Nein,Limone sul Garda,lcmt-nabi-pctmp_ead_wehr_16043-B_pctmp.jpg,,1906,,Schweizerische Nationalbibliothek,Link,https://commons.wikimedia.org/entity/M145025718,"Limone sul Garda, Ortsteilansicht","Blick vom Lago di Garda auf Limone sul Garda, im Vordergrund drei Boote",1906,,,Italy,Lombardia,Limone sul Garda,45.8145,10.79278,3,True,0,0.11,https://www.openstreetmap.org/?mlat=45.8145&mlon=10.79278&zoom=14
"Italia, Lago di Garda, Ponalestrasse, Teilansicht","Blick auf die Serpentinen der Ponalestrasse, im Hintergrund der Lago di Garda",45.6624314,10.6861569,Nein,Lago di Garda,lcmt-nabi-pctmp_ead_wehr_16044-B_pctmp.jpg,,1906,,Schweizerische Nationalbibliothek,Link,https://commons.wikimedia.org/entity/M145025686,"Ponalestrasse, Lago di Garda","Blick auf die Serpentinen der Ponalestrasse, im Hintergrund der Lago di Garda",1906,,,Italy,Trentino-Alto Adige,Lago di Garda,45.66667,10.68333,3,True,0,0.52,https://www.openstreetmap.org/?mlat=45.66667&mlon=10.68333&zoom=14
"Italia, Tremosine sul Garda, Ortsteilansicht",Blick auf Tremosine und den Lago di Garda,45.7710786,10.7607733,Nein,Tremosine sul Garda,lcmt-nabi-pctmp_ead_wehr_16045-B_pctmp.jpg,,1906,,Schweizerische Nationalbibliothek,Link,https://commons.wikimedia.org/entity/M145025650,"Tremosine sul Garda, Ortsteilansicht",Blick auf Tremosine und den Lago di Garda,1906,,,Italy,Lombardia,Tremosine sul Garda,45.77149,10.75778,3,True,0,0.24,https://www.openstreetmap.org/?mlat=45.77149&mlon=10.75778&zoom=14
"Italia, Verona, Piazza delle Erbe, Ortsteilansicht",Marktstände auf der Piazza delle Erbe in Verona,45.4424977,10.9857377,Nein,Verona,lcmt-nabi-pctmp_ead_wehr_16046-B_pctmp.jpg,,1906,,Schweizerische Nationalbibliothek,Link,https://commons.wikimedia.org/entity/M145025620,"Piazza delle Erbe, Verona",Marktstände auf der Piazza delle Erbe in Verona,1906,,,Italy,Veneto,Verona,45.44299,10.99729,5,False,0,0.9,https://www.openstreetmap.org/?mlat=45.44299&mlon=10.99729&zoom=14
"Italia, Verona, Ponte Petra, Teilansicht",Ponte Pietra in Verona,45.4424977,10.9857377,Nein,Verona,lcmt-nabi-pctmp_ead_wehr_16047-B_pctmp.jpg,,1906,,Schweizerische Nationalbibliothek,Link,https://commons.wikimedia.org/entity/M145025587,"Ponte Pietra, Verona",Ponte Pietra in Verona,1906,,,Italy,Veneto,Verona,45.44777,10.99996,5,False,0,1.25,https://www.openstreetmap.org/?mlat=45.44777&mlon=10.99996&zoom=14
"Italia, Verona, Giardino Giusti, Ortsteilansicht",Ansicht eines Teils des Giardino Giusti in Verona,45.4424977,10.9857377,Nein,Verona,lcmt-nabi-pctmp_ead_wehr_16048-B_pctmp.jpg,,1906,,Schweizerische Nationalbibliothek,Link,https://commons.wikimedia.org/entity/M145025542,"Giardino Giusti, Verona",Ansicht eines Teils des Giardino Giusti in Verona,1906,,,Italy,Veneto,Verona,45.44369,11.00732,5,False,0,1.69,https://www.openstreetmap.org/?mlat=45.44369&mlon=11.00732&zoom=14
"Brunnen, Hotel Waldstätterhof, Gesamtaussenansicht",Blick auf das Hotel Waldstätterhof am Ufer des Vierwaldstättersees,46.9940439,8.6054085,Nein,Brunnen,lcmt-nabi-pctmp_ead_wehr_1605-B_pctmp.jpg,Schwyz,1906,,Schweizerische Nationalbibliothek,Harry Wehrli,https://commons.wikimedia.org/entity/M144067257,"Hotel Waldstätterhof, Brunnen",Blick auf das Hotel Waldstätterhof am Ufer des Vierwaldstättersees,1906,Harry Wehrli,,Switzerland,Kanton Schwyz,Brunnen,46.9937702,8.6034558,4,False,1,0.15,https://www.openstreetmap.org/?mlat=46.9937702&mlon=8.6034558&zoom=14
"Italia, Sirmione, Landschaft","Blick auf die Halbinsel bei Sirmione vom Ufer des Gardasees aus gesehen, im Vordergrund sitzt ein Mann in einem Boot",45.4688494,10.6078237,Nein,Sirmione,lcmt-nabi-pctmp_ead_wehr_16052-B_pctmp.jpg,,1906,,Schweizerische Nationalbibliothek,Link,https://commons.wikimedia.org/entity/M145025466,"Sirmione, Landschaft","Blick auf die Halbinsel bei Sirmione vom Ufer des Gardasees aus gesehen, im Vordergrund sitzt ein Mann in einem Boot",1906,,,Italy,Lombardia,Sirmione,45.49744,10.60507,3,True,0,3.19,https://www.openstreetmap.org/?mlat=45.49744&mlon=10.60507&zoom=14
"Italia, Verona, Cattedrale di Santa Maria Assunta, Gesamtaussenansicht",Ansicht der Cattedrale di Santa Maria Assunta in Verona,45.4424977,10.9857377,Nein,Verona,lcmt-nabi-pctmp_ead_wehr_16053-B_pctmp.jpg,,1906,,Schweizerische Nationalbibliothek,Link,https://commons.wikimedia.org/entity/M145025433,"Cattedrale di Santa Maria Assunta, Gesamtaussenansicht",Ansicht der Cattedrale di Santa Maria Assunta in Verona,1906,,,Italy,Veneto,Verona,45.43854,10.9938,3,True,0,0.77,https://www.openstreetmap.org/?mlat=45.43854&mlon=10.9938&zoom=14
"Italia, Salò, Ortsteilansicht",Haus am Ufer des Lago di Garda in Salò,45.6056775,10.520069,Nein,Salò,lcmt-nabi-pctmp_ead_wehr_16054-B_pctmp.jpg,,1906,,Schweizerische Nationalbibliothek,Link,https://commons.wikimedia.org/entity/M145025399,"Salò, Ortsteilansicht",Haus am Ufer des Lago di Garda in Salò,1906,,,Italy,Lombardia,Salò,45.60685,10.5205,3,True,0,0.13,https://www.openstreetmap.org/?mlat=45.60685&mlon=10.5205&zoom=14
"Italia, Verona, L'arca di Mastino II, Gesamtansicht",Ansicht des Monuments 'L'arca di Mastino II' in Verona,45.4424977,10.9857377,Nein,Verona,lcmt-nabi-pctmp_ead_wehr_16055-B_pctmp.jpg,,1906,,Schweizerische Nationalbibliothek,Link,https://commons.wikimedia.org/entity/M145025334,"L'arca di Mastino II, Gesamtansicht",Ansicht des Monuments 'L'arca di Mastino II' in Verona,1906,,,Italy,Veneto,Verona,45.43854,10.9938,3,True,0,0.77,https://www.openstreetmap.org/?mlat=45.43854&mlon=10.9938&zoom=14
"Italia, San Martino della Battaglia, Landschaft",Ansicht eines Zypressenhains in San Martino della Battaglia,45.4386608,10.5979528,Nein,San Martino della Battaglia,lcmt-nabi-pctmp_ead_wehr_16057-B_pctmp.jpg,,1906,,Schweizerische Nationalbibliothek,Link,https://commons.wikimedia.org/entity/M145025305,"San Martino della Battaglia, Landschaft",Ansicht eines Zypressenhains in San Martino della Battaglia,1906,,,Italy,Lombardia,San Martino della Battaglia,45.43832,10.60053,3,True,0,0.2,https://www.openstreetmap.org/?mlat=45.43832&mlon=10.60053&zoom=14
"Italia, Verona, Ortsteilansicht",Blick über die Dächer Veronas,45.4424977,10.9857377,Nein,Verona,lcmt-nabi-pctmp_ead_wehr_16058-B_pctmp.jpg,,1906,,Schweizerische Nationalbibliothek,Link,https://commons.wikimedia.org/entity/M145025286,"Verona, Ortsteilansicht",Blick über die Dächer Veronas,1906,,,Italy,Veneto,Verona,45.43854,10.9938,3,True,0,0.77,https://www.openstreetmap.org/?mlat=45.43854&mlon=10.9938&zoom=14
"Italia, Lazise, Castello Scaligero, Teilaussenansicht","Blick auf die mittelalterliche Burg Castello Scaligero, auch Scaligerburg genannt",45.5052005,10.7330245,Nein,Lazise,lcmt-nabi-pctmp_ead_wehr_16059-B_pctmp.jpg,,1906,,Schweizerische Nationalbibliothek,Link,https://commons.wikimedia.org/entity/M145025267,"Castello Scaligero, Teilaussenansicht","Blick auf die mittelalterliche Burg Castello Scaligero, auch Scaligerburg genannt",1906,,,Italy,Veneto,Lazise,45.50499,10.73923,3,True,0,0.48,https://www.openstreetmap.org/?mlat=45.50499&mlon=10.73923&zoom=14
"Italia, Sirmione, Chiesa di Sant'Anna della Rocca, Teilaussenansicht",Blick auf den Turm der Chiesa di Sant'Anna della Rocca,45.6056775,10.520069,Nein,Salò,lcmt-nabi-pctmp_ead_wehr_16060-B_pctmp.jpg,,1906,,Schweizerische Nationalbibliothek,Link,https://commons.wikimedia.org/entity/M145025243,"Chiesa di Sant'Anna della Rocca, Teilaussenansicht",Blick auf den Turm der Chiesa di Sant'Anna della Rocca,1906,,,Italy,Lombardia,Salò,45.60685,10.5205,3,True,0,0.13,https://www.openstreetmap.org/?mlat=45.60685&mlon=10.5205&zoom=14
"Italia, Sirmione, Grotte di Catullo, Teilaussenansicht","Ansicht der Mauerreste der römischen Villa Grotte di Catullo, auch Grotten des Catull genannt",45.4688494,10.6078237,Nein,Sirmione,lcmt-nabi-pctmp_ead_wehr_16061-B_pctmp.jpg,,1906,,Schweizerische Nationalbibliothek,Link,https://commons.wikimedia.org/entity/M145025208,"Grotte di Catullo, Teilaussenansicht","Ansicht der Mauerreste der römischen Villa Grotte di Catullo, auch Grotten des Catull genannt",1906,,,Italy,Lombardia,Sirmione,45.5009128,10.6067079,4,False,1,3.57,https://www.openstreetmap.org/?mlat=45.5009128&mlon=10.6067079&zoom=14
"Italia, Sirmione, Chiesa di San Pietro in Mavino, Gesamtaussenansicht",Blick auf die Chiesa di San Pietro in Mavino,45.4688494,10.6078237,Nein,Sirmione,lcmt-nabi-pctmp_ead_wehr_16062-B_pctmp.jpg,,1906,,Schweizerische Nationalbibliothek,Link,https://commons.wikimedia.org/entity/M145025165,"Chiesa di San Pietro in Mavino, Gesamtaussenansicht",Blick auf die Chiesa di San Pietro in Mavino,1906,,,Italy,Lombardia,Sirmione,45.498177,10.6049179,4,False,1,3.27,https://www.openstreetmap.org/?mlat=45.498177&mlon=10.6049179&zoom=14
"Italia, Gardone Riviera, Grand Hotel, Gesamtaussenansicht",Blick auf das Grand Hotel in Gardone vom Lago di Garda aus,45.6187853,10.5591005,Nein,Gardone Riviera,lcmt-nabi-pctmp_ead_wehr_16063-B_pctmp.jpg,,1906,,Schweizerische Nationalbibliothek,Link,https://commons.wikimedia.org/entity/M145025104,"Grand Hotel, Gesamtaussenansicht",Blick auf das Grand Hotel in Gardone vom Lago di Garda aus,1906,,,Italy,Lombardia,Gardone Riviera,45.6184809,10.5613697,4,False,1,0.18,https://www.openstreetmap.org/?mlat=45.6184809&mlon=10.5613697&zoom=14
"Italia, Maderno, Ortsteilansicht",Piazza San Marco in Maderno,46.0898035,11.1408947,Nein,Maderno,lcmt-nabi-pctmp_ead_wehr_16064-B_pctmp.jpg,,1906,,Schweizerische Nationalbibliothek,Link,https://commons.wikimedia.org/entity/M145025056,"Italia, Maderno, Piazza San Marco",Piazza San Marco in Maderno,1906,,,Italy,Lombardia,Maderno,45.6351736,10.5996464,4,False,1,65.67,https://www.openstreetmap.org/?mlat=45.6351736&mlon=10.5996464&zoom=14
"Italia, Malcesine, Ortsteilansicht",Blick von einer Anhöhe aus auf Malcesine und den Lago di Garda,45.7643442,10.8100598,Nein,Malcesine,lcmt-nabi-pctmp_ead_wehr_16065-B_pctmp.jpg,,1906,,Schweizerische Nationalbibliothek,Link,https://commons.wikimedia.org/entity/M145025022,"Italia, Malcesine, Ortsteilansicht",Blick von einer Anhöhe aus auf Malcesine und den Lago di Garda,1906,,,Italy,Veneto,Malcesine,45.7614,10.80863,3,True,0,0.35,https://www.openstreetmap.org/?mlat=45.7614&mlon=10.80863&zoom=14
"Italia, Sirmione, Castello scaligero, Teilaussenansicht","Castello scaligero in Sirmione, im Vordergrund mehrere Boote",45.4688494,10.6078237,Nein,Sirmione,lcmt-nabi-pctmp_ead_wehr_16066-B_pctmp.jpg,,1906,,Schweizerische Nationalbibliothek,Link,https://commons.wikimedia.org/entity/M145024978,"Castello scaligero, Teilaussenansicht","Castello scaligero in Sirmione, im Vordergrund mehrere Boote",1906,,,Italy,Lombardia,Sirmione,45.49218,10.60821,5,False,0,2.59,https://www.openstreetmap.org/?mlat=45.49218&mlon=10.60821&zoom=14
"Italia, Sirmione, Ortsteilansicht",Blick von einer Anhöhe aus auf einen Teil von Sirmione und den Lago di Garda,45.4688494,10.6078237,Nein,Sirmione,lcmt-nabi-pctmp_ead_wehr_16067-B_pctmp.jpg,,1906,,Schweizerische Nationalbibliothek,Link,https://commons.wikimedia.org/entity/M145024945,"Sirmione, Ortsteilansicht",Blick von einer Anhöhe aus auf einen Teil von Sirmione und den Lago di Garda,1906,,,Italy,Lombardia,Sirmione,45.49744,10.60507,3,True,0,3.19,https://www.openstreetmap.org/?mlat=45.49744&mlon=10.60507&zoom=14
"Italia, Salò, Landschaft",Wiese bei Salò mit Fischernetzen ausgelegt,45.6056775,10.520069,Nein,Salò,lcmt-nabi-pctmp_ead_wehr_16068-B_pctmp.jpg,,1906,,Schweizerische Nationalbibliothek,Link,https://commons.wikimedia.org/entity/M145024923,"Salò, Landschaft",Wiese bei Salò mit Fischernetzen ausgelegt,1906,,,Italy,Lombardia,Salò,45.60685,10.5205,3,True,0,0.13,https://www.openstreetmap.org/?mlat=45.60685&mlon=10.5205&zoom=14
"Italia, Nago-Torbole, Torbole, Kirche Sant'Andrea, Teilaussenansicht",Blick den Hang hinauf zur Kirche Sant'Andrea,45.512581,10.115467,Nein,Torbole,lcmt-nabi-pctmp_ead_wehr_16069-B_pctmp.jpg,,1906,,Schweizerische Nationalbibliothek,Link,https://commons.wikimedia.org/entity/M145024881,"Kirche Sant'Andrea, Teilaussenansicht",Blick den Hang hinauf zur Kirche Sant'Andrea,1906,,,Italy,Trentino-Alto Adige,Torbole,45.86951,10.87561,3,True,0,71.14,https://www.openstreetmap.org/?mlat=45.86951&mlon=10.87561&zoom=14
"Italia, Malcesine, Ortsteilansicht",Beladene Segelboote im Hafen von Malcesine,45.7643442,10.8100598,Nein,Malcesine,lcmt-nabi-pctmp_ead_wehr_16071-B_pctmp.jpg,,1906,,Schweizerische Nationalbibliothek,Link,https://commons.wikimedia.org/entity/M145024843,"Malcesine, Ortsteilansicht",Beladene Segelboote im Hafen von Malcesine,1906,,,Italy,Veneto,Malcesine,45.7614,10.80863,3,True,0,0.35,https://www.openstreetmap.org/?mlat=45.7614&mlon=10.80863&zoom=14
"Italia, Arco, Landschaft",Blick auf einen Olivenhain,45.9181327,10.8860953,Nein,Arco,lcmt-nabi-pctmp_ead_wehr_16072-B_pctmp.jpg,,1906,,Schweizerische Nationalbibliothek,Link,https://commons.wikimedia.org/entity/M145024823,"Arco, Landschaft",Blick auf einen Olivenhain,1906,,,Italy,Trentino-Alto Adige,Arco,45.91772,10.88672,3,True,0,0.07,https://www.openstreetmap.org/?mlat=45.91772&mlon=10.88672&zoom=14
"Italia, Garda, Punta San Vigilio, Landschaft","Blick entlang einer Strasse, die von Zypressen gesäumt ist, die am Ufer des Gardasees entlang führt",45.5727085,10.6719114,Nein,Punta San Vigilio,lcmt-nabi-pctmp_ead_wehr_16074-B_pctmp.jpg,,1906,,Schweizerische Nationalbibliothek,Link,https://commons.wikimedia.org/entity/M145024797,"Punta San Vigilio, Landschaft","Blick entlang einer Strasse, die von Zypressen gesäumt ist, die am Ufer des Gardasees entlang führt",1906,,,Italy,Veneto,Punta San Vigilio,45.5727085,10.6719114,4,False,1,0.0,https://www.openstreetmap.org/?mlat=45.5727085&mlon=10.6719114&zoom=14
"Italia, Isola di Garda, Villa Borghese, Gesamtaussenansicht",Villa Borghese auf der Isola di Garda,45.5928053,10.5906933,Nein,Isola di Garda,lcmt-nabi-pctmp_ead_wehr_16075-B_pctmp.jpg,,1906,,Schweizerische Nationalbibliothek,Link,https://commons.wikimedia.org/entity/M145024758,"Villa Borghese, Gesamtaussenansicht",Villa Borghese auf der Isola di Garda,1906,,,Italy,Lombardia,Isola di Garda,45.58333,10.58333,3,True,0,1.2,https://www.openstreetmap.org/?mlat=45.58333&mlon=10.58333&zoom=14
"Italia, Gargnano, Ortsteilansicht","Ufer von Gargnano, rechts ein Dampfschiff auf dem Lago di Garda",45.688138,10.6635006,Nein,Gargnano,lcmt-nabi-pctmp_ead_wehr_16076-B_pctmp.jpg,,1906,,Schweizerische Nationalbibliothek,Link,https://commons.wikimedia.org/entity/M145024732,"Italia, Gargnano, Ortsteilansicht","Ufer von Gargnano, rechts ein Dampfschiff auf dem Lago di Garda",1906,,,Italy,Lombardia,Gargnano,45.68586,10.65869,3,True,0,0.45,https://www.openstreetmap.org/?mlat=45.68586&mlon=10.65869&zoom=14
"Italia, Gargnano, Ortsteilansicht",Blick auf Gargnano und den Lago di Garda von einer Anhöhe aus,45.688138,10.6635006,Nein,Gargnano,lcmt-nabi-pctmp_ead_wehr_16077-B_pctmp.jpg,,1906,,Schweizerische Nationalbibliothek,Link,https://commons.wikimedia.org/entity/M145024700,"Italia, Gargnano, Ortsteilansicht",Blick auf Gargnano und den Lago di Garda von einer Anhöhe aus,1906,,,Italy,Lombardia,Gargnano,45.68586,10.65869,3,True,0,0.45,https://www.openstreetmap.org/?mlat=45.68586&mlon=10.65869&zoom=14
"Italia, Riva del Garda, Ortsgesamtansicht",Blick auf Riva del Garda von einer Anhöhe aus,45.8847708,10.8396942,Nein,Riva del Garda,lcmt-nabi-pctmp_ead_wehr_16078-B_pctmp.jpg,,1906,,Schweizerische Nationalbibliothek,Link,https://commons.wikimedia.org/entity/M145024673,"Italia, Riva del Garda, Ortsgesamtansicht",Blick auf Riva del Garda von einer Anhöhe aus,1906,,,Italy,Trentino-Alto Adige,Riva del Garda,45.88577,10.84117,3,True,0,0.16,https://www.openstreetmap.org/?mlat=45.88577&mlon=10.84117&zoom=14
"Italia, Lazise, Ortsteilansicht",Blick über den Gardasee hinweg auf Lazise vom Ufer aus gesehen,45.5052005,10.7330245,Nein,Lazise,lcmt-nabi-pctmp_ead_wehr_16079-B_pctmp.jpg,,1906,,Schweizerische Nationalbibliothek,Link,https://commons.wikimedia.org/entity/M145024630,"Italia, Lazise, Ortsteilansicht",Blick über den Gardasee hinweg auf Lazise vom Ufer aus gesehen,1906,,,Italy,Veneto,Lazise,45.50499,10.73923,3,True,0,0.48,https://www.openstreetmap.org/?mlat=45.50499&mlon=10.73923&zoom=14
"Brunnen, Gotthardbahn, Teilansicht",Blick auf die Gotthardbahn ; im Hintergrund ist der Frohnalpstock zu sehen,46.9940439,8.6054085,Nein,Brunnen,lcmt-nabi-pctmp_ead_wehr_1608-B_pctmp.jpg,Schwyz,1906,,Schweizerische Nationalbibliothek,Harry Wehrli,https://commons.wikimedia.org/entity/M144067337,"Brunnen, Gotthardbahn, Teilansicht",Blick auf die Gotthardbahn ; im Hintergrund ist der Frohnalpstock zu sehen,1906,Harry Wehrli,,Switzerland,Kanton Schwyz,Brunnen,46.9936,8.60538,3,True,0,0.05,https://www.openstreetmap.org/?mlat=46.9936&mlon=8.60538&zoom=14
"Italia, Malcesine, Ortsgesamtansicht","Blick auf Malcesine , im Vordergrund ein Hügel und der Lago di Garda",45.7643442,10.8100598,Nein,Malcesine,lcmt-nabi-pctmp_ead_wehr_16082-B_pctmp.jpg,,1906,,Schweizerische Nationalbibliothek,Link,https://commons.wikimedia.org/entity/M145024568,"Italia, Malcesine, Ortsgesamtansicht","Blick auf Malcesine , im Vordergrund ein Hügel und der Lago di Garda",1906,,,Italy,Veneto,Malcesine,45.7614,10.80863,3,True,0,0.35,https://www.openstreetmap.org/?mlat=45.7614&mlon=10.80863&zoom=14
"Italia, Salò, Ortsteilansicht",Ansicht des eines Stadttors in Salò,45.6056775,10.520069,Nein,Salò,lcmt-nabi-pctmp_ead_wehr_16084-B_pctmp.jpg,,1906,,Schweizerische Nationalbibliothek,Link,https://commons.wikimedia.org/entity/M145024524,"Italia, Salò, Ortsteilansicht",Ansicht des eines Stadttors in Salò,1906,,,Italy,Lombardia,Salò,45.60685,10.5205,3,True,0,0.13,https://www.openstreetmap.org/?mlat=45.60685&mlon=10.5205&zoom=14
"Italia, Sirmione, Ortsteilansicht",Blick von einer Anhöhe über die Dächer von Sirmione und auf den Lago di Garda,45.4688494,10.6078237,Nein,Sirmione,lcmt-nabi-pctmp_ead_wehr_16085-B_pctmp.jpg,,1906,,Schweizerische Nationalbibliothek,Link,https://commons.wikimedia.org/entity/M145024466,"Italia, Sirmione, Ortsteilansicht",Blick von einer Anhöhe über die Dächer von Sirmione und auf den Lago di Garda,1906,,,Italy,Lombardia,Sirmione,45.49744,10.60507,3,True,0,3.19,https://www.openstreetmap.org/?mlat=45.49744&mlon=10.60507&zoom=14
"Italia, Sirmione, Ortsteilansicht",Blick durch einen Torbogen auf Häsuder in Sirmione,45.4688494,10.6078237,Nein,Sirmione,lcmt-nabi-pctmp_ead_wehr_16086-B_pctmp.jpg,,1906,,Schweizerische Nationalbibliothek,Link,https://commons.wikimedia.org/entity/M145024414,"Italia, Sirmione, Ortsteilansicht",Blick durch einen Torbogen auf Häsuder in Sirmione,1906,,,Italy,Lombardia,Sirmione,45.49744,10.60507,3,True,0,3.19,https://www.openstreetmap.org/?mlat=45.49744&mlon=10.60507&zoom=14
"Italia, San Martino della Battaglia, Torre monumentale, Teilaussenansicht","Weg mit Zypressen, im Hintergrund der Torre monumentale di San Martino della Battaglia",45.4386608,10.5979528,Nein,San Martino della Battaglia,lcmt-nabi-pctmp_ead_wehr_16087-B_pctmp.jpg,,1906,,Schweizerische Nationalbibliothek,Link,https://commons.wikimedia.org/entity/M145024372,"Italia, San Martino della Battaglia, Torre","Weg mit Zypressen, im Hintergrund der Torre monumentale di San Martino della Battaglia",1906,,,Italy,Lombardia,San Martino della Battaglia,45.43832,10.60053,3,True,0,0.2,https://www.openstreetmap.org/?mlat=45.43832&mlon=10.60053&zoom=14
"Italia, Solferino, Knochenkapelle Ossario di Solferino, Teilinnenansicht",Blick auf den Altar und die Gebeine in der Knochenkapelle Ossario di Solferino,45.368581,10.566679,Nein,Solferino,lcmt-nabi-pctmp_ead_wehr_16088-B_pctmp.jpg,,1906,,Schweizerische Nationalbibliothek,Link,https://commons.wikimedia.org/entity/M145024336,"Italia, Solferino, Ossario di Solferino",Blick auf den Altar und die Gebeine in der Knochenkapelle Ossario di Solferino,1906,,,Italy,Lombardia,Solferino,45.3740879,10.5689763,4,False,1,0.64,https://www.openstreetmap.org/?mlat=45.3740879&mlon=10.5689763&zoom=14
"Italia, Nago-Torbole, Torbole, Friedhof, Teilansicht",Blick auf den Friedhof in Torbole,45.512581,10.115467,Nein,Torbole,lcmt-nabi-pctmp_ead_wehr_16090-B_pctmp.jpg,,1906,,Schweizerische Nationalbibliothek,Link,https://commons.wikimedia.org/entity/M145024300,"Italia, Torbole, Friedhof, Teilansicht",Blick auf den Friedhof in Torbole,1906,,,Italy,Trentino-Alto Adige,Torbole,45.86951,10.87561,3,True,0,71.14,https://www.openstreetmap.org/?mlat=45.86951&mlon=10.87561&zoom=14
"Italia, Nago-Torbole, Torbole, Landschaft",Blick auf einen Olivenhein gegen den Gardasee,45.512581,10.115467,Nein,Torbole,lcmt-nabi-pctmp_ead_wehr_16092-B_pctmp.jpg,,1906,,Schweizerische Nationalbibliothek,Link,https://commons.wikimedia.org/entity/M145024272,"Italia, Torbole, Landschaft",Blick auf einen Olivenhein gegen den Gardasee,1906,,,Italy,Trentino-Alto Adige,Torbole,45.86951,10.87561,3,True,0,71.14,https://www.openstreetmap.org/?mlat=45.86951&mlon=10.87561&zoom=14
"Italia, Malcesine, Castello Scaligero, Gesamtaussenansicht",Castello Scaligero in Malcesine vom Lago di Garda aus gesehen,45.7643442,10.8100598,Nein,Malcesine,lcmt-nabi-pctmp_ead_wehr_16093-B_pctmp.jpg,,1906,,Schweizerische Nationalbibliothek,Link,https://commons.wikimedia.org/entity/M145024244,"Italia, Malcesine, Castello Scaligero",Castello Scaligero in Malcesine vom Lago di Garda aus gesehen,1906,,,Italy,Veneto,Malcesine,45.7663,10.80879,5,False,0,0.24,https://www.openstreetmap.org/?mlat=45.7663&mlon=10.80879&zoom=14
"Italia, Sirmione, Landschaft","Blick auf die Uferzone des Gardasees bei Sirmione, im Hintergrund sind Burgmauern zu sehen",45.4688494,10.6078237,Nein,Sirmione,lcmt-nabi-pctmp_ead_wehr_16094-B_pctmp.jpg,,1906,,Schweizerische Nationalbibliothek,Link,https://commons.wikimedia.org/entity/M145024175,"Italia, Sirmione, Landschaft","Blick auf die Uferzone des Gardasees bei Sirmione, im Hintergrund sind Burgmauern zu sehen",1906,,,Italy,Lombardia,Sirmione,45.49744,10.60507,3,True,0,3.19,https://www.openstreetmap.org/?mlat=45.49744&mlon=10.60507&zoom=14
"Italia, Sirmione, Castello scaligero, Teilaussenansicht",Blick auf das Castello scaligero in Sirmione von einem Weg aus,45.4688494,10.6078237,Nein,Sirmione,lcmt-nabi-pctmp_ead_wehr_16097-B_pctmp.jpg,,1906,,Schweizerische Nationalbibliothek,Link,https://commons.wikimedia.org/entity/M145024080,"Italia, Sirmione, Castello scaligero",Blick auf das Castello scaligero in Sirmione von einem Weg aus,1906,,,Italy,Lombardia,Sirmione,45.49218,10.60821,5,False,0,2.59,https://www.openstreetmap.org/?mlat=45.49218&mlon=10.60821&zoom=14
"Italia, Sirmione, Ortsteilansicht",Platz nahe der Chiesa di Sant'Anna della Rocca in Sirmione,45.4688494,10.6078237,Nein,Sirmione,lcmt-nabi-pctmp_ead_wehr_16099-B_pctmp.jpg,,1906,,Schweizerische Nationalbibliothek,unknown photographer,https://commons.wikimedia.org/entity/M145024050,"Italia, Sirmione, Ortsteilansicht",Platz nahe der Chiesa di Sant'Anna della Rocca in Sirmione,1906,,,Italy,Lombardia,Sirmione,45.49744,10.60507,3,True,0,3.19,https://www.openstreetmap.org/?mlat=45.49744&mlon=10.60507&zoom=14
"Italia, Lago di Garda, Landschaft","Lago di Garda, im Hintergrund Garda",45.6624314,10.6861569,Nein,Lago di Garda,lcmt-nabi-pctmp_ead_wehr_16100-B_pctmp.jpg,,1906,,Schweizerische Nationalbibliothek,Link,https://commons.wikimedia.org/entity/M145024014,"Italia, Lago di Garda, Landschaft","Lago di Garda, im Hintergrund Garda",1906,unknown photographer,,Italy,Lombardia,Lago di Garda,45.6624314,10.6861569,2,True,1,0.0,https://www.openstreetmap.org/?mlat=45.6624314&mlon=10.6861569&zoom=14
"Italia, Maderno, Chiesa di Sant'Andrea, Gesamtaussenansicht",Ansicht der Chiesa di Sant'Andrea in Maderno,46.0898035,11.1408947,Nein,Maderno,lcmt-nabi-pctmp_ead_wehr_16102-B_pctmp.jpg,,1906,,Schweizerische Nationalbibliothek,Link,https://commons.wikimedia.org/entity/M145023979,"Italia, Maderno, Chiesa di Sant'Andrea",Ansicht der Chiesa di Sant'Andrea in Maderno,1906,,,Italy,Lombardia,Maderno,45.6358911,10.5996008,4,False,1,65.61,https://www.openstreetmap.org/?mlat=45.6358911&mlon=10.5996008&zoom=14
"Italia, Desenzano del Garda, Ortsteilansicht",Marktplatz in Desenzano del Garda,45.4694851,10.5389467,Nein,Desenzano del Garda,lcmt-nabi-pctmp_ead_wehr_16103-B_pctmp.jpg,,1906,,Schweizerische Nationalbibliothek,Link,https://commons.wikimedia.org/entity/M145023947,"Italia, Desenzano del Garda, Ortsteilansicht",Marktplatz in Desenzano del Garda,1906,,,Italy,Lombardia,Desenzano del Garda,45.47127,10.53559,3,True,0,0.33,https://www.openstreetmap.org/?mlat=45.47127&mlon=10.53559&zoom=14
"Italia, Lazise, Hafen, Teilansicht",Blick auf den Hafen von Lazise,45.5052005,10.7330245,Nein,Lazise,lcmt-nabi-pctmp_ead_wehr_16104-B_pctmp.jpg,,1906,,Schweizerische Nationalbibliothek,Link,https://commons.wikimedia.org/entity/M145023918,"Italia, Lazise, Hafen, Teilansicht",Blick auf den Hafen von Lazise,1906,,,Italy,Veneto,Lazise,45.50499,10.73923,3,True,0,0.48,https://www.openstreetmap.org/?mlat=45.50499&mlon=10.73923&zoom=14
"Italia, Malcesine, Ortsteilansicht",Blick von einer Anhöhe aus auf Malcesine und den Lago di Garda,45.7643442,10.8100598,Nein,Malcesine,lcmt-nabi-pctmp_ead_wehr_16105-B_pctmp.jpg,,1906,,Schweizerische Nationalbibliothek,Link,https://commons.wikimedia.org/entity/M145023891,"Italia, Malcesine, Ortsteilansicht",Blick von einer Anhöhe aus auf Malcesine und den Lago di Garda,1906,,,Italy,Veneto,Malcesine,45.7614,10.80863,3,True,0,0.35,https://www.openstreetmap.org/?mlat=45.7614&mlon=10.80863&zoom=14
"Italia, Verona, Basilica di Santa Anastasia, Teilaussenansicht","Portal der Basilica di Santa Anastasia in Verona, im Vordergrund das Monumento a Paolo Veronese",45.4424977,10.9857377,Nein,Verona,lcmt-nabi-pctmp_ead_wehr_16106-B_pctmp.jpg,,1906,,Schweizerische Nationalbibliothek,Link,https://commons.wikimedia.org/entity/M145023822,"Italia, Verona, Basilica di Santa Anastasia","Portal der Basilica di Santa Anastasia in Verona, im Vordergrund das Monumento a Paolo Veronese",1906,,,Italy,Veneto,Verona,45.44534,11.00031,5,False,0,1.18,https://www.openstreetmap.org/?mlat=45.44534&mlon=11.00031&zoom=14
"Italia, Verona, Piazza dei Signori, Ortsteilansicht",Ansicht der Piauua dei Signori in Verona,45.4424977,10.9857377,Nein,Verona,lcmt-nabi-pctmp_ead_wehr_16107-B_pctmp.jpg,,1906,,Schweizerische Nationalbibliothek,Link,https://commons.wikimedia.org/entity/M145023790,"Italia, Verona, Piazza dei Signori",Ansicht der Piauua dei Signori in Verona,1906,,,Italy,Veneto,Verona,45.44348,10.99808,5,False,0,0.97,https://www.openstreetmap.org/?mlat=45.44348&mlon=10.99808&zoom=14
"Italia, Lazise, Castello Scaligero, Teilaussenansicht",Blick auf die mittelalterliche Burg Castello Scaligero,45.5052005,10.7330245,Nein,Lazise,lcmt-nabi-pctmp_ead_wehr_16108-B_pctmp.jpg,,1906,,Schweizerische Nationalbibliothek,Link,https://commons.wikimedia.org/entity/M145023725,"Italia, Lazise, Castello Scaligero",Blick auf die mittelalterliche Burg Castello Scaligero,1906,,,Italy,Veneto,Lazise,45.50499,10.73923,3,True,0,0.48,https://www.openstreetmap.org/?mlat=45.50499&mlon=10.73923&zoom=14
"Italia, Gardone Riviera, Chiesa di San Michele, Teilaussenansicht","Blick auf die Chiesa di San Michele, im Vordergrund ein Hund auf einer Wiese sitzend",45.6187853,10.5591005,Nein,Gardone Riviera,lcmt-nabi-pctmp_ead_wehr_16109-B_pctmp.jpg,,1906,,Schweizerische Nationalbibliothek,Link,https://commons.wikimedia.org/entity/M145023624,"Italia, Gardone Riviera, Chiesa di San Michele","Blick auf die Chiesa di San Michele, im Vordergrund ein Hund auf einer Wiese sitzend",1906,,,Italy,Lombardia,Gardone Riviera,45.6307855,10.5497088,4,False,1,1.52,https://www.openstreetmap.org/?mlat=45.6307855&mlon=10.5497088&zoom=14
"Italia, Gargnano, Ortsgesamtansicht",Ansicht von Gargnano am Lago di Garda,45.688138,10.6635006,Nein,Gargnano,lcmt-nabi-pctmp_ead_wehr_16110-B_pctmp.jpg,,1906,,Schweizerische Nationalbibliothek,Link,https://commons.wikimedia.org/entity/M145023590,"Italia, Gargnano, Ortsgesamtansicht",Ansicht von Gargnano am Lago di Garda,1906,,,Italy,Lombardia,Gargnano,45.68586,10.65869,3,True,0,0.45,https://www.openstreetmap.org/?mlat=45.68586&mlon=10.65869&zoom=14
"Italia, Nago-Torbole, Torbole, Ortsteilansicht",Ansicht einiger Häuser von Torbole,45.512581,10.115467,Nein,Torbole,lcmt-nabi-pctmp_ead_wehr_16111-B_pctmp.jpg,,1906,,Schweizerische Nationalbibliothek,Link,https://commons.wikimedia.org/entity/M145023558,"Italia, Nago-Torbole, Torbole, Ortsteilansicht",Ansicht einiger Häuser von Torbole,1906,,,Italy,Trentino-Alto Adige,Torbole,45.86951,10.87561,3,True,0,71.14,https://www.openstreetmap.org/?mlat=45.86951&mlon=10.87561&zoom=14
"Italia, Desenzano del Garda, Leuchtturm, Gesamtaussenansicht",Blick auf den Leuchtturm gegen den Gardasee,45.4694851,10.5389467,Nein,Desenzano del Garda,lcmt-nabi-pctmp_ead_wehr_16112-B_pctmp.jpg,,1906,,Schweizerische Nationalbibliothek,Link,https://commons.wikimedia.org/entity/M145023521,"Italia, Desenzano del Garda, Leuchtturm",Blick auf den Leuchtturm gegen den Gardasee,1906,,,Italy,Lombardia,Desenzano del Garda,45.47127,10.53559,3,True,0,0.33,https://www.openstreetmap.org/?mlat=45.47127&mlon=10.53559&zoom=14
"Italia, Gardone Riviera, Ortsgesamtansicht",Blick auf Gardone Riviera von einer Anhöhe aus,45.6187853,10.5591005,Nein,Gardone Riviera,lcmt-nabi-pctmp_ead_wehr_16113-B_pctmp.jpg,,1906,,Schweizerische Nationalbibliothek,Link,https://commons.wikimedia.org/entity/M145023477,"Italia, Gardone Riviera, Ortsgesamtansicht",Blick auf Gardone Riviera von einer Anhöhe aus,1906,,,Italy,Lombardia,Gardone Riviera,45.62396,10.56682,3,True,0,0.83,https://www.openstreetmap.org/?mlat=45.62396&mlon=10.56682&zoom=14
"Italia, Gardone Riviera, Ortsteilansicht","Blick auf Gardone Riviera und den Gardasee von einer Anhöhe aus, am linken Bildrand sitzt ein Mann auf einer Bank, dahinter steht ein Baum",45.6187853,10.5591005,Nein,Gardone Riviera,lcmt-nabi-pctmp_ead_wehr_16114-B_pctmp.jpg,,1906,,Schweizerische Nationalbibliothek,Link,https://commons.wikimedia.org/entity/M145023417,"Italia, Gardone Riviera, Ortsteilansicht","Blick auf Gardone Riviera und den Gardasee von einer Anhöhe aus, am linken Bildrand sitzt ein Mann auf einer Bank, dahinter steht ein Baum",1906,,,Italy,Lombardia,Gardone Riviera,45.62396,10.56682,3,True,0,0.83,https://www.openstreetmap.org/?mlat=45.62396&mlon=10.56682&zoom=14
"Italia, Nago-Torbole, Torbole, Ortsteilansicht",Ansicht der Uferpromenade von Torbole,45.512581,10.115467,Nein,Torbole,lcmt-nabi-pctmp_ead_wehr_16115-B_pctmp.jpg,,1906,,Schweizerische Nationalbibliothek,Link,https://commons.wikimedia.org/entity/M145023383,"Italia, Nago-Torbole, Torbole, Uferpromenade",Ansicht der Uferpromenade von Torbole,1906,,,Italy,Trentino-Alto Adige,Torbole,45.86951,10.87561,3,True,0,71.14,https://www.openstreetmap.org/?mlat=45.86951&mlon=10.87561&zoom=14
"Italia, Gardone Riviera, Ortsteilansicht",Blick auf Gardone Riviera vom Ufer des Lago di Garda aus,45.6187853,10.5591005,Nein,Gardone Riviera,lcmt-nabi-pctmp_ead_wehr_16116-B_pctmp.jpg,,1906,,Schweizerische Nationalbibliothek,Link,https://commons.wikimedia.org/entity/M145023329,"Italia, Gardone Riviera, Ortsteilansicht",Blick auf Gardone Riviera vom Ufer des Lago di Garda aus,1906,,,Italy,Lombardia,Gardone Riviera,45.62396,10.56682,3,True,0,0.83,https://www.openstreetmap.org/?mlat=45.62396&mlon=10.56682&zoom=14
"Italia, Gardone Riviera, Ortsteilansicht",Blick auf einen Teil von Gardone Riviera und des Lago di Garda von einer Anhöhe aus; im Vordergrund Baumwipfel,45.6187853,10.5591005,Nein,Gardone Riviera,lcmt-nabi-pctmp_ead_wehr_16117-B_pctmp.jpg,,1906,,Schweizerische Nationalbibliothek,Link,https://commons.wikimedia.org/entity/M145023289,"Italia, Gardone Riviera, Ortsteilansicht",Blick auf einen Teil von Gardone Riviera und des Lago di Garda von einer Anhöhe aus; im Vordergrund Baumwipfel,1906,,,Italy,Lombardia,Gardone Riviera,45.62396,10.56682,3,True,0,0.83,https://www.openstreetmap.org/?mlat=45.62396&mlon=10.56682&zoom=14
"Italia, Salò, Ortsteilansicht",Strasse in Salò,45.6056775,10.520069,Nein,Salò,lcmt-nabi-pctmp_ead_wehr_16119-B_pctmp.jpg,,1906,,Schweizerische Nationalbibliothek,Link,https://commons.wikimedia.org/entity/M145023246,"Italia, Salò, Ortsteilansicht",Strasse in Salò,1906,,,Italy,Lombardia,Salò,45.60685,10.5205,3,True,0,0.13,https://www.openstreetmap.org/?mlat=45.60685&mlon=10.5205&zoom=14
"Italia, Garda, Punta San Vigilio, Landschaft","Blick entlang einer Strasse, die von Zypressen gesäumt ist",45.5727085,10.6719114,Nein,Punta San Vigilio,lcmt-nabi-pctmp_ead_wehr_16120-B_pctmp.jpg,,1906,,Schweizerische Nationalbibliothek,Link,https://commons.wikimedia.org/entity/M145023215,"Italia, Garda, Punta San Vigilio, Landschaft","Blick entlang einer Strasse, die von Zypressen gesäumt ist",1906,,,Italy,Veneto,Punta San Vigilio,45.5727085,10.6719114,4,False,1,0.0,https://www.openstreetmap.org/?mlat=45.5727085&mlon=10.6719114&zoom=14
"Italia, Sirmione, Ortsteilansicht",Blick auf Sirmione vom Lago di Garda aus,45.4688494,10.6078237,Nein,Sirmione,lcmt-nabi-pctmp_ead_wehr_16121-B_pctmp.jpg,,1906,,Schweizerische Nationalbibliothek,Link,https://commons.wikimedia.org/entity/M145023181,"Italia, Sirmione, Ortsteilansicht",Blick auf Sirmione vom Lago di Garda aus,1906,,,Italy,Lombardia,Sirmione,45.49744,10.60507,3,True,0,3.19,https://www.openstreetmap.org/?mlat=45.49744&mlon=10.60507&zoom=14
"Italia, Desenzano del Garda, Ortsteilansicht","Blick auf Desenzano del Garda, im Vordergrund ein Dampfschiff auf dem Lago di Garda",45.4694851,10.5389467,Nein,Desenzano del Garda,lcmt-nabi-pctmp_ead_wehr_16122-B_pctmp.jpg,,1906,,Schweizerische Nationalbibliothek,Link,https://commons.wikimedia.org/entity/M145023149,"Italia, Desenzano del Garda, Ortsteilansicht","Blick auf Desenzano del Garda, im Vordergrund ein Dampfschiff auf dem Lago di Garda",1906,,,Italy,Lombardia,Desenzano del Garda,45.47127,10.53559,3,True,0,0.33,https://www.openstreetmap.org/?mlat=45.47127&mlon=10.53559&zoom=14
"Italia, Lago di Garda, Teilansicht","Blick auf den Gardasee, am Ufer befindet sich eine Gruppe von Frauen, einige von ihnen sind am Waschen, im Vordergrund ist ein unbemanntes Ruderboot zu sehen",45.6624314,10.6861569,Nein,Lago di Garda,lcmt-nabi-pctmp_ead_wehr_16123-B_pctmp.jpg,,1906,,Schweizerische Nationalbibliothek,Link,https://commons.wikimedia.org/entity/M145023097,"Italia, Lago di Garda, Teilansicht","Blick auf den Gardasee, am Ufer befindet sich eine Gruppe von Frauen, einige von ihnen sind am Waschen, im Vordergrund ist ein unbemanntes Ruderboot zu sehen",1906,,,Italy,Lombardia,Lago di Garda,45.6667,10.6833,5,False,0,0.52,https://www.openstreetmap.org/?mlat=45.6667&mlon=10.6833&zoom=14
"Italia, Gardone Riviera, Grand Hotel, Gesamtaussenansicht",Ansicht des Grand Hotel in Gardone vom Lago di Garda aus,45.6187853,10.5591005,Nein,Gardone Riviera,lcmt-nabi-pctmp_ead_wehr_16124-B_pctmp.jpg,,1906,,Schweizerische Nationalbibliothek,Link,https://commons.wikimedia.org/entity/M145023073,"Italia, Gardone Riviera, Grand Hotel",Ansicht des Grand Hotel in Gardone vom Lago di Garda aus,1906,,,Italy,Lombardia,Gardone Riviera,45.6184809,10.5613697,4,False,1,0.18,https://www.openstreetmap.org/?mlat=45.6184809&mlon=10.5613697&zoom=14
"Italia, Arco, Ortsteilansicht",Blick vom Park auf die Ruine des Castello di Arco,45.9181327,10.8860953,Nein,Arco,lcmt-nabi-pctmp_ead_wehr_16125-B_pctmp.jpg,,1906,,Schweizerische Nationalbibliothek,Link,https://commons.wikimedia.org/entity/M145023053,"Italia, Arco, Ortsteilansicht",Blick vom Park auf die Ruine des Castello di Arco,1906,,,Italy,Trentino-Alto Adige,Arco,45.9223221,10.8883004,4,False,1,0.5,https://www.openstreetmap.org/?mlat=45.9223221&mlon=10.8883004&zoom=14
"Italia, Gardone Riviera, Morgnaga, Ortsteilansicht",Ansicht von Morgnaga,45.6187853,10.5591005,Nein,Gardone Riviera,lcmt-nabi-pctmp_ead_wehr_16126-B_pctmp.jpg,,1906,,Schweizerische Nationalbibliothek,Link,https://commons.wikimedia.org/entity/M145023032,"Italia, Gardone Riviera, Morgnaga, Ortsteilansicht",Ansicht von Morgnaga,1906,,,Italy,Lombardia,Gardone Riviera,45.62396,10.56682,3,True,0,0.83,https://www.openstreetmap.org/?mlat=45.62396&mlon=10.56682&zoom=14
"Italia, Tremosine sul Garda, Ortsteilansicht",Blick über einige Dächer von Tremosine,45.7710786,10.7607733,Nein,Tremosine,lcmt-nabi-pctmp_ead_wehr_16127-B_pctmp.jpg,,1906,,Schweizerische Nationalbibliothek,Link,https://commons.wikimedia.org/entity/M145022996,"Italia, Tremosine sul Garda, Ortsteilansicht",Blick über einige Dächer von Tremosine,1906,,,Italy,Lombardia,Tremosine sul Garda,45.77149,10.75778,3,True,0,0.24,https://www.openstreetmap.org/?mlat=45.77149&mlon=10.75778&zoom=14
"Italia, Gadone Riviera, Ortsteilansicht",Blick auf einen Teil von Gardone von Lago di Garda aus,45.6187853,10.5591005,Nein,Gardone Riviera,lcmt-nabi-pctmp_ead_wehr_16128-B_pctmp.jpg,,1906,,Schweizerische Nationalbibliothek,Link,https://commons.wikimedia.org/entity/M145022980,"Italia, Gardone Riviera, Ortsteilansicht",Blick auf einen Teil von Gardone von Lago di Garda aus,1906,,,Italy,Lombardia,Gardone Riviera,45.62396,10.56682,3,True,0,0.83,https://www.openstreetmap.org/?mlat=45.62396&mlon=10.56682&zoom=14
"Italia, Garda, Punta San Vigilio, Ortsteilansicht",Punta San Vigilio am Lago di Garda,45.5727085,10.6719114,Nein,Punta San Vigilio,lcmt-nabi-pctmp_ead_wehr_16129-B_pctmp.jpg,,1906,,Schweizerische Nationalbibliothek,Link,https://commons.wikimedia.org/entity/M145022949,"Italia, Garda, Punta San Vigilio, Ortsteilansicht",Punta San Vigilio am Lago di Garda,1906,,,Italy,Veneto,Punta San Vigilio,45.5727085,10.6719114,4,False,1,0.0,https://www.openstreetmap.org/?mlat=45.5727085&mlon=10.6719114&zoom=14
"Muotathal, Pfarrkirche, Gesamtaussenansicht","Muotathal, Ortsteilansicht mit Kirche",46.974668,8.7658029,Nein,Muotathal,lcmt-nabi-pctmp_ead_wehr_1613-B_pctmp.jpg,Schwyz,circa 1906,,Schweizerische Nationalbibliothek,unknown photographer,https://commons.wikimedia.org/entity/M144067407,"Muotathal, Pfarrkirche, Gesamtaussenansicht","Muotathal, Ortsteilansicht mit Kirche",1906,unknown photographer,,Switzerland,Kanton Schwyz,Muotathal,46.977379,8.760064,4,False,1,0.53,https://www.openstreetmap.org/?mlat=46.977379&mlon=8.760064&zoom=14
"Italia, Garda, Punta San Vigilio, Park, Teilansicht",Ansicht des Parks in Punta San Vigilio,45.5727085,10.6719114,Nein,Punta San Vigilio,lcmt-nabi-pctmp_ead_wehr_16131-B_pctmp.jpg,,1906,,Schweizerische Nationalbibliothek,Link,https://commons.wikimedia.org/entity/M145022816,"Italia, Garda, Punta San Vigilio, Park, Teilansicht",Ansicht des Parks in Punta San Vigilio,1906,,,Italy,Veneto,Punta San Vigilio,45.5727085,10.6719114,4,False,1,0.0,https://www.openstreetmap.org/?mlat=45.5727085&mlon=10.6719114&zoom=14
"Italia, Riva del Garda, Cascate del Ponale, Landschaft",Ansicht des Cascata del Ponale bei Riva del Garda,45.8847708,10.8396942,Nein,Riva del Garda,lcmt-nabi-pctmp_ead_wehr_16132-B_pctmp.jpg,,1906,,Schweizerische Nationalbibliothek,Link,https://commons.wikimedia.org/entity/M145022758,"Italia, Riva del Garda, Cascate del Ponale",Ansicht des Cascata del Ponale bei Riva del Garda,1906,,,Italy,Trentino-Alto Adige,Riva del Garda,45.88577,10.84117,3,True,0,0.16,https://www.openstreetmap.org/?mlat=45.88577&mlon=10.84117&zoom=14
"Italia, Gargnano, Ortsteilansicht","Blick auf einen Teil von Gargnano, im Vordergrund das Ufer des Lago di Garda und ein Boot",45.688138,10.6635006,Nein,Gargnano,lcmt-nabi-pctmp_ead_wehr_16133-B_pctmp.jpg,,1906,,Schweizerische Nationalbibliothek,Link,https://commons.wikimedia.org/entity/M145022741,"Italia, Gargnano, Ortsteilansicht","Blick auf einen Teil von Gargnano, im Vordergrund das Ufer des Lago di Garda und ein Boot",1906,,,Italy,Lombardia,Gargnano,45.68586,10.65869,3,True,0,0.45,https://www.openstreetmap.org/?mlat=45.68586&mlon=10.65869&zoom=14
"Italia, Maderno, Ortsteilansicht",Piazza San Marco in Maderno,46.0898035,11.1408947,Nein,Maderno,lcmt-nabi-pctmp_ead_wehr_16134-B_pctmp.jpg,,1906,,Schweizerische Nationalbibliothek,Link,https://commons.wikimedia.org/entity/M145022704,"Italia, Maderno, Piazza San Marco",Piazza San Marco in Maderno,1906,,,Italy,Lombardia,Maderno,45.6351736,10.5996464,4,False,1,65.67,https://www.openstreetmap.org/?mlat=45.6351736&mlon=10.5996464&zoom=14
"Italia, Arco, Ortsteilansicht",Blick auf die Ruinen der mittelalterlichen Burg Arco und einige Häuser,45.9181327,10.8860953,Nein,Arco,lcmt-nabi-pctmp_ead_wehr_16136-B_pctmp.jpg,,1906,,Schweizerische Nationalbibliothek,Link,https://commons.wikimedia.org/entity/M145022673,"Italia, Arco, Castello di Arco, Ortsteilansicht",Blick auf die Ruinen der mittelalterlichen Burg Arco und einige Häuser,1906,,,Italy,Trentino-Alto Adige,Arco,45.9223221,10.8883004,4,False,1,0.5,https://www.openstreetmap.org/?mlat=45.9223221&mlon=10.8883004&zoom=14
"Italia, Arco, Ortsgesamtansicht",Blick auf Arco,45.9181327,10.8860953,Nein,Arco,lcmt-nabi-pctmp_ead_wehr_16137-B_pctmp.jpg,,1906,,Schweizerische Nationalbibliothek,Link,https://commons.wikimedia.org/entity/M144792241,"Italia, Arco, Ortsgesamtansicht",Blick auf Arco,1906,,,Italy,Trentino-Alto Adige,Arco,45.91772,10.88672,3,True,0,0.07,https://www.openstreetmap.org/?mlat=45.91772&mlon=10.88672&zoom=14
"Italia, Riva del Garda, Hotel Lido Palace, Gesamtaussenansicht",Hotel Lido Palacein Riva del Garda,45.8847708,10.8396942,Nein,Riva del Garda,lcmt-nabi-pctmp_ead_wehr_16138-B_pctmp.jpg,,1908,,Schweizerische Nationalbibliothek,Link,https://commons.wikimedia.org/entity/M144792200,"Italia, Riva del Garda, Hotel Lido Palace",Hotel Lido Palacein Riva del Garda,1908,,,Italy,Trentino-Alto Adige,Riva del Garda,45.883222,10.8465322,4,False,1,0.56,https://www.openstreetmap.org/?mlat=45.883222&mlon=10.8465322&zoom=14
"Italia, Gardone Riviera, Fasano, Ortsteilansicht","Blick vom Gardasee nach Fasano, einem Ortsteil von Gardone Riviera, im Vordergrund ist ein Segelschiff auf dem See zu sehen",45.6187853,10.5591005,Nein,Gardone Riviera,lcmt-nabi-pctmp_ead_wehr_16139-B_pctmp.jpg,,1908,,Schweizerische Nationalbibliothek,Link,https://commons.wikimedia.org/entity/M144792164,"Italia, Gardone Riviera, Fasano, Ortsteilansicht","Blick vom Gardasee nach Fasano, einem Ortsteil von Gardone Riviera, im Vordergrund ist ein Segelschiff auf dem See zu sehen",1908,,,Italy,Lombardia,Gardone Riviera,45.6252719,10.5845872,4,False,1,2.11,https://www.openstreetmap.org/?mlat=45.6252719&mlon=10.5845872&zoom=14
"Luzern, Ortsgesamtansicht","Blick auf Luzern gegen die Alpen, zentral im Bild ist die Hofkirche zu sehen",47.0505452,8.3054682,Nein,Luzern,lcmt-nabi-pctmp_ead_wehr_1614-B_pctmp.jpg,Luzern,1906,,Schweizerische Nationalbibliothek,Bruno Wehrli,https://commons.wikimedia.org/entity/M144067486,"Luzern, Ortsgesamtansicht","Blick auf Luzern gegen die Alpen, zentral im Bild ist die Hofkirche zu sehen",1906,Bruno Wehrli,,Switzerland,Kanton Luzern,Luzern,47.05048,8.30635,3,True,0,0.07,https://www.openstreetmap.org/?mlat=47.05048&mlon=8.30635&zoom=14
"Italia, Lago di Loppio, Landschaft","Blick auf den Lago di Loppio, der früher auch als als Lago di S. Andrea bezeichnet wurde",45.8648773,10.9202011,Nein,Lago di Loppio,lcmt-nabi-pctmp_ead_wehr_16143-B_pctmp.jpg,,1906,,Schweizerische Nationalbibliothek,unknown photographer,https://commons.wikimedia.org/entity/M144792016,"Italia, Lago di Loppio, Landschaft","Blick auf den Lago di Loppio, der früher auch als als Lago di S. Andrea bezeichnet wurde",1906,unknown photographer,,Italy,Trentino-Alto Adige,Lago di Loppio,45.8648773,10.9202011,4,False,1,0.0,https://www.openstreetmap.org/?mlat=45.8648773&mlon=10.9202011&zoom=14
"Italia, Lago di Loppio, Landschaft","Landschaft in der Nähe des Lago di Loppio, der früher auch als als Lago di S. Andrea bezeichnet wurde",45.8648773,10.9202011,Nein,Lago di Loppio,lcmt-nabi-pctmp_ead_wehr_16144-B_pctmp.jpg,,1906,,Schweizerische Nationalbibliothek,unknown photographer,https://commons.wikimedia.org/entity/M144791938,"Italia, Lago di Loppio, Landschaft","Landschaft in der Nähe des Lago di Loppio, der früher auch als als Lago di S. Andrea bezeichnet wurde",1906,unknown photographer,,Italy,Trentino-Alto Adige,Lago di Loppio,45.8648773,10.9202011,4,False,1,0.0,https://www.openstreetmap.org/?mlat=45.8648773&mlon=10.9202011&zoom=14
"Italia, Garda, Punta San Vigilio, Park, Teilansicht",Blick vom Park auf eine Steinmauer mit Bögen,45.5727085,10.6719114,Nein,Punta San Vigilio,lcmt-nabi-pctmp_ead_wehr_16145-B_pctmp.jpg,,1906,,Schweizerische Nationalbibliothek,unknown photographer,https://commons.wikimedia.org/entity/M144791886,"Italia, Garda, Punta San Vigilio, Park",Blick vom Park auf eine Steinmauer mit Bögen,1906,unknown photographer,,Italy,Veneto,Punta San Vigilio,45.5727085,10.6719114,4,False,1,0.0,https://www.openstreetmap.org/?mlat=45.5727085&mlon=10.6719114&zoom=14
"Italia, Salò, Duomo di Salò, Teilaussenansicht",Portal des Duomo di Salò,45.6056775,10.520069,Nein,Salò,lcmt-nabi-pctmp_ead_wehr_16146-B_pctmp.jpg,,1906,,Schweizerische Nationalbibliothek,unknown photographer,https://commons.wikimedia.org/entity/M144791853,"Italia, Salò, Duomo di Salò, Teilaussenansicht",Portal des Duomo di Salò,1906,unknown photographer,,Italy,Lombardia,Salò,45.6067395,10.5303927,4,False,1,0.81,https://www.openstreetmap.org/?mlat=45.6067395&mlon=10.5303927&zoom=14
"Italia, Salò, Ortsteilansicht","Ansicht eines Teils von Salò, im Vordergrund ein Garten",45.6056775,10.520069,Nein,Salò,lcmt-nabi-pctmp_ead_wehr_16149-B_pctmp.jpg,,circa 1906,,Schweizerische Nationalbibliothek,Link,https://commons.wikimedia.org/entity/M144791817,"Italia, Salò, Ortsteilansicht","Ansicht eines Teils von Salò, im Vordergrund ein Garten",1906,,,Italy,Lombardia,Salò,45.60685,10.5205,3,True,0,0.13,https://www.openstreetmap.org/?mlat=45.60685&mlon=10.5205&zoom=14
"Muotathal, Suwarow-Brücke, Gesamtansicht",Suwarow-Brücke,46.974668,8.7658029,Nein,Muotathal,lcmt-nabi-pctmp_ead_wehr_1615-B_pctmp.jpg,Schwyz,circa 1906,,Schweizerische Nationalbibliothek,Bruno Wehrli,https://commons.wikimedia.org/entity/M144067552,"Muotathal, Suwarow-Brücke, Gesamtansicht",Suwarow-Brücke,1906,Bruno Wehrli,,Switzerland,Kanton Schwyz,Muotathal,46.97676,8.76499,3,True,0,0.24,https://www.openstreetmap.org/?mlat=46.97676&mlon=8.76499&zoom=14
"Morschach, Ortsteilansicht","Blick auf Morschach, im Hintergrund der Uri Rotstock",46.9821204,8.6191516,Nein,Morschach,lcmt-nabi-pctmp_ead_wehr_1616-B_pctmp.jpg,Schwyz,circa 1906,,Schweizerische Nationalbibliothek,Bruno Wehrli,https://commons.wikimedia.org/entity/M144067645,"Morschach, Ortsteilansicht","Blick auf Morschach, im Hintergrund der Uri Rotstock",1906,Bruno Wehrli,,Switzerland,Kanton Schwyz,Morschach,46.98271,8.61826,3,True,0,0.09,https://www.openstreetmap.org/?mlat=46.98271&mlon=8.61826&zoom=14
"Lugano, Ortsgesamtansicht",Lugano vom Monte San Salvatore aus gesehen,46.0050102,8.9520281,Nein,Lugano,lcmt-nabi-pctmp_ead_wehr_16168-B_pctmp.jpg,Tessin,1906,,Schweizerische Nationalbibliothek,Artur Wehrli (1876-1915),https://commons.wikimedia.org/entity/M144791679,"Lugano, Ortsgesamtansicht",Lugano vom Monte San Salvatore aus gesehen,1906,Artur Wehrli (1876-1915),,Switzerland,Cantone Ticino,Lugano,46.01008,8.96004,3,True,0,0.84,https://www.openstreetmap.org/?mlat=46.01008&mlon=8.96004&zoom=14
"Locarno, Wagen der Standseilbahn Locarno-Madonna del Sasso, Gesamtansicht","Blick auf den Wagen der Standseilbahn Locarno-Madonna del Sasso, kurz FLMS, italienisch Funicolare Locarno-Madonna del Sasso, der über eine Brücke fährt",46.1695739,8.7954859,Nein,Locarno,lcmt-nabi-pctmp_ead_wehr_16182-B_pctmp.jpg,Tessin,1906,,Schweizerische Nationalbibliothek,Artur Wehrli (1876-1915),https://commons.wikimedia.org/entity/M144791567,"Locarno, Wagen der Standseilbahn Locarno-Madonna del Sasso","Blick auf den Wagen der Standseilbahn Locarno-Madonna del Sasso, kurz FLMS, italienisch Funicolare Locarno-Madonna del Sasso, der über eine Brücke fährt",1906,Artur Wehrli (1876-1915),,Switzerland,Cantone Ticino,Locarno,46.17086,8.79953,3,True,0,0.34,https://www.openstreetmap.org/?mlat=46.17086&mlon=8.79953&zoom=14
"Italia, Como, Castel Baradello, Teilaussenansicht","Turm des Castel Baradello in Como, im Vordergrund ist ein Waldstück zu sehen",45.9394759,9.1494101,Nein,Como,lcmt-nabi-pctmp_ead_wehr_16195-B_pctmp.jpg,,1906,,Schweizerische Nationalbibliothek,Link,https://commons.wikimedia.org/entity/M144791411,"Como, Castel Baradello, Teilaussenansicht","Turm des Castel Baradello in Como, im Vordergrund ist ein Waldstück zu sehen",1906,,,Italy,Lombardia,Como,45.80819,9.0832,3,True,0,15.47,https://www.openstreetmap.org/?mlat=45.80819&mlon=9.0832&zoom=14
"Stans, Winkelrieddenkmal, Gesamtansicht",Ansicht des Winkelrieddenkmals in Stans,46.9570611,8.3661026,Nein,Stans,lcmt-nabi-pctmp_ead_wehr_1620-B_pctmp.jpg,Nidwalden,1906,,Schweizerische Nationalbibliothek,Bruno Wehrli,https://commons.wikimedia.org/entity/M144068007,"Stans, Winkelrieddenkmal, Gesamtansicht",Ansicht des Winkelrieddenkmals in Stans,1906,Bruno Wehrli,,Switzerland,Kanton Nidwalden,Stans,46.9564757,8.3657664,4,False,1,0.07,https://www.openstreetmap.org/?mlat=46.9564757&mlon=8.3657664&zoom=14
"Zug, Reformierte Kirche, Gesamtaussenansicht","Aussenansicht der Kirche von vorne, im Hintergrund Strasse mit Wohnhäusern",47.1486137,8.5539378,Nein,Zug,lcmt-nabi-pctmp_ead_wehr_1630-B_pctmp.jpg,Zug,1906,,Schweizerische Nationalbibliothek,Bruno Wehrli,https://commons.wikimedia.org/entity/M144068533,"Zug, Reformierte Kirche, Gesamtaussenansicht","Aussenansicht der Kirche von vorne, im Hintergrund Strasse mit Wohnhäusern",1906,Bruno Wehrli,,Switzerland,Kanton Zug,Zug,47.171808,8.5137964,4,False,1,3.98,https://www.openstreetmap.org/?mlat=47.171808&mlon=8.5137964&zoom=14
"Zug, Ortsteilansicht",Zug. Blick entlang des Quais auf die Rigi. Im Vordergrund ein Mädchen,47.1486137,8.5539378,Nein,Zug,lcmt-nabi-pctmp_ead_wehr_1631-B_pctmp.jpg,Zug,1906,,Schweizerische Nationalbibliothek,Bruno Wehrli,https://commons.wikimedia.org/entity/M144068706,"Zug, Ortsteilansicht",Zug. Blick entlang des Quais auf die Rigi. Im Vordergrund ein Mädchen,1906,Bruno Wehrli,,Switzerland,Kanton Zug,Zug,47.17242,8.51745,3,True,0,3.82,https://www.openstreetmap.org/?mlat=47.17242&mlon=8.51745&zoom=14
"Italia, Santa Margherita, Ortsteilansicht",Blick auf das Ufer des Luganersee und die umliegende Landschaft in der Nähe von Santa Margherita,45.4917847,11.3113331,Nein,Santa Margherita,lcmt-nabi-pctmp_ead_wehr_16660-B_pctmp.jpg,,circa 1907,,Schweizerische Nationalbibliothek,unknown photographer,https://commons.wikimedia.org/entity/M144790171,"Santa Margherita, Ortsteilansicht",Blick auf das Ufer des Luganersee und die umliegende Landschaft in der Nähe von Santa Margherita,1907,,,Italy,Lombardia,Santa Margherita,45.63391,9.23013,3,True,0,162.79,https://www.openstreetmap.org/?mlat=45.63391&mlon=9.23013&zoom=14
"Italia, Santa Margherita, Ortsteilansicht",Blick auf Santa Margherita vom Luganersee aus gesehen,45.4917847,11.3113331,Nein,Santa Margherita,lcmt-nabi-pctmp_ead_wehr_16661-B_pctmp.jpg,,circa 1907,,Schweizerische Nationalbibliothek,unknown photographer,https://commons.wikimedia.org/entity/M144790085,"Santa Margherita, Ortsteilansicht",Blick auf Santa Margherita vom Luganersee aus gesehen,1907,,,Italy,Lombardia,Santa Margherita,45.63391,9.23013,3,True,0,162.79,https://www.openstreetmap.org/?mlat=45.63391&mlon=9.23013&zoom=14
"Italia, Valsolda, Ortsteilansicht","Blick über den Luganersee hinweg auf die Ortsteile Oria und Albogasio der Gemeinde Valsolda, im Vordergrund rudert ein Mann stehend in einem Segelboot",46.0290953,9.0439123,Nein,Valsolda,lcmt-nabi-pctmp_ead_wehr_16662-B_pctmp.jpg,,circa 1907,,Schweizerische Nationalbibliothek,unknown photographer,https://commons.wikimedia.org/entity/M144790022,"Valsolda, Ortsteilansicht","Blick über den Luganersee hinweg auf die Ortsteile Oria und Albogasio der Gemeinde Valsolda, im Vordergrund rudert ein Mann stehend in einem Segelboot",1907,,,Italy,Lombardia,Valsolda,46.02486,9.05462,3,True,0,0.95,https://www.openstreetmap.org/?mlat=46.02486&mlon=9.05462&zoom=14
"Italia, Tenno, Ortsteilansicht","Blick über einige Dächer von Tenno, im Hintergrund der Lago di Garda",45.918797,10.832775,Nein,Tenno,lcmt-nabi-pctmp_ead_wehr_16663-B_pctmp.jpg,,1906,,Schweizerische Nationalbibliothek,unknown photographer,https://commons.wikimedia.org/entity/M144789942,"Tenno, Ortsteilansicht","Blick über einige Dächer von Tenno, im Hintergrund der Lago di Garda",1906,,,Italy,Trentino-Alto Adige,Tenno,45.91937,10.8316,3,True,0,0.11,https://www.openstreetmap.org/?mlat=45.91937&mlon=10.8316&zoom=14
"Italia, Tenno, Ortsteilansicht",Frau mit einem Kind auf einem Weg bei Tenno,45.918797,10.832775,Nein,Tenno,lcmt-nabi-pctmp_ead_wehr_16664-B_pctmp.jpg,,circa 1907,,Schweizerische Nationalbibliothek,unknown photographer,https://commons.wikimedia.org/entity/M144789879,"Tenno, Ortsteilansicht",Frau mit einem Kind auf einem Weg bei Tenno,1907,,,Italy,Trentino-Alto Adige,Tenno,45.91937,10.8316,3,True,0,0.11,https://www.openstreetmap.org/?mlat=45.91937&mlon=10.8316&zoom=14
"Italia, Tenno, Grotte Cascata del Varone, Teilansicht",Blick entlang einer Stege in der Grotte Cascata del Varone,45.918797,10.832775,Nein,Tenno,lcmt-nabi-pctmp_ead_wehr_16665-B_pctmp.jpg,,circa 1907,,Schweizerische Nationalbibliothek,unknown photographer,https://commons.wikimedia.org/entity/M144789808,"Tenno, Grotte Cascata del Varone, Teilansicht",Blick entlang einer Stege in der Grotte Cascata del Varone,1907,,,Italy,Trentino-Alto Adige,Tenno,45.91937,10.8316,3,True,0,0.11,https://www.openstreetmap.org/?mlat=45.91937&mlon=10.8316&zoom=14
"Italia, Arco, Ortsgesamtansicht","Blick auf Arco, im Vordergrund das Castello di Arco, im Hintergrund der Lago di Garda",45.9181327,10.8860953,Nein,Arco,lcmt-nabi-pctmp_ead_wehr_16667-B_pctmp.jpg,,1907,,Schweizerische Nationalbibliothek,unknown photographer,https://commons.wikimedia.org/entity/M144789772,"Arco, Ortsgesamtansicht","Blick auf Arco, im Vordergrund das Castello di Arco, im Hintergrund der Lago di Garda",1907,,,Italy,Trentino-Alto Adige,Arco,45.9223221,10.8883004,4,False,1,0.5,https://www.openstreetmap.org/?mlat=45.9223221&mlon=10.8883004&zoom=14
"Italia, Arco, Ortsgesamtansicht","Blick auf Arco, im Hintergrund der Lago di Garda",45.9181327,10.8860953,Nein,Arco,lcmt-nabi-pctmp_ead_wehr_16668-B_pctmp.jpg,,1907,,Schweizerische Nationalbibliothek,unknown photographer,https://commons.wikimedia.org/entity/M144789730,"Arco, Ortsgesamtansicht","Blick auf Arco, im Hintergrund der Lago di Garda",1907,,,Italy,Trentino-Alto Adige,Arco,45.91772,10.88672,3,True,0,0.07,https://www.openstreetmap.org/?mlat=45.91772&mlon=10.88672&zoom=14
"Italia, Arco, Ortsteilansicht","Blick auf Arco, im Hintergrund der Monte Brione",45.9181327,10.8860953,Nein,Arco,lcmt-nabi-pctmp_ead_wehr_16669-B_pctmp.jpg,,1907,,Schweizerische Nationalbibliothek,unknown photographer,https://commons.wikimedia.org/entity/M144789679,"Arco, Ortsteilansicht","Blick auf Arco, im Hintergrund der Monte Brione",1907,,,Italy,Trentino-Alto Adige,Arco,45.91772,10.88672,3,True,0,0.07,https://www.openstreetmap.org/?mlat=45.91772&mlon=10.88672&zoom=14
"Italia, Arco, Valle del Sarca, Landschaft","Blick auf das Valle del Sarca in der Nähe von Arco gegen den Gardasee, am linken Bildrand fährt eine Eisenbahn",45.9181327,10.8860953,Nein,Arco,lcmt-nabi-pctmp_ead_wehr_16670-B_pctmp.jpg,,circa 1907,,Schweizerische Nationalbibliothek,unknown photographer,https://commons.wikimedia.org/entity/M144789642,"Arco, Valle del Sarca, Landschaft","Blick auf das Valle del Sarca in der Nähe von Arco gegen den Gardasee, am linken Bildrand fährt eine Eisenbahn",1907,,,Italy,Trentino-Alto Adige,Arco,45.968673,10.9223318,4,False,1,6.28,https://www.openstreetmap.org/?mlat=45.968673&mlon=10.9223318&zoom=14
"Italia, Valle del Sarca, Landschaft",Blick auf das Valle del Sarca gegen den Gardasee,45.9687551,10.9220188,Nein,Valle del Sarca,lcmt-nabi-pctmp_ead_wehr_16671-B_pctmp.jpg,,circa 1907,,Schweizerische Nationalbibliothek,unknown photographer,https://commons.wikimedia.org/entity/M144789600,"Valle del Sarca, Landschaft",Blick auf das Valle del Sarca gegen den Gardasee,1907,,,Italy,Trentino-Alto Adige,Valle del Sarca,45.968673,10.9223318,4,False,1,0.03,https://www.openstreetmap.org/?mlat=45.968673&mlon=10.9223318&zoom=14
"Italia, Lago di Garda, Landschaft",Flussmündung des Sarca in den Lago di Garda,45.6624314,10.6861569,Nein,Lago di Garda,lcmt-nabi-pctmp_ead_wehr_16672-B_pctmp.jpg,,1907,,Schweizerische Nationalbibliothek,unknown photographer,https://commons.wikimedia.org/entity/M144789549,"Lago di Garda, Landschaft",Flussmündung des Sarca in den Lago di Garda,1907,,,Italy,,Lago di Garda,45.6667,10.6833,5,False,0,0.52,https://www.openstreetmap.org/?mlat=45.6667&mlon=10.6833&zoom=14
"Italia, Valle del Sarca, Landschaft",Blick auf die Flussmündung des Sarca,45.9687551,10.9220188,Nein,Valle del Sarca,lcmt-nabi-pctmp_ead_wehr_16673-B_pctmp.jpg,,circa 1907,,Schweizerische Nationalbibliothek,unknown photographer,https://commons.wikimedia.org/entity/M144789485,"Italia, Valle del Sarca, Landschaft",Blick auf die Flussmündung des Sarca,1907,,,Italy,Trentino-Alto Adige,Valle del Sarca,45.968673,10.9223318,4,False,1,0.03,https://www.openstreetmap.org/?mlat=45.968673&mlon=10.9223318&zoom=14
"Italia, Riva del Garda, Ortsteilansicht","Ansicht von Riva del Garda von einer Anhöhe aus, im Hintergrund der Lago di Garda und der Monte Baldo",45.8847708,10.8396942,Nein,Riva del Garda,lcmt-nabi-pctmp_ead_wehr_16674-B_pctmp.jpg,,1907,,Schweizerische Nationalbibliothek,unknown photographer,https://commons.wikimedia.org/entity/M144789425,"Italia, Riva del Garda, Ortsteilansicht","Ansicht von Riva del Garda von einer Anhöhe aus, im Hintergrund der Lago di Garda und der Monte Baldo",1907,,,Italy,Trentino-Alto Adige,Riva del Garda,45.88577,10.84117,3,True,0,0.16,https://www.openstreetmap.org/?mlat=45.88577&mlon=10.84117&zoom=14
"Italia, Riva del Garda, Ortsteilansicht","Ansicht von Riva del Garda von einer Anhöhe aus, im Vordergrund der Lago di Garda",45.8847708,10.8396942,Nein,Riva del Garda,lcmt-nabi-pctmp_ead_wehr_16675-B_pctmp.jpg,,1907,,Schweizerische Nationalbibliothek,unknown photographer,https://commons.wikimedia.org/entity/M144789379,"Italia, Riva del Garda, Ortsteilansicht","Ansicht von Riva del Garda von einer Anhöhe aus, im Vordergrund der Lago di Garda",1907,,,Italy,Trentino-Alto Adige,Riva del Garda,45.88577,10.84117,3,True,0,0.16,https://www.openstreetmap.org/?mlat=45.88577&mlon=10.84117&zoom=14
"Italia, Riva del Garda, Ortsteilansicht",Hafen von Riva del Garda,45.8847708,10.8396942,Nein,Riva del Garda,lcmt-nabi-pctmp_ead_wehr_16676-B_pctmp.jpg,,1906,,Schweizerische Nationalbibliothek,unknown photographer,https://commons.wikimedia.org/entity/M144789322,"Italia, Riva del Garda, Ortsteilansicht",Hafen von Riva del Garda,1906,,,Italy,Trentino-Alto Adige,Riva del Garda,45.88577,10.84117,3,True,0,0.16,https://www.openstreetmap.org/?mlat=45.88577&mlon=10.84117&zoom=14
"Italia, Riva del Garda, Hotel Lido Palace, Gesamtaussenansicht","Blick auf das Hotel Lido Palace von einer Anhöhe aus, im Vordergrund der Lago di Garda",45.8847708,10.8396942,Nein,Riva del Garda,lcmt-nabi-pctmp_ead_wehr_16677-B_pctmp.jpg,,1906,,Schweizerische Nationalbibliothek,unknown photographer,https://commons.wikimedia.org/entity/M144789268,"Italia, Riva del Garda, Hotel Lido Palace","Blick auf das Hotel Lido Palace von einer Anhöhe aus, im Vordergrund der Lago di Garda",1906,,,Italy,Trentino-Alto Adige,Riva del Garda,45.883222,10.8465322,4,False,1,0.56,https://www.openstreetmap.org/?mlat=45.883222&mlon=10.8465322&zoom=14
"Italia, Riva del Garda, Ortsteilansicht","Blick auf den Gardasee, im Vordergrund befindet sich eine kleine Parkanlage mit Sitzbänken, am Ufer ist ein Steg zu sehen",45.8847708,10.8396942,Nein,Riva del Garda,lcmt-nabi-pctmp_ead_wehr_16678-B_pctmp.jpg,,circa 1906,,Schweizerische Nationalbibliothek,unknown photographer,https://commons.wikimedia.org/entity/M144789203,"Italia, Riva del Garda, Ortsteilansicht","Blick auf den Gardasee, im Vordergrund befindet sich eine kleine Parkanlage mit Sitzbänken, am Ufer ist ein Steg zu sehen",1906,,,Italy,Trentino-Alto Adige,Riva del Garda,45.88577,10.84117,3,True,0,0.16,https://www.openstreetmap.org/?mlat=45.88577&mlon=10.84117&zoom=14
"Italia, Riva del Garda, Landschaft",Strada Ponale bei Riva del Garda,45.8847708,10.8396942,Nein,Riva del Garda,lcmt-nabi-pctmp_ead_wehr_16679-B_pctmp.jpg,,1907,,Schweizerische Nationalbibliothek,unknown photographer,https://commons.wikimedia.org/entity/M144789140,"Italia, Riva del Garda, Landschaft",Strada Ponale bei Riva del Garda,1907,,,Italy,Trentino-Alto Adige,Riva del Garda,45.8778167,10.8383646,4,False,1,0.78,https://www.openstreetmap.org/?mlat=45.8778167&mlon=10.8383646&zoom=14
"Vierwaldstättersee, Panorama",Blick von der Axensteinstrasse über den Vierwaldstättersee auf den Urirotstock (Urirothstock),46.9854161,8.4988048,Nein,Vierwaldstättersee,lcmt-nabi-pctmp_ead_wehr_1668-B_pctmp.jpg,Schwyz,1906,,Schweizerische Nationalbibliothek,Bruno Wehrli,https://commons.wikimedia.org/entity/M144071133,"Vierwaldstättersee, Panorama",Blick von der Axensteinstrasse über den Vierwaldstättersee auf den Urirotstock (Urirothstock),1906,Bruno Wehrli,,Switzerland,Kanton Schwyz,Vierwaldstättersee,46.9819,8.48,5,False,0,1.48,https://www.openstreetmap.org/?mlat=46.9819&mlon=8.48&zoom=14
"Italia, Riva del Garda, Landschaft","Blick einen Teilabschnitt der Ponalestrasse, im Hintergrund der Gardasee",45.8847708,10.8396942,Nein,Riva del Garda,lcmt-nabi-pctmp_ead_wehr_16681-B_pctmp.jpg,,circa 1906,,Schweizerische Nationalbibliothek,unknown photographer,https://commons.wikimedia.org/entity/M144788992,"Italia, Riva del Garda, Landschaft","Blick einen Teilabschnitt der Ponalestrasse, im Hintergrund der Gardasee",1906,,,Italy,Trentino-Alto Adige,Riva del Garda,45.8743635,10.8375104,4,False,1,1.17,https://www.openstreetmap.org/?mlat=45.8743635&mlon=10.8375104&zoom=14
"Italia, Pieve di Ledro, Ortsgesamtansicht",Blick auf Pieve di Ledro gegen den Ledrosee,45.8901489,10.7319906,Nein,Pieve di Ledro,lcmt-nabi-pctmp_ead_wehr_16682-B_pctmp.jpg,,circa 1907,,Schweizerische Nationalbibliothek,unknown photographer,https://commons.wikimedia.org/entity/M144788925,"Italia, Pieve di Ledro, Ortsgesamtansicht",Blick auf Pieve di Ledro gegen den Ledrosee,1907,,,Italy,Trentino-Alto Adige,Pieve di Ledro,45.88848,10.73124,3,True,0,0.19,https://www.openstreetmap.org/?mlat=45.88848&mlon=10.73124&zoom=14
"Italia, Riva del Garda, Cascata del Ponale, Gesamtansicht",Blick auf den Wasserfall Cascata del Ponale,45.8847708,10.8396942,Nein,Riva del Garda,lcmt-nabi-pctmp_ead_wehr_16683-B_pctmp.jpg,,circa 1906,,Schweizerische Nationalbibliothek,unknown photographer,https://commons.wikimedia.org/entity/M144788878,"Italia, Riva del Garda, Cascata del Ponale",Blick auf den Wasserfall Cascata del Ponale,1906,,,Italy,Trentino-Alto Adige,Riva del Garda,45.86142,10.83153,5,False,0,2.67,https://www.openstreetmap.org/?mlat=45.86142&mlon=10.83153&zoom=14
"Italia, Nago-Torbole, Torble, Ortsteilansicht",Blick von einer Anhöhe über einen Teil von Torbole und den Lago di Garda,,,Nein,Torbloe,lcmt-nabi-pctmp_ead_wehr_16684-B_pctmp.jpg,,circa 1906,,Schweizerische Nationalbibliothek,unknown photographer,https://commons.wikimedia.org/entity/M144788810,"Italia, Nago-Torbole, Ortsteilansicht",Blick von einer Anhöhe über einen Teil von Torbole und den Lago di Garda,1906,,,Italy,Trentino-Alto Adige,Torbloe,,,0,False,0,,
"Italia, Limone sul Garda, Ortsgesamtansicht",Blick auf Limone sul Garda und den Lago di Garda von einer Anhöhe aus,45.6624314,10.6861569,Nein,Lago di Garda,lcmt-nabi-pctmp_ead_wehr_16685-B_pctmp.jpg,,circa 1906,,Schweizerische Nationalbibliothek,unknown photographer,https://commons.wikimedia.org/entity/M144788776,"Italia, Limone sul Garda, Ortsgesamtansicht",Blick auf Limone sul Garda und den Lago di Garda von einer Anhöhe aus,1906,,,Italy,Lombardia,Lago di Garda,45.6624314,10.6861569,2,True,1,0.0,https://www.openstreetmap.org/?mlat=45.6624314&mlon=10.6861569&zoom=14
"Italia, Campione del Garda, Landschaft",Blick von einem Bug des Schiffes auf dem Gardasee gegen Campione del Garda und Montecastello,45.8847708,10.8396942,Nein,Riva del Garda,lcmt-nabi-pctmp_ead_wehr_16686-B_pctmp.jpg,,circa 1906,,Schweizerische Nationalbibliothek,unknown photographer,https://commons.wikimedia.org/entity/M144788740,"Italia, Campione del Garda, Landschaft",Blick von einem Bug des Schiffes auf dem Gardasee gegen Campione del Garda und Montecastello,1906,,,Italy,Lombardia,Riva del Garda,43.6167,10.7167,5,False,0,252.38,https://www.openstreetmap.org/?mlat=43.6167&mlon=10.7167&zoom=14
"Italia, Maderno, Ortsgesamtansicht",Blick auf Maderno und den Lago di Garda,46.0898035,11.1408947,Nein,Maderno,lcmt-nabi-pctmp_ead_wehr_16687-B_pctmp.jpg,,circa 1906,,Schweizerische Nationalbibliothek,unknown photographer,https://commons.wikimedia.org/entity/M144788696,"Italia, Maderno, Ortsgesamtansicht",Blick auf Maderno und den Lago di Garda,1906,,,Italy,Lombardia,Maderno,45.63333,10.58333,3,True,0,66.64,https://www.openstreetmap.org/?mlat=45.63333&mlon=10.58333&zoom=14
"Italia, Maderno, Landschaft",Blick auf den Lago di Garda und Maderno von einer Anhöhe aus,46.0898035,11.1408947,Nein,Maderno,lcmt-nabi-pctmp_ead_wehr_16688-B_pctmp.jpg,,1906,,Schweizerische Nationalbibliothek,unknown photographer,https://commons.wikimedia.org/entity/M144788628,"Italia, Maderno, Landschaft",Blick auf den Lago di Garda und Maderno von einer Anhöhe aus,1906,,,Italy,Lombardia,Maderno,45.63333,10.58333,3,True,0,66.64,https://www.openstreetmap.org/?mlat=45.63333&mlon=10.58333&zoom=14
"Italia, Gaino, Chiesa di San Michele, Teilaussenansicht","Blick auf die Chiesa di San Michele in Gaino, auf der Treppe, die zur Kirche führt, befinden sich Frauen und Kinder",45.6543526,10.6142744,Nein,Gaino,lcmt-nabi-pctmp_ead_wehr_16689-B_pctmp.jpg,,circa 1906,,Schweizerische Nationalbibliothek,unknown photographer,https://commons.wikimedia.org/entity/M144788552,"Italia, Gaino, Chiesa di San Michele","Blick auf die Chiesa di San Michele in Gaino, auf der Treppe, die zur Kirche führt, befinden sich Frauen und Kinder",1906,,,Italy,Lombardia,Gaino,45.6501576,10.6170626,4,False,1,0.51,https://www.openstreetmap.org/?mlat=45.6501576&mlon=10.6170626&zoom=14
"Italia, Gaino, Chiesa di San Michele, Teilaussenansicht","Blick auf die Chiesa di San Michele in Gaino, im Hintergrund ist der Gardasee zu sehen",45.6543526,10.6142744,Nein,Gaino,lcmt-nabi-pctmp_ead_wehr_16690-B_pctmp.jpg,,circa 1906,,Schweizerische Nationalbibliothek,unknown photographer,https://commons.wikimedia.org/entity/M144788427,"Italia, Gaino, Chiesa di San Michele","Blick auf die Chiesa di San Michele in Gaino, im Hintergrund ist der Gardasee zu sehen",1906,,,Italy,Lombardia,Gaino,45.6501576,10.6170626,4,False,1,0.51,https://www.openstreetmap.org/?mlat=45.6501576&mlon=10.6170626&zoom=14
"Italia, Toscolano-Maderno, Maina, Landschaft",Blick auf das Papiermühlental,40.834432,17.358399,Nein,Fasano,lcmt-nabi-pctmp_ead_wehr_16692-B_pctmp.jpg,,circa 1906,,Schweizerische Nationalbibliothek,unknown photographer,https://commons.wikimedia.org/entity/M144788359,"Italia, Toscolano-Maderno, Landschaft",Blick auf das Papiermühlental,1906,,,Italy,Lombardia,Fasano,45.6612839,10.6100974,4,False,1,765.51,https://www.openstreetmap.org/?mlat=45.6612839&mlon=10.6100974&zoom=14
"Italia, Fasano, Ortsteilansicht",Blick auf Fasano runter gegen den Gardasee,40.834432,17.358399,Nein,Fasano,lcmt-nabi-pctmp_ead_wehr_16693-B_pctmp.jpg,,circa 1906,,Schweizerische Nationalbibliothek,unknown photographer,https://commons.wikimedia.org/entity/M144788282,"Italia, Fasano, Ortsteilansicht",Blick auf Fasano runter gegen den Gardasee,1906,,,Italy,Lombardia,Fasano,40.83443,17.3584,3,True,0,0.0,https://www.openstreetmap.org/?mlat=40.83443&mlon=17.3584&zoom=14
"Italia, Gardone Riviera, Ortsteilansicht","Blick auf Gardone Riviera vom Ufer des Lago di Garda aus, im Zentrum ein Segelboot",45.6187853,10.5591005,Nein,Gardone Riviera,lcmt-nabi-pctmp_ead_wehr_16694-B_pctmp.jpg,,1906,,Schweizerische Nationalbibliothek,unknown photographer,https://commons.wikimedia.org/entity/M144788200,"Gardone Riviera, Ortsteilansicht","Blick auf Gardone Riviera vom Ufer des Lago di Garda aus, im Zentrum ein Segelboot",1906,,,Italy,Lombardia,Gardone Riviera,45.62396,10.56682,3,True,0,0.83,https://www.openstreetmap.org/?mlat=45.62396&mlon=10.56682&zoom=14
"Italia, Gardone Riviera, Ortsteilansicht","Blick auf Gardone Riviera vom Ufer des Lago di Garda aus, im Vordergrund ein Segelboot",45.6187853,10.5591005,Nein,Gardone Riviera,lcmt-nabi-pctmp_ead_wehr_16695-B_pctmp.jpg,,1906,,Schweizerische Nationalbibliothek,unknown photographer,https://commons.wikimedia.org/entity/M144788135,"Gardone Riviera, Ortsteilansicht","Blick auf Gardone Riviera vom Ufer des Lago di Garda aus, im Vordergrund ein Segelboot",1906,,,Italy,Lombardia,Gardone Riviera,45.62396,10.56682,3,True,0,0.83,https://www.openstreetmap.org/?mlat=45.62396&mlon=10.56682&zoom=14
"Italia, Gardone Riviera, Ortsteilansicht","Blick von einer Anhöhe auf Gardone Riviera, im Vordergrund Baumwipfel",45.6187853,10.5591005,Nein,Gardone Riviera,lcmt-nabi-pctmp_ead_wehr_16696-B_pctmp.jpg,,1907,,Schweizerische Nationalbibliothek,unknown photographer,https://commons.wikimedia.org/entity/M144788100,"Gardone Riviera, Ortsteilansicht","Blick von einer Anhöhe auf Gardone Riviera, im Vordergrund Baumwipfel",1907,,,Italy,Lombardia,Gardone Riviera,45.62396,10.56682,3,True,0,0.83,https://www.openstreetmap.org/?mlat=45.62396&mlon=10.56682&zoom=14
"Italia, Gardone Riviera, Ortsteilansicht","Blick von einer Anhöhe auf Gardone Riviera, im Vordergrund ein kleiner Weg",45.6187853,10.5591005,Nein,Gardone Riviera,lcmt-nabi-pctmp_ead_wehr_16697-B_pctmp.jpg,,1907,,Schweizerische Nationalbibliothek,unknown photographer,https://commons.wikimedia.org/entity/M144788026,"Gardone Riviera, Ortsteilansicht","Blick von einer Anhöhe auf Gardone Riviera, im Vordergrund ein kleiner Weg",1907,,,Italy,Lombardia,Gardone Riviera,45.62396,10.56682,3,True,0,0.83,https://www.openstreetmap.org/?mlat=45.62396&mlon=10.56682&zoom=14
"Italia, Gardone Riviera, Ortsgesamtansicht",Blick von einer Anhöhe auf Gardone Riviera und den Lago di Garda,45.6187853,10.5591005,Nein,Gardone Riviera,lcmt-nabi-pctmp_ead_wehr_16698-B_pctmp.jpg,,1907,,Schweizerische Nationalbibliothek,unknown photographer,https://commons.wikimedia.org/entity/M144787967,"Gardone Riviera, Ortsgesamtansicht",Blick von einer Anhöhe auf Gardone Riviera und den Lago di Garda,1907,,,Italy,Lombardia,Gardone Riviera,45.62396,10.56682,3,True,0,0.83,https://www.openstreetmap.org/?mlat=45.62396&mlon=10.56682&zoom=14
"Italia, Gardone Riviera, Chiesa di San Michele, Teilaussenansicht","Blick auf die Chiesa di San Michele, die sich oberhalb von Gardone Riviera auf einem Hügel befindet",45.6187853,10.5591005,Nein,Gardone Riviera,lcmt-nabi-pctmp_ead_wehr_16699-B_pctmp.jpg,,circa 1906,,Schweizerische Nationalbibliothek,unknown photographer,https://commons.wikimedia.org/entity/M144787820,"Chiesa di San Michele, Teilaussenansicht","Blick auf die Chiesa di San Michele, die sich oberhalb von Gardone Riviera auf einem Hügel befindet",1906,,,Italy,Lombardia,Gardone Riviera,45.6307855,10.5497088,4,False,1,1.52,https://www.openstreetmap.org/?mlat=45.6307855&mlon=10.5497088&zoom=14
"Italia, Gardone Riviera, Chiesa di San Michele, Teilaussenansicht","Chiesa di San Michele, davor eine Frau",45.6187853,10.5591005,Nein,Gardone Riviera,lcmt-nabi-pctmp_ead_wehr_16700-B_pctmp.jpg,,circa 1906,,Schweizerische Nationalbibliothek,unknown photographer,https://commons.wikimedia.org/entity/M144787723,"Chiesa di San Michele, Teilaussenansicht","Chiesa di San Michele, davor eine Frau",1906,,,Italy,Lombardia,Gardone Riviera,45.6307855,10.5497088,4,False,1,1.52,https://www.openstreetmap.org/?mlat=45.6307855&mlon=10.5497088&zoom=14
"Italia, Gardone Riviera, Chiesa di San Michele, Teilaussenansicht",Chiesa di San Michele in Gardone Riviera,45.6187853,10.5591005,Nein,Gardone Riviera,lcmt-nabi-pctmp_ead_wehr_16701-B_pctmp.jpg,,1907,,Schweizerische Nationalbibliothek,unknown photographer,https://commons.wikimedia.org/entity/M144787647,"Chiesa di San Michele, Teilaussenansicht",Chiesa di San Michele in Gardone Riviera,1907,,,Italy,Lombardia,Gardone Riviera,45.6307855,10.5497088,4,False,1,1.52,https://www.openstreetmap.org/?mlat=45.6307855&mlon=10.5497088&zoom=14
"Italia, Gardone Riviera, Val di Barbarano, Landschaft",Blick auf das Val di Barbarano bei Gardone Riviera,45.6187853,10.5591005,Nein,Gardone Riviera,lcmt-nabi-pctmp_ead_wehr_16702-B_pctmp.jpg,,1907,,Schweizerische Nationalbibliothek,Artur Wehrli (1876-1915),https://commons.wikimedia.org/entity/M144787534,"Val di Barbarano, Landschaft",Blick auf das Val di Barbarano bei Gardone Riviera,1907,Artur Wehrli (1876-1915),,Italy,Lombardia,Gardone Riviera,45.6297225,10.5337651,4,False,1,2.32,https://www.openstreetmap.org/?mlat=45.6297225&mlon=10.5337651&zoom=14
"Italia, Isola di Garda, Landschaft",Blick auf die Isola di Garda über den Gardasee hinweg,45.5928053,10.5906933,Nein,Isola di Garda,lcmt-nabi-pctmp_ead_wehr_16703-B_pctmp.jpg,,1907,,Schweizerische Nationalbibliothek,Artur Wehrli (1876-1915),https://commons.wikimedia.org/entity/M144787427,"Isola di Garda, Landschaft",Blick auf die Isola di Garda über den Gardasee hinweg,1907,Artur Wehrli (1876-1915),,Italy,Lombardia,Isola di Garda,45.58333,10.58333,5,False,0,1.2,https://www.openstreetmap.org/?mlat=45.58333&mlon=10.58333&zoom=14
"Italia, Isola di Garda, Villa Borghese, Gesamtaussenansicht",Villa Borghese auf der Isola di Garda,45.5928053,10.5906933,Nein,Isola di Garda,lcmt-nabi-pctmp_ead_wehr_16704-B_pctmp.jpg,,1907,,Schweizerische Nationalbibliothek,Artur Wehrli (1876-1915),https://commons.wikimedia.org/entity/M144787382,"Villa Borghese, Gesamtaussenansicht",Villa Borghese auf der Isola di Garda,1907,Artur Wehrli (1876-1915),,Italy,Lombardia,Isola di Garda,45.58333,10.58333,3,True,0,1.2,https://www.openstreetmap.org/?mlat=45.58333&mlon=10.58333&zoom=14
"Italia, San Fermo, Landschaft","Blick auf San Fermo herunter, im Hintergrund ist die Isola di Garda zu sehen, auf dem Gardasee schwimmt ein Segelschiff",45.8328935,8.8505885,Nein,San Fermo,lcmt-nabi-pctmp_ead_wehr_16705-B_pctmp.jpg,,1907,,Schweizerische Nationalbibliothek,Artur Wehrli (1876-1915),https://commons.wikimedia.org/entity/M144787320,"San Fermo, Landschaft","Blick auf San Fermo herunter, im Hintergrund ist die Isola di Garda zu sehen, auf dem Gardasee schwimmt ein Segelschiff",1907,Artur Wehrli (1876-1915),,Italy,Lombardia,San Fermo,45.80868,9.04744,3,True,0,15.49,https://www.openstreetmap.org/?mlat=45.80868&mlon=9.04744&zoom=14
"Italia, Isola di Garda, Landschaft","Blick auf die Isola di Garda, im Vordergrund ragt eine Landzunge in den Gardasee, vor der Insel fährt ein grosses und ein kleines Schiff auf dem See",45.5928053,10.5906933,Nein,Isola di Garda,lcmt-nabi-pctmp_ead_wehr_16706-B_pctmp.jpg,,1907,,Schweizerische Nationalbibliothek,Artur Wehrli (1876-1915),https://commons.wikimedia.org/entity/M144787285,"Isola di Garda, Landschaft","Blick auf die Isola di Garda, im Vordergrund ragt eine Landzunge in den Gardasee, vor der Insel fährt ein grosses und ein kleines Schiff auf dem See",1907,Artur Wehrli (1876-1915),,Italy,Lombardia,Isola di Garda,45.58333,10.58333,5,False,0,1.2,https://www.openstreetmap.org/?mlat=45.58333&mlon=10.58333&zoom=14
"Italia, Salò, Ortsgesamtansicht",Salò und der Lago di Garda,45.6056775,10.520069,Nein,Salò,lcmt-nabi-pctmp_ead_wehr_16709-B_pctmp.jpg,,1907,,Schweizerische Nationalbibliothek,Artur Wehrli (1876-1915),https://commons.wikimedia.org/entity/M144787244,"Salò, Ortsgesamtansicht",Salò und der Lago di Garda,1907,Artur Wehrli (1876-1915),,Italy,Lombardia,Salò,45.60685,10.5205,3,True,0,0.13,https://www.openstreetmap.org/?mlat=45.60685&mlon=10.5205&zoom=14
"Italia, Salò, Ortsteilansicht",Uferpromenade des Lago di Garda in Salò mit dem Hotel Vittoria,45.6056775,10.520069,Nein,Salò,lcmt-nabi-pctmp_ead_wehr_16710-B_pctmp.jpg,,1907,,Schweizerische Nationalbibliothek,Artur Wehrli (1876-1915),https://commons.wikimedia.org/entity/M144780964,"Salò, Ortsteilansicht",Uferpromenade des Lago di Garda in Salò mit dem Hotel Vittoria,1907,Artur Wehrli (1876-1915),,Italy,Lombardia,Salò,45.60685,10.5205,3,True,0,0.13,https://www.openstreetmap.org/?mlat=45.60685&mlon=10.5205&zoom=14
"Italia, Salò, Ortsteilansicht",Blick auf Salò vom gegenüberliegenden Ufer über den Gardasee hinweg,45.6056775,10.520069,Nein,Salò,lcmt-nabi-pctmp_ead_wehr_16712-B_pctmp.jpg,,1907,,Schweizerische Nationalbibliothek,Artur Wehrli (1876-1915),https://commons.wikimedia.org/entity/M144780879,"Salò, Ortsteilansicht",Blick auf Salò vom gegenüberliegenden Ufer über den Gardasee hinweg,1907,Artur Wehrli (1876-1915),,Italy,Lombardia,Salò,45.60685,10.5205,3,True,0,0.13,https://www.openstreetmap.org/?mlat=45.60685&mlon=10.5205&zoom=14
"Italia, Salò, Ortsteilansicht","Blick auf Salò vom gegenüberliegenden Ufer des Lago di Garda aus, im Vordergrund Zypressen am Wegrand",45.6056775,10.520069,Nein,Salò,lcmt-nabi-pctmp_ead_wehr_16713-B_pctmp.jpg,,1907,,Schweizerische Nationalbibliothek,Artur Wehrli (1876-1915),https://commons.wikimedia.org/entity/M144780805,"Salò, Ortsteilansicht","Blick auf Salò vom gegenüberliegenden Ufer des Lago di Garda aus, im Vordergrund Zypressen am Wegrand",1907,Artur Wehrli (1876-1915),,Italy,Lombardia,Salò,45.60685,10.5205,3,True,0,0.13,https://www.openstreetmap.org/?mlat=45.60685&mlon=10.5205&zoom=14
"Italia, Garda, Ortsteilansicht","Blick auf die Bucht des Gardasees bei Garda runter, im Hintergrund erstreckt sich eine Hügellandschaft",45.5756512,10.7085298,Nein,Garda,lcmt-nabi-pctmp_ead_wehr_16714-B_pctmp.jpg,,circa 1907,,Schweizerische Nationalbibliothek,unknown photographer,https://commons.wikimedia.org/entity/M144780735,"Garda, Ortsteilansicht","Blick auf die Bucht des Gardasees bei Garda runter, im Hintergrund erstreckt sich eine Hügellandschaft",1907,,,Italy,Veneto,Garda,45.57889,10.71763,3,True,0,0.79,https://www.openstreetmap.org/?mlat=45.57889&mlon=10.71763&zoom=14
"Italia, Garda, Ortsteilansicht","Blick auf den Hafen von Garda, im Vordergrund beladen Männer ein Segelschiff",45.5756512,10.7085298,Nein,Garda,lcmt-nabi-pctmp_ead_wehr_16715-B_pctmp.jpg,,circa 1907,,Schweizerische Nationalbibliothek,unknown photographer,https://commons.wikimedia.org/entity/M144780670,"Garda, Ortsteilansicht","Blick auf den Hafen von Garda, im Vordergrund beladen Männer ein Segelschiff",1907,,,Italy,Veneto,Garda,45.57889,10.71763,3,True,0,0.79,https://www.openstreetmap.org/?mlat=45.57889&mlon=10.71763&zoom=14
"Porträt, Weibliche Person, Italia",Frau am Lago di Garda mit zwei Wassereimern an einem Tragjoch befestigt,,,Nein,"Italien, [Lokalisierung unsicher]",lcmt-nabi-pctmp_ead_wehr_16716-B_pctmp.jpg,,circa 1907,,Schweizerische Nationalbibliothek,unknown photographer,https://commons.wikimedia.org/entity/M144780627,"Porträt, Weibliche Person, Italia",Frau am Lago di Garda mit zwei Wassereimern an einem Tragjoch befestigt,1907,,,Italy,Lombardia,"Italien, [Lokalisierung unsicher]",,,0,False,0,,
"Porträt, Weibliche Person, Italia",Frau am Lago di Garda mit zwei Wassereimern an einem Tragjoch befestigt,,,Nein,"Italien, [Lokalisierung unsicher]",lcmt-nabi-pctmp_ead_wehr_16717-B_pctmp.jpg,,1907,,Schweizerische Nationalbibliothek,unknown photographer,https://commons.wikimedia.org/entity/M144780561,"Porträt, Weibliche Person, Italia",Frau am Lago di Garda mit zwei Wassereimern an einem Tragjoch befestigt,1907,,,Italy,Lombardia,"Italien, [Lokalisierung unsicher]",,,0,False,0,,
"Porträt, Weibliche Person, Italia",Frau am Lago di Garda mit zwei Wassereimern an einem Tragjoch befestigt,,,Nein,"Italien, [Lokalisierung unsicher]",lcmt-nabi-pctmp_ead_wehr_16718-B_pctmp.jpg,,1907,,Schweizerische Nationalbibliothek,unknown photographer,https://commons.wikimedia.org/entity/M144780480,"Porträt, Weibliche Person, Italia",Frau am Lago di Garda mit zwei Wassereimern an einem Tragjoch befestigt,1907,,,Italy,Lombardia,"Italien, [Lokalisierung unsicher]",,,0,False,0,,
"Porträt, Weibliche Person, Italia",Frauen mit Wasserkübeln vor einem Tordurchgang,,,Nein,"Italien, [Lokalisierung unsicher]",lcmt-nabi-pctmp_ead_wehr_16719-B_pctmp.jpg,,1907,,Schweizerische Nationalbibliothek,unknown photographer,https://commons.wikimedia.org/entity/M144780390,"Porträt, Weibliche Person, Italia",Frauen mit Wasserkübeln vor einem Tordurchgang,1907,,,Italy,Lombardia,"Italien, [Lokalisierung unsicher]",,,0,False,0,,
"Porträt, Weibliche Person, Italia",Frau steht auf einem Waldweg,,,Nein,"Italien, [Lokalisierung unsicher]",lcmt-nabi-pctmp_ead_wehr_16720-B_pctmp.jpg,,circa 1907,,Schweizerische Nationalbibliothek,unknown photographer,https://commons.wikimedia.org/entity/M144780354,"Porträt, Weibliche Person, Italia",Frau steht auf einem Waldweg,1907,,,Italy,Lombardia,"Italien, [Lokalisierung unsicher]",,,0,False,0,,
"Italia, Lago di Garda, Landschaft",Weinreben und Zedern am Ufer des Lago di Garda,45.6624314,10.6861569,Nein,Lago di Garda,lcmt-nabi-pctmp_ead_wehr_16721-B_pctmp.jpg,,1921,,Schweizerische Nationalbibliothek,Artur Wehrli (1876-1915),https://commons.wikimedia.org/entity/M144780299,"Italia, Lago di Garda, Landschaft",Weinreben und Zedern am Ufer des Lago di Garda,1921,Artur Wehrli,,Italy,Lombardia,Lago di Garda,45.6667,10.6833,5,False,0,0.52,https://www.openstreetmap.org/?mlat=45.6667&mlon=10.6833&zoom=14
"Italia, Lago di Garda, Zitronenplantage, Teilansicht",Blick auf den Lago di Garda inmitten einer Zitronenbaumplantage aus,45.6624314,10.6861569,Nein,Lago di Garda,lcmt-nabi-pctmp_ead_wehr_16722-B_pctmp.jpg,,circa 1907,,Schweizerische Nationalbibliothek,unknown photographer,https://commons.wikimedia.org/entity/M144780260,"Italia, Lago di Garda, Zitronenplantage",Blick auf den Lago di Garda inmitten einer Zitronenbaumplantage aus,1907,,,Italy,Lombardia,Lago di Garda,45.6667,10.6833,5,False,0,0.52,https://www.openstreetmap.org/?mlat=45.6667&mlon=10.6833&zoom=14
"Italia, Lago di Garda, Zitronenplantage, Teilansicht","Ansicht einer Treppe innerhalb der Zitronenplantage, auf deren seitlichen Mauernresten ein junger Mann sitzt, die Treppe wird links und rechts von Zitronenbäumen gesäumt",45.6624314,10.6861569,Nein,Lago di Garda,lcmt-nabi-pctmp_ead_wehr_16723-B_pctmp.jpg,,circa 1907,,Schweizerische Nationalbibliothek,unknown photographer,https://commons.wikimedia.org/entity/M144780207,"Italia, Lago di Garda, Zitronenplantage","Ansicht einer Treppe innerhalb der Zitronenplantage, auf deren seitlichen Mauernresten ein junger Mann sitzt, die Treppe wird links und rechts von Zitronenbäumen gesäumt",1907,,,Italy,Lombardia,Lago di Garda,45.6667,10.6833,5,False,0,0.52,https://www.openstreetmap.org/?mlat=45.6667&mlon=10.6833&zoom=14
"Italia, Lago di Garda, Zitronenbaum, Teilansicht",Ansicht einiger Äste eines Zitronenbaums mit Früchten,45.6624314,10.6861569,Nein,Lago di Garda,lcmt-nabi-pctmp_ead_wehr_16724-B_pctmp.jpg,,circa 1907,,Schweizerische Nationalbibliothek,unknown photographer,https://commons.wikimedia.org/entity/M144780122,"Italia, Lago di Garda, Zitronenbaum",Ansicht einiger Äste eines Zitronenbaums mit Früchten,1907,,,Italy,Lombardia,Lago di Garda,45.6667,10.6833,5,False,0,0.52,https://www.openstreetmap.org/?mlat=45.6667&mlon=10.6833&zoom=14
Landschaft [Lokalisierung unsicher],"Blick entlang eines Weges, der von Olivenbäumen gesäumt ist, ein Knabe sitzt am Wegrand",,,Nein,[Lokalisierung unsicher],lcmt-nabi-pctmp_ead_wehr_16725-B_pctmp.jpg,,circa 1907,,Schweizerische Nationalbibliothek,unknown photographer,https://commons.wikimedia.org/entity/M144780077,Landschaft [Lokalisierung unsicher],"Blick entlang eines Weges, der von Olivenbäumen gesäumt ist, ein Knabe sitzt am Wegrand",1907,,,,,[Lokalisierung unsicher],,,0,False,0,,
Landschaft [Lokalisierung unsicher],"Blick entlang eines Weges, der von Olivenbäumen gesäumt ist",,,Nein,[Lokalisierung unsicher],lcmt-nabi-pctmp_ead_wehr_16726-B_pctmp.jpg,,circa 1907,,Schweizerische Nationalbibliothek,unknown photographer,https://commons.wikimedia.org/entity/M144780034,Landschaft [Lokalisierung unsicher],"Blick entlang eines Weges, der von Olivenbäumen gesäumt ist",1907,,,,,[Lokalisierung unsicher],,,0,False,0,,
"Italia, Lago di Garda, Agave, Gesamtansicht","Gesamtansicht einer Agave, daneben steht ein Olivenbaum",45.6624314,10.6861569,Nein,Lago di Garda,lcmt-nabi-pctmp_ead_wehr_16727-B_pctmp.jpg,,circa 1907,,Schweizerische Nationalbibliothek,unknown photographer,https://commons.wikimedia.org/entity/M144780000,"Italia, Lago di Garda, Agave","Gesamtansicht einer Agave, daneben steht ein Olivenbaum",1907,,,Italy,Lombardia,Lago di Garda,45.6667,10.6833,5,False,0,0.52,https://www.openstreetmap.org/?mlat=45.6667&mlon=10.6833&zoom=14
"Italia, Limone sul Garda, Ortsteilansicht",Cypressenzucht in Limone sul Garda,45.8141083,10.7915342,Nein,Limone sul Garda,lcmt-nabi-pctmp_ead_wehr_16728-B_pctmp.jpg,,1907,,Schweizerische Nationalbibliothek,unknown photographer,https://commons.wikimedia.org/entity/M144778655,"Italia, Limone sul Garda, Ortsteilansicht",Cypressenzucht in Limone sul Garda,1907,,,Italy,Lombardia,Limone sul Garda,45.8145,10.79278,3,True,0,0.11,https://www.openstreetmap.org/?mlat=45.8145&mlon=10.79278&zoom=14
"Italia, Lago di Garda, Ortsteilansicht [Lokalisierung unsicher]",Blick entlang einer Strasse eines Dorfes am Gardasee,45.6624314,10.6861569,Nein,Lago di Garda,lcmt-nabi-pctmp_ead_wehr_16729-B_pctmp.jpg,,circa 1907,,Schweizerische Nationalbibliothek,unknown photographer,https://commons.wikimedia.org/entity/M144778608,"Italia, Lago di Garda, Ortsteilansicht",Blick entlang einer Strasse eines Dorfes am Gardasee,1907,,,Italy,Lombardia,Lago di Garda,,,0,False,0,,
"Seelisberg, Panorama","Blick über eine Wiese auf den Vierwaldstättersee und die Berge, im Vordergrund ein mit Holzzäunen eingefasster Weg und eine Scheune",46.977964,8.5858121,Nein,Seelisberg,lcmt-nabi-pctmp_ead_wehr_1673-B_pctmp.jpg,Uri,1906,,Schweizerische Nationalbibliothek,Bruno Wehrli,https://commons.wikimedia.org/entity/M144071263,"Seelisberg, Panorama","Blick über eine Wiese auf den Vierwaldstättersee und die Berge, im Vordergrund ein mit Holzzäunen eingefasster Weg und eine Scheune",1906,Bruno Wehrli,,Switzerland,Kanton Uri,Seelisberg,46.97302,8.58689,3,True,0,0.56,https://www.openstreetmap.org/?mlat=46.97302&mlon=8.58689&zoom=14
"Porträt, Gruppenbild, Italia, Lago di Garda",Zwei Männer und ein Knabe beim Pflügen mit einem Ochsengespann,45.6624314,10.6861569,Nein,Gardasee,lcmt-nabi-pctmp_ead_wehr_16731-B_pctmp.jpg,,circa 1907,,Schweizerische Nationalbibliothek,unknown photographer,https://commons.wikimedia.org/entity/M144778475,"Porträt, Gruppenbild, Italia, Lago di Garda",Zwei Männer und ein Knabe beim Pflügen mit einem Ochsengespann,1907,,,Italy,Lombardia,Gardasee,45.6667,10.6833,5,False,0,0.52,https://www.openstreetmap.org/?mlat=45.6667&mlon=10.6833&zoom=14
"Caprino, Cantine di Caprino, Teilaussenansicht","Blick auf die Anlegestelle Cantine di Caprino mit zwei Fischerbooten, im Hintergrund ist der Luganersee zu sehen",45.6059385,10.7951325,Nein,Caprino,lcmt-nabi-pctmp_ead_wehr_16733-B_pctmp.jpg,Tessin,circa 1907,,Schweizerische Nationalbibliothek,unknown photographer,https://commons.wikimedia.org/entity/M144778395,"Caprino, Cantine di Caprino, Teilansicht","Blick auf die Anlegestelle Cantine di Caprino mit zwei Fischerbooten, im Hintergrund ist der Luganersee zu sehen",1907,,,Switzerland,Cantone Ticino,Caprino,45.9874989,8.9848056,4,False,1,146.62,https://www.openstreetmap.org/?mlat=45.9874989&mlon=8.9848056&zoom=14
"Deutschland, Friedrichshafen, Ortsteilansicht",Blick auf Friedrichshafen vom Bodensee aus,47.6500279,9.4800858,Nein,Friedrichshafen,lcmt-nabi-pctmp_ead_wehr_16803-B_pctmp.jpg,,circa 1907,,Schweizerische Nationalbibliothek,Anton Krenn,https://commons.wikimedia.org/entity/M144775542,"Deutschland, Friedrichshafen, Ortsteilansicht",Blick auf Friedrichshafen vom Bodensee aus,1907,Anton Krenn,,Germany,Baden-Württemberg,Friedrichshafen,47.65689,9.47554,3,True,0,0.84,https://www.openstreetmap.org/?mlat=47.65689&mlon=9.47554&zoom=14
"Deutschland, Friedrichshafen, Ortsteilansicht",Blick auf das Schloss Friedrichshafen und die umliegenden Gebäude am Ufer des Sees vom Bodensee aus,47.6500279,9.4800858,Nein,Friedrichshafen,lcmt-nabi-pctmp_ead_wehr_16804-B_pctmp.jpg,,circa 1907,,Schweizerische Nationalbibliothek,Anton Krenn,https://commons.wikimedia.org/entity/M144775501,"Deutschland, Friedrichshafen, Ortsteilansicht",Blick auf das Schloss Friedrichshafen und die umliegenden Gebäude am Ufer des Sees vom Bodensee aus,1907,Anton Krenn,,Germany,Baden-Württemberg,Friedrichshafen,47.6497834,9.4654882,4,False,1,1.09,https://www.openstreetmap.org/?mlat=47.6497834&mlon=9.4654882&zoom=14
"Deutschland, Friedrichshafen, Rathaus, Gesamtaussenansicht",Ansicht des Rathausplatzes von Friedrichshafen,47.6500279,9.4800858,Nein,Friedrichshafen,lcmt-nabi-pctmp_ead_wehr_16805-B_pctmp.jpg,,circa 1907,,Schweizerische Nationalbibliothek,Anton Krenn,https://commons.wikimedia.org/entity/M144775431,"Deutschland, Friedrichshafen, Rathaus",Ansicht des Rathausplatzes von Friedrichshafen,1907,Anton Krenn,,Germany,Baden-Württemberg,Friedrichshafen,47.6888576,9.4912851,4,False,1,4.4,https://www.openstreetmap.org/?mlat=47.6888576&mlon=9.4912851&zoom=14
"Deutschland, Friedrichshafen, Rathaus, Gesamtaussenansicht",Ansicht des Rathausplatzes von Friedrichshafen,47.6500279,9.4800858,Nein,Friedrichshafen,lcmt-nabi-pctmp_ead_wehr_16806-B_pctmp.jpg,,circa 1907,,Schweizerische Nationalbibliothek,Anton Krenn,https://commons.wikimedia.org/entity/M144775396,"Deutschland, Friedrichshafen, Rathaus",Ansicht des Rathausplatzes von Friedrichshafen,1907,Anton Krenn,,Germany,Baden-Württemberg,Friedrichshafen,47.6888576,9.4912851,4,False,1,4.4,https://www.openstreetmap.org/?mlat=47.6888576&mlon=9.4912851&zoom=14
"de Laufen-Uhwiesen, Rheinfall, Teilansicht.",de Blick auf den Rheinfall vom Känzeli aus gesehen.,,,Nein, depicted place=Laufen-Uhwiesen,lcmt-nabi-pctmp_ead_wehr_16808-B_pctmp.jpg,Zürich,circa 1907,,Schweizerische Nationalbibliothek,Anton Krenn,https://commons.wikimedia.org/entity/M144775352,"Laufen-Uhwiesen, Rheinfall, Teilansicht",de Blick auf den Rheinfall vom Känzeli aus gesehen.,1907,Anton Krenn,,Switzerland,Kanton Zürich,Laufen-Uhwiesen,47.6774,8.6153,5,False,0,,https://www.openstreetmap.org/?mlat=47.6774&mlon=8.6153&zoom=14
"Harder, Panorama (Teil 2/3)","Panorama vom Harder aus , Teil 2 von 3. Blick auf Interlaken und die Jungfraugruppe",46.663443,-118.4874354,Nein,Harder,lcmt-nabi-pctmp_ead_wehr_16827-B_pctmp.jpg,Bern,circa 1910,,Schweizerische Nationalbibliothek,Artur Wehrli (1876-1915),https://commons.wikimedia.org/entity/M144774524,"Harder, Panorama (Teil 2/3)","Panorama vom Harder aus , Teil 2 von 3. Blick auf Interlaken und die Jungfraugruppe",1910,Artur Wehrli (1876-1915),,Switzerland,Canton de Berne,Harder,46.70432,7.86084,5,False,0,8394.85,https://www.openstreetmap.org/?mlat=46.70432&mlon=7.86084&zoom=14
"Solothurn, Rathaus, Teilaussenansicht","Solothurn, Rathaus, neubarocker Erweiterungsbau auf der Südseite des alten Rathauses, erb. 1903-1905 von Arch. Jan Colan, Ansicht von Osten",47.31874,7.6698284,Nein,Solothurn,lcmt-nabi-pctmp_ead_wehr_16912-B_pctmp.jpg,Solothurn,circa 1910,,Schweizerische Nationalbibliothek,Anton Krenn,https://commons.wikimedia.org/entity/M144769822,"Solothurn, Rathaus, Teilaussenansicht","Solothurn, Rathaus, neubarocker Erweiterungsbau auf der Südseite des alten Rathauses, erb. 1903-1905 von Arch. Jan Colan, Ansicht von Osten",1910,Anton Krenn,,Switzerland,Kanton Solothurn,Solothurn,47.2084619,7.5374773,4,False,1,15.81,https://www.openstreetmap.org/?mlat=47.2084619&mlon=7.5374773&zoom=14
"Deutschland, Konstanz, Ortsteilansicht",Blick auf Konstanz vom Münster aus,47.659216,9.1750718,Nein,Konstanz,lcmt-nabi-pctmp_ead_wehr_16916-B_pctmp.jpg,,circa 1907,,Schweizerische Nationalbibliothek,Anton Krenn,https://commons.wikimedia.org/entity/M144769555,"Deutschland, Konstanz, Ortsteilansicht",Blick auf Konstanz vom Münster aus,1907,Anton Krenn,,Germany,Baden-Württemberg,Konstanz,47.66033,9.17582,3,True,0,0.14,https://www.openstreetmap.org/?mlat=47.66033&mlon=9.17582&zoom=14
"Neuchâtel, Ortsteilansicht",Blick auf Neuchâtel mit dem Neuenburgersee,46.9895828,6.9292641,Nein,Neuchâtel,lcmt-nabi-pctmp_ead_wehr_16917-B_pctmp.jpg,Neuenburg,circa 1910,,Schweizerische Nationalbibliothek,Artur Wehrli (1876-1915),https://commons.wikimedia.org/entity/M144769494,"Neuchâtel, Ortsteilansicht",Blick auf Neuchâtel mit dem Neuenburgersee,1910,Artur Wehrli (1876-1915),,Switzerland,Canton de Neuchâtel,Neuchâtel,46.99179,6.931,3,True,0,0.28,https://www.openstreetmap.org/?mlat=46.99179&mlon=6.931&zoom=14
"Zug, Zugerberg, Landschaft",Waldstrasse im Nebel am Zugerberg,47.1486137,8.5539378,Nein,Zug,lcmt-nabi-pctmp_ead_wehr_16949-B_pctmp.jpg,Zug,circa 1910,,Schweizerische Nationalbibliothek,Bruno Wehrli,https://commons.wikimedia.org/entity/M144766925,"Zug, Zugerberg, Landschaft",Waldstrasse im Nebel am Zugerberg,1910,Bruno Wehrli,,Switzerland,Kanton Zug,Zug,47.14254,8.54193,5,False,0,1.13,https://www.openstreetmap.org/?mlat=47.14254&mlon=8.54193&zoom=14
"Rigi Kulm, Panorama","Panorama von Rigi-Kulm, Blick auf die Glarner Alpen",47.0566777,8.4852649,Nein,Rigi,lcmt-nabi-pctmp_ead_wehr_1700-B_pctmp.jpg,Schwyz,1906,,Schweizerische Nationalbibliothek,Bruno Wehrli,https://commons.wikimedia.org/entity/M144073886,"Rigi Kulm, Panorama","Panorama von Rigi-Kulm, Blick auf die Glarner Alpen",1906,Bruno Wehrli,,Switzerland,Kanton Schwyz,Rigi,47.0556891,8.4846999,4,False,1,0.12,https://www.openstreetmap.org/?mlat=47.0556891&mlon=8.4846999&zoom=14
"Bodensee, Teilansicht und Gruppenbild","Eine Gruppe Mädchen am Ufer des Bodensees, Blick über den See",47.6477691,9.3471796,Nein,Bodensee,lcmt-nabi-pctmp_ead_wehr_17064-B_pctmp.jpg,Thurgau,1906,,Schweizerische Nationalbibliothek,Bruno Wehrli,https://commons.wikimedia.org/entity/M145038866,"Bodensee, Teilansicht und Gruppenbild","Eine Gruppe Mädchen am Ufer des Bodensees, Blick über den See",1906,Bruno Wehrli,,Switzerland,Kanton Thurgau,Bodensee,47.5800543,8.7001818,4,False,1,49.08,https://www.openstreetmap.org/?mlat=47.5800543&mlon=8.7001818&zoom=14
"Italia, Rapallo, Ortsteilansicht",Blick auf einige Häuser Rapallos vom Ufer aus gesehen,44.3511473,9.229671,Nein,Rapallo,lcmt-nabi-pctmp_ead_wehr_17102-B_pctmp.jpg,,1910,,Schweizerische Nationalbibliothek,unknown photographer,https://commons.wikimedia.org/entity/M145040568,"Italia, Rapallo, Ortsteilansicht",Blick auf einige Häuser Rapallos vom Ufer aus gesehen,1910,,,Italy,Liguria,Rapallo,44.3496,9.22796,3,True,0,0.22,https://www.openstreetmap.org/?mlat=44.3496&mlon=9.22796&zoom=14
"Italia, Rapallo, Ortsteilansicht","Blick auf einige Häuser Rapallos vom Ufer aus gesehen, im Vordergrund mehrere Boote am Ufer",44.3511473,9.229671,Nein,Rapallo,lcmt-nabi-pctmp_ead_wehr_17103-B_pctmp.jpg,,1910,,Schweizerische Nationalbibliothek,unknown photographer,https://commons.wikimedia.org/entity/M145040623,"Italia, Rapallo, Ortsteilansicht","Blick auf einige Häuser Rapallos vom Ufer aus gesehen, im Vordergrund mehrere Boote am Ufer",1910,,,Italy,Liguria,Rapallo,44.3496,9.22796,3,True,0,0.22,https://www.openstreetmap.org/?mlat=44.3496&mlon=9.22796&zoom=14
"Italia, Rapallo, Castello, Gesamtaussenansicht",Ansicht des Castello di Rapallo mit Blick übers Meer auf Portofino,44.3511473,9.229671,Nein,Rapallo,lcmt-nabi-pctmp_ead_wehr_17104-B_pctmp.jpg,,circa 1910,,Schweizerische Nationalbibliothek,unknown photographer,https://commons.wikimedia.org/entity/M145040756,"Italia, Rapallo, Castello, Gesamtaussenansicht",Ansicht des Castello di Rapallo mit Blick übers Meer auf Portofino,1910,,,Italy,Liguria,Rapallo,44.347838,9.2341252,4,False,1,0.51,https://www.openstreetmap.org/?mlat=44.347838&mlon=9.2341252&zoom=14
"Italia, Portofino, Ortsteilansicht",Häuserreihe am Ufer von Portofino,44.3036653,9.2093446,Nein,Portofino,lcmt-nabi-pctmp_ead_wehr_17105-B_pctmp.jpg,,1910,,Schweizerische Nationalbibliothek,unknown photographer,https://commons.wikimedia.org/entity/M145040821,"Italia, Portofino, Ortsteilansicht",Häuserreihe am Ufer von Portofino,1910,,,Italy,Liguria,Portofino,44.30349,9.20942,3,True,0,0.02,https://www.openstreetmap.org/?mlat=44.30349&mlon=9.20942&zoom=14
"Italia, Portofino, Castello di Paraggi, Gesamtaussenansicht",Castello di Paraggi in Portofino,44.3036653,9.2093446,Nein,Portofino,lcmt-nabi-pctmp_ead_wehr_17106-B_pctmp.jpg,,1910,,Schweizerische Nationalbibliothek,unknown photographer,https://commons.wikimedia.org/entity/M145040878,"Italia, Portofino, Castello di Paraggi, Gesamtansicht",Castello di Paraggi in Portofino,1910,,,Italy,Liguria,Portofino,44.31667,9.21667,5,False,0,1.56,https://www.openstreetmap.org/?mlat=44.31667&mlon=9.21667&zoom=14
"Italia, Camogli, Abtei von San Fruttuoso di Capodimonte, Gesamtaussenansicht",Blick auf die Abtei von San Fruttuoso,44.349247,9.158863,Nein,Camogli,lcmt-nabi-pctmp_ead_wehr_17107-B_pctmp.jpg,,circa 1910,,Schweizerische Nationalbibliothek,unknown photographer,https://commons.wikimedia.org/entity/M145040975,"Italia, Camogli, Abtei von San Fruttuoso",Blick auf die Abtei von San Fruttuoso,1910,,,Italy,Liguria,Camogli,44.34945,9.15487,3,True,0,0.32,https://www.openstreetmap.org/?mlat=44.34945&mlon=9.15487&zoom=14
"Italia, Portofino, Ortsteilansicht","Häuserreihe am Ufer von Portofino, im Vordergrund ein Segelboot",44.3036653,9.2093446,Nein,Portofino,lcmt-nabi-pctmp_ead_wehr_17109-B_pctmp.jpg,,1910,,Schweizerische Nationalbibliothek,unknown photographer,https://commons.wikimedia.org/entity/M145041063,"Italia, Portofino, Ortsteilansicht","Häuserreihe am Ufer von Portofino, im Vordergrund ein Segelboot",1910,,,Italy,Liguria,Portofino,44.30349,9.20942,3,True,0,0.02,https://www.openstreetmap.org/?mlat=44.30349&mlon=9.20942&zoom=14
"Pilatus, Panorama",Panorama vom Pilatus gegen die Berner Alpen,-24.9228204,-50.1414285,Nein,Pilatus,lcmt-nabi-pctmp_ead_wehr_1711-B_pctmp.jpg,Nidwalden,1906,,Schweizerische Nationalbibliothek,Bruno Wehrli,https://commons.wikimedia.org/entity/M144075280,"Pilatus, Panorama",Panorama vom Pilatus gegen die Berner Alpen,1906,Bruno Wehrli,,Switzerland,Kanton Nidwalden,Pilatus,46.9767,8.2549,5,False,0,9904.45,https://www.openstreetmap.org/?mlat=46.9767&mlon=8.2549&zoom=14
"Italia, Camogli, Ortsteilansicht","Blick auf die Häuser von Camogli, im Vordergrund der Hafen",44.349247,9.158863,Nein,Camogli,lcmt-nabi-pctmp_ead_wehr_17111-B_pctmp.jpg,,1910,,Schweizerische Nationalbibliothek,unknown photographer,https://commons.wikimedia.org/entity/M145041311,"Italia, Camogli, Ortsteilansicht","Blick auf die Häuser von Camogli, im Vordergrund der Hafen",1910,,,Italy,Liguria,Camogli,44.34945,9.15487,3,True,0,0.32,https://www.openstreetmap.org/?mlat=44.34945&mlon=9.15487&zoom=14
"Italia, Camogli, Ortsteilansicht","Blick auf die Häuser von Camogli, im Vordergrund eine Pinie",44.349247,9.158863,Nein,Camogli,lcmt-nabi-pctmp_ead_wehr_17112-B_pctmp.jpg,,circa 1910,,Schweizerische Nationalbibliothek,unknown photographer,https://commons.wikimedia.org/entity/M145041426,"Italia, Camogli, Ortsteilansicht","Blick auf die Häuser von Camogli, im Vordergrund eine Pinie",1910,,,Italy,Liguria,Camogli,44.34945,9.15487,3,True,0,0.32,https://www.openstreetmap.org/?mlat=44.34945&mlon=9.15487&zoom=14
"Italia, Genova, Torre Gropallo, Gesamtaussenansicht",Blick auf den Torre Gropallo,44.40726,8.9338624,Nein,Genova,lcmt-nabi-pctmp_ead_wehr_17113-B_pctmp.jpg,,circa 1910,,Schweizerische Nationalbibliothek,unknown photographer,https://commons.wikimedia.org/entity/M145041540,"Italia, Genova, Torre Gropallo, Gesamtaussenansicht",Blick auf den Torre Gropallo,1910,,,Italy,Liguria,Genova,44.380363,9.0423777,4,False,1,9.13,https://www.openstreetmap.org/?mlat=44.380363&mlon=9.0423777&zoom=14
"Italia, Genova, Torre Gropallo, Gesamtaussenansicht",Blick auf den Torre Gropallo,44.40726,8.9338624,Nein,Genova,lcmt-nabi-pctmp_ead_wehr_17114-B_pctmp.jpg,,circa 1910,,Schweizerische Nationalbibliothek,unknown photographer,https://commons.wikimedia.org/entity/M145041646,"Italia, Genova, Torre Gropallo, Gesamtaussenansicht",Blick auf den Torre Gropallo,1910,,,Italy,Liguria,Genova,44.380363,9.0423777,4,False,1,9.13,https://www.openstreetmap.org/?mlat=44.380363&mlon=9.0423777&zoom=14
"Italia, Genua, Nervi, Ortsteilansicht",Blick von einer Anhöhe aus auf die Häuser von Nervi,44.3833121,9.0391295,Nein,Nervi,lcmt-nabi-pctmp_ead_wehr_17115-B_pctmp.jpg,,1910,,Schweizerische Nationalbibliothek,unknown photographer,https://commons.wikimedia.org/entity/M145041796,"Italia, Genua, Nervi, Ortsteilansicht",Blick von einer Anhöhe aus auf die Häuser von Nervi,1910,,,Italy,Liguria,Nervi,44.38333,9.03333,3,True,0,0.46,https://www.openstreetmap.org/?mlat=44.38333&mlon=9.03333&zoom=14
"Italia, Genova, Torre Gropallo, Gesamtaussenansicht",Blick auf den Torre Gropallo,44.40726,8.9338624,Nein,Genova,lcmt-nabi-pctmp_ead_wehr_17116-B_pctmp.jpg,,circa 1910,,Schweizerische Nationalbibliothek,unknown photographer,https://commons.wikimedia.org/entity/M145041890,"Italia, Genova, Torre Gropallo, Gesamtaussenansicht",Blick auf den Torre Gropallo,1910,,,Italy,Liguria,Genova,44.380363,9.0423777,4,False,1,9.13,https://www.openstreetmap.org/?mlat=44.380363&mlon=9.0423777&zoom=14
"Italia, Genova, Ortsteilansicht",Blick auf den Stadtteil Nervi von Genua mit dem Torre Gropallo,44.40726,8.9338624,Nein,Genova,lcmt-nabi-pctmp_ead_wehr_17117-B_pctmp.jpg,,circa 1910,,Schweizerische Nationalbibliothek,unknown photographer,https://commons.wikimedia.org/entity/M145041971,"Italia, Genova, Ortsteilansicht",Blick auf den Stadtteil Nervi von Genua mit dem Torre Gropallo,1910,,,Italy,Liguria,Genova,44.40478,8.94439,3,True,0,0.88,https://www.openstreetmap.org/?mlat=44.40478&mlon=8.94439&zoom=14
"Italia, Genova, Ortsteilansicht","Blick auf einen Teil von Genova von einer Anhöhe aus, im Hintergrund der Hafen und das Mittelmeer",44.40726,8.9338624,Nein,Genova,lcmt-nabi-pctmp_ead_wehr_17118-B_pctmp.jpg,,1910,,Schweizerische Nationalbibliothek,unknown photographer,https://commons.wikimedia.org/entity/M145042048,"Italia, Genova, Ortsteilansicht","Blick auf einen Teil von Genova von einer Anhöhe aus, im Hintergrund der Hafen und das Mittelmeer",1910,,,Italy,Liguria,Genova,44.40478,8.94439,3,True,0,0.88,https://www.openstreetmap.org/?mlat=44.40478&mlon=8.94439&zoom=14
"Italia, Genova, Bahnhof Genova Piazza Principe, Teilaussenansicht","Blick auf den Bahnhof Genova Piazza Principe, auf dem Platz davor sind Pferdekutschen zu sehen",44.40726,8.9338624,Nein,Genova,lcmt-nabi-pctmp_ead_wehr_17119-B_pctmp.jpg,,circa 1910,,Schweizerische Nationalbibliothek,unknown photographer,https://commons.wikimedia.org/entity/M145042142,"Italia, Genova, Bahnhof Genova Piazza Principe","Blick auf den Bahnhof Genova Piazza Principe, auf dem Platz davor sind Pferdekutschen zu sehen",1910,,,Italy,Liguria,Genova,44.41705,8.92037,5,False,0,1.53,https://www.openstreetmap.org/?mlat=44.41705&mlon=8.92037&zoom=14
"Pilatus, Panorama","Panorama vom Pilatus gegen die Berner Alpen, Blick auf den Vierwaldstättersee, rechts das Buochserhorn, im Vordergrund der Bürgenstock",46.9854161,8.4988048,Nein,Vierwaldstättersee,lcmt-nabi-pctmp_ead_wehr_1712-B_pctmp.jpg,Obwalden,1906,,Schweizerische Nationalbibliothek,Bruno Wehrli,https://commons.wikimedia.org/entity/M144075460,"Pilatus, Panorama","Panorama vom Pilatus gegen die Berner Alpen, Blick auf den Vierwaldstättersee, rechts das Buochserhorn, im Vordergrund der Bürgenstock",1906,Bruno Wehrli,,Switzerland,Kanton Obwalden,Vierwaldstättersee,46.9767,8.2549,5,False,0,18.53,https://www.openstreetmap.org/?mlat=46.9767&mlon=8.2549&zoom=14
"Italia, Genova, Ortsteilansicht",Zwei Dampschiffe im Hafen von Genova,44.40726,8.9338624,Nein,Genova,lcmt-nabi-pctmp_ead_wehr_17122-B_pctmp.jpg,,circa 1910,,Schweizerische Nationalbibliothek,unknown photographer,https://commons.wikimedia.org/entity/M145042286,"Italia, Genova, Ortsteilansicht",Zwei Dampschiffe im Hafen von Genova,1910,,,Italy,Liguria,Genova,44.40478,8.94439,3,True,0,0.88,https://www.openstreetmap.org/?mlat=44.40478&mlon=8.94439&zoom=14
"Italia, Genova, Ortsteilansicht",Ansicht eines Parks in Genova,44.40726,8.9338624,Nein,Genova,lcmt-nabi-pctmp_ead_wehr_17124-B_pctmp.jpg,,1910,,Schweizerische Nationalbibliothek,unknown photographer,https://commons.wikimedia.org/entity/M145042409,"Italia, Genova, Ortsteilansicht",Ansicht eines Parks in Genova,1910,,,Italy,Liguria,Genova,44.40478,8.94439,3,True,0,0.88,https://www.openstreetmap.org/?mlat=44.40478&mlon=8.94439&zoom=14
"Italia, Genova, Ortsteilansicht",Piazza Caricamento in Genova,44.40726,8.9338624,Nein,Genova,lcmt-nabi-pctmp_ead_wehr_17125-B_pctmp.jpg,,1910,,Schweizerische Nationalbibliothek,unknown photographer,https://commons.wikimedia.org/entity/M145042515,"Italia, Genova, Piazza Caricamento",Piazza Caricamento in Genova,1910,,,Italy,Liguria,Genova,44.4097723,8.9287228,4,False,1,0.49,https://www.openstreetmap.org/?mlat=44.4097723&mlon=8.9287228&zoom=14
"Italia, Genova, Ortsteilansicht",Blick auf den Piazza Caricamento in Genova,44.40726,8.9338624,Nein,Genova,lcmt-nabi-pctmp_ead_wehr_17126-B_pctmp.jpg,,circa 1910,,Schweizerische Nationalbibliothek,unknown photographer,https://commons.wikimedia.org/entity/M145042620,"Italia, Genova, Piazza Caricamento",Blick auf den Piazza Caricamento in Genova,1910,,,Italy,Liguria,Genova,44.4097723,8.9287228,4,False,1,0.49,https://www.openstreetmap.org/?mlat=44.4097723&mlon=8.9287228&zoom=14
"Italia, Genova, Ortsteilansicht",Stadtteil Carignano von Genova mit der Basilica di Santa Maria Assunta,44.40726,8.9338624,Nein,Genova,lcmt-nabi-pctmp_ead_wehr_17127-B_pctmp.jpg,,1910,,Schweizerische Nationalbibliothek,unknown photographer,https://commons.wikimedia.org/entity/M145042703,"Italia, Genova, Basilica di Santa Maria Assunta",Stadtteil Carignano von Genova mit der Basilica di Santa Maria Assunta,1910,,,Italy,Liguria,Genova,44.3503298,9.1517941,4,False,1,18.44,https://www.openstreetmap.org/?mlat=44.3503298&mlon=9.1517941&zoom=14
"Italia, Genova, Ortsteilansicht",Piazza della Nunziata in Genova,44.40726,8.9338624,Nein,Genova,lcmt-nabi-pctmp_ead_wehr_17128-B_pctmp.jpg,,1910,,Schweizerische Nationalbibliothek,unknown photographer,https://commons.wikimedia.org/entity/M145042843,"Italia, Genova, Piazza della Nunziata",Piazza della Nunziata in Genova,1910,,,Italy,Liguria,Genova,44.41363,8.92837,5,False,0,0.83,https://www.openstreetmap.org/?mlat=44.41363&mlon=8.92837&zoom=14
"Italia, Genova, Ortsteilansicht","Blick auf das Waschhaus Truogoli di Santa Brigida, zwischen den Häusern sind Wäscheleinen gespannt, an denen Wäsche zum Trocknen aufgehängt ist",44.40726,8.9338624,Nein,Genova,lcmt-nabi-pctmp_ead_wehr_17129-B_pctmp.jpg,,circa 1910,,Schweizerische Nationalbibliothek,unknown photographer,https://commons.wikimedia.org/entity/M145042923,"Italia, Genova, Truogoli di Santa Brigida","Blick auf das Waschhaus Truogoli di Santa Brigida, zwischen den Häusern sind Wäscheleinen gespannt, an denen Wäsche zum Trocknen aufgehängt ist",1910,,,Italy,Liguria,Genova,44.4152826,8.9247164,4,False,1,1.15,https://www.openstreetmap.org/?mlat=44.4152826&mlon=8.9247164&zoom=14
"Vitznau, Ortsgesamtansicht","Blick auf Vitznau über den Vierwaldstättersee hinweg, im Hintergrund die Rigi",47.0091184,8.4846569,Nein,Vitznau,lcmt-nabi-pctmp_ead_wehr_1713-B_pctmp.jpg,Luzern,1906,,Schweizerische Nationalbibliothek,Bruno Wehrli,https://commons.wikimedia.org/entity/M144075626,"Vitznau, Ortsgesamtansicht","Blick auf Vitznau über den Vierwaldstättersee hinweg, im Hintergrund die Rigi",1906,Bruno Wehrli,,Switzerland,Kanton Luzern,Vitznau,47.01014,8.4842,3,True,0,0.12,https://www.openstreetmap.org/?mlat=47.01014&mlon=8.4842&zoom=14
"Italia, Genova, Camposanto, Monumento di Erasmo Piaggio, Gesamtansicht",Ansicht des Grabsteins von Erasmo Piaggio,44.40726,8.9338624,Nein,Genova,lcmt-nabi-pctmp_ead_wehr_17132-B_pctmp.jpg,,1910,,Schweizerische Nationalbibliothek,unknown photographer,https://commons.wikimedia.org/entity/M145043152,"Italia, Genova, Monumento di Erasmo Piaggio",Ansicht des Grabsteins von Erasmo Piaggio,1910,,,Italy,Liguria,Genova,44.40478,8.94439,3,True,0,0.88,https://www.openstreetmap.org/?mlat=44.40478&mlon=8.94439&zoom=14
"Italia, Genova, Camposanto, Monumento Dapassano, Gesamtansicht",Ansicht eines Grabsteins zum Gedenken an zwei Schwestern,44.40726,8.9338624,Nein,Genova,lcmt-nabi-pctmp_ead_wehr_17133-B_pctmp.jpg,,circa 1910,,Schweizerische Nationalbibliothek,unknown photographer,https://commons.wikimedia.org/entity/M145043276,"Italia, Genova, Monumento Dapassano",Ansicht eines Grabsteins zum Gedenken an zwei Schwestern,1910,,,Italy,Liguria,Genova,44.40478,8.94439,3,True,0,0.88,https://www.openstreetmap.org/?mlat=44.40478&mlon=8.94439&zoom=14
"Italia, Genova, Castello Raggio, Gesamtaussenansicht","Blick auf das Castello Raggio, das sich im Stadtteil Cornigliano von Genua befindet",44.40726,8.9338624,Nein,Genova,lcmt-nabi-pctmp_ead_wehr_17134-B_pctmp.jpg,,circa 1910,,Schweizerische Nationalbibliothek,unknown photographer,https://commons.wikimedia.org/entity/M145043382,"Italia, Genova, Castello Raggio","Blick auf das Castello Raggio, das sich im Stadtteil Cornigliano von Genua befindet",1910,,,Italy,Liguria,Genova,44.4152228,8.8737083,4,False,1,4.86,https://www.openstreetmap.org/?mlat=44.4152228&mlon=8.8737083&zoom=14
"Italia, Genova, Ortsteilansicht",Blick auf den Stadtteil Pegli runter,44.40726,8.9338624,Nein,Genova,lcmt-nabi-pctmp_ead_wehr_17135-B_pctmp.jpg,,circa 1910,,Schweizerische Nationalbibliothek,unknown photographer,https://commons.wikimedia.org/entity/M145043468,"Italia, Genova, Ortsteilansicht",Blick auf den Stadtteil Pegli runter,1910,,,Italy,Liguria,Genova,44.40478,8.94439,3,True,0,0.88,https://www.openstreetmap.org/?mlat=44.40478&mlon=8.94439&zoom=14
"Italia, Genova, Garten der Villa Durazzo Pallavicini, Teilansicht","Blick auf den Tempel der Jagdgöttin Diana, der sich im Garten der Villa Durazzo Pallavicini befindet, die im Stadtteil Pegli von Genua errichtet wurde",44.40726,8.9338624,Nein,Genova,lcmt-nabi-pctmp_ead_wehr_17136-B_pctmp.jpg,,circa 1910,,Schweizerische Nationalbibliothek,unknown photographer,https://commons.wikimedia.org/entity/M145043546,"Italia, Genova, Villa Durazzo Pallavicini, Garten","Blick auf den Tempel der Jagdgöttin Diana, der sich im Garten der Villa Durazzo Pallavicini befindet, die im Stadtteil Pegli von Genua errichtet wurde",1910,,,Italy,Liguria,Genova,44.42589,8.81721,5,False,0,9.49,https://www.openstreetmap.org/?mlat=44.42589&mlon=8.81721&zoom=14
"Italia, Alassio, Ortsgesamtansicht",Blick auf Alassio von einer Anhöhe aus,44.0080109,8.1730265,Nein,Alassio,lcmt-nabi-pctmp_ead_wehr_17137-B_pctmp.jpg,,1910,,Schweizerische Nationalbibliothek,unknown photographer,https://commons.wikimedia.org/entity/M145043654,"Italia, Alassio, Ortsgesamtansicht",Blick auf Alassio von einer Anhöhe aus,1910,,,Italy,Liguria,Alassio,44.00393,8.16713,3,True,0,0.65,https://www.openstreetmap.org/?mlat=44.00393&mlon=8.16713&zoom=14
"Italia, Imperia, Ortsteilansicht",Blick auf den Ortsteil Porto Maurizio der Stadt Imperia,43.9583753,7.8667427,Nein,Imperia,lcmt-nabi-pctmp_ead_wehr_17138-B_pctmp.jpg,,circa 1910,,Schweizerische Nationalbibliothek,unknown photographer,https://commons.wikimedia.org/entity/M145043776,"Italia, Imperia, Ortsteilansicht",Blick auf den Ortsteil Porto Maurizio der Stadt Imperia,1910,,,Italy,Liguria,Imperia,43.88917,8.03933,3,True,0,15.82,https://www.openstreetmap.org/?mlat=43.88917&mlon=8.03933&zoom=14
"Italia, Ospedaletti, Ortsteilansicht",en View of Ospedaletti c. 1910,43.8020802,7.7181662,Nein,Ospedaletti,lcmt-nabi-pctmp_ead_wehr_17139-B_pctmp.jpg,,1910,,Schweizerische Nationalbibliothek,unknown photographer,https://commons.wikimedia.org/entity/M145043941,"Italia, Ospedaletti, Ortsteilansicht",en View of Ospedaletti c. 1910,1910,,,Italy,Liguria,Ospedaletti,43.80221,7.7183,3,True,0,0.02,https://www.openstreetmap.org/?mlat=43.80221&mlon=7.7183&zoom=14
"Italia, Bordighera, Ortsteilansicht",Blick auf die Küste von Bordighera gegen Ospedaletti,43.8020802,7.7181662,Nein,Ospedaletti,lcmt-nabi-pctmp_ead_wehr_17140-B_pctmp.jpg,,circa 1910,,Schweizerische Nationalbibliothek,unknown photographer,https://commons.wikimedia.org/entity/M145044018,"Italia, Bordighera, Ortsteilansicht",Blick auf die Küste von Bordighera gegen Ospedaletti,1910,,,Italy,Liguria,Ospedaletti,43.80221,7.7183,3,True,0,0.02,https://www.openstreetmap.org/?mlat=43.80221&mlon=7.7183&zoom=14
"Italia, Bordighera, Kirche des Sant'Ampelio, Teilaussenansicht",Blick auf die Küste von Bordighera mit der Kirche des Sant'Ampelio,43.8020802,7.7181662,Nein,Ospedaletti,lcmt-nabi-pctmp_ead_wehr_17141-B_pctmp.jpg,,circa 1910,,Schweizerische Nationalbibliothek,unknown photographer,https://commons.wikimedia.org/entity/M145044105,"Italia, Bordighera, Kirche Sant'Ampelio",Blick auf die Küste von Bordighera mit der Kirche des Sant'Ampelio,1910,,,Italy,Liguria,Ospedaletti,43.80221,7.7183,3,True,0,0.02,https://www.openstreetmap.org/?mlat=43.80221&mlon=7.7183&zoom=14
"Italia, Sanremo, Ortsteilansicht",Blick von einer Anhöhe über Sanremo und auf das Mittelmeer,43.8198253,7.7748827,Nein,Sanremo,lcmt-nabi-pctmp_ead_wehr_17142-B_pctmp.jpg,,1910,,Schweizerische Nationalbibliothek,unknown photographer,https://commons.wikimedia.org/entity/M145044247,"Italia, Sanremo, Ortsteilansicht",Blick von einer Anhöhe über Sanremo und auf das Mittelmeer,1910,,,Italy,Liguria,Sanremo,43.81725,7.7772,3,True,0,0.34,https://www.openstreetmap.org/?mlat=43.81725&mlon=7.7772&zoom=14
"Italia, Sanremo, Ortsteilansicht","Blick von einer Anhöhe über Sanremo, im Vordergrund Olivenbäume",43.8198253,7.7748827,Nein,Sanremo,lcmt-nabi-pctmp_ead_wehr_17143-B_pctmp.jpg,,1910,,Schweizerische Nationalbibliothek,unknown photographer,https://commons.wikimedia.org/entity/M145044307,"Italia, Sanremo, Ortsteilansicht","Blick von einer Anhöhe über Sanremo, im Vordergrund Olivenbäume",1910,,,Italy,Liguria,Sanremo,43.81725,7.7772,3,True,0,0.34,https://www.openstreetmap.org/?mlat=43.81725&mlon=7.7772&zoom=14
"Italia, Sanremo, Ortsteilansicht",Uferpromenade von Sanremo,43.8198253,7.7748827,Nein,Sanremo,lcmt-nabi-pctmp_ead_wehr_17144-B_pctmp.jpg,,1910,,Schweizerische Nationalbibliothek,unknown photographer,https://commons.wikimedia.org/entity/M145044370,"Italia, Sanremo, Ortsteilansicht",Uferpromenade von Sanremo,1910,,,Italy,Liguria,Sanremo,43.81725,7.7772,3,True,0,0.34,https://www.openstreetmap.org/?mlat=43.81725&mlon=7.7772&zoom=14
"Italia, Sanremo, Ortsteilansicht","Hafenbecken von Sanremo, im Vordergrund Segelschiffe",43.8198253,7.7748827,Nein,Sanremo,lcmt-nabi-pctmp_ead_wehr_17145-B_pctmp.jpg,,1910,,Schweizerische Nationalbibliothek,unknown photographer,https://commons.wikimedia.org/entity/M145044457,"Italia, Sanremo, Ortsteilansicht","Hafenbecken von Sanremo, im Vordergrund Segelschiffe",1910,,,Italy,Liguria,Sanremo,43.81725,7.7772,3,True,0,0.34,https://www.openstreetmap.org/?mlat=43.81725&mlon=7.7772&zoom=14
"Italia, Sanremo, Villa Zirio, Teilaussenansicht","Blick auf die Villa Zirio, die von Bäumen und Sträuchern verdeckt wird",43.8198253,7.7748827,Nein,Sanremo,lcmt-nabi-pctmp_ead_wehr_17147-B_pctmp.jpg,,circa 1910,,Schweizerische Nationalbibliothek,unknown photographer,https://commons.wikimedia.org/entity/M145044578,"Italia, Sanremo, Villa Zirio","Blick auf die Villa Zirio, die von Bäumen und Sträuchern verdeckt wird",1910,,,Italy,Liguria,Sanremo,43.8220719,7.7857048,4,False,1,0.9,https://www.openstreetmap.org/?mlat=43.8220719&mlon=7.7857048&zoom=14
"Italia, Sanremo, Ortsteilansicht",Via Montà in Sanremo,43.8198253,7.7748827,Nein,Sanremo,lcmt-nabi-pctmp_ead_wehr_17148-B_pctmp.jpg,,1910,,Schweizerische Nationalbibliothek,unknown photographer,https://commons.wikimedia.org/entity/M145044656,"Italia, Sanremo, Via Montà",Via Montà in Sanremo,1910,,,Italy,Liguria,Sanremo,43.8181234,7.7738088,4,False,1,0.21,https://www.openstreetmap.org/?mlat=43.8181234&mlon=7.7738088&zoom=14
"Italia, Sanremo, Ortsteilansicht",Via Palma in Sanremo,43.8198253,7.7748827,Nein,Sanremo,lcmt-nabi-pctmp_ead_wehr_17149-B_pctmp.jpg,,1910,,Schweizerische Nationalbibliothek,unknown photographer,https://commons.wikimedia.org/entity/M145044756,"Italia, Sanremo, Via Palma",Via Palma in Sanremo,1910,,,Italy,Liguria,Sanremo,43.8182044,7.7744914,4,False,1,0.18,https://www.openstreetmap.org/?mlat=43.8182044&mlon=7.7744914&zoom=14
"Luzern, Seeburg, Gesamtaussenansicht","Blick von einer Anhöhe auf das Hotel Seeburg (früher: Polytechnic Chalet Seeburg) und den Vierwaldstättersee, im Hintergrund das Stanserhorn",47.0505452,8.3054682,Nein,Luzern,lcmt-nabi-pctmp_ead_wehr_1714a-B_pctmp.jpg,Luzern,1906,,Schweizerische Nationalbibliothek,Bruno Wehrli,https://commons.wikimedia.org/entity/M147647305,"Luzern, Hotel Seeburg","Blick von einer Anhöhe auf das Hotel Seeburg (früher: Polytechnic Chalet Seeburg) und den Vierwaldstättersee, im Hintergrund das Stanserhorn",1906,Bruno Wehrli,,Switzerland,Kanton Luzern,Luzern,47.0468952,8.3437313,4,False,1,2.93,https://www.openstreetmap.org/?mlat=47.0468952&mlon=8.3437313&zoom=14
"Italia, Ceriana, Ortsgesamtansicht",Ansicht von Ceriana,43.8807025,7.7745643,Nein,Ceriana,lcmt-nabi-pctmp_ead_wehr_17151-B_pctmp.jpg,,1910,,Schweizerische Nationalbibliothek,unknown photographer,https://commons.wikimedia.org/entity/M145045144,"Italia, Ceriana, Ortsgesamtansicht",Ansicht von Ceriana,1910,,,Italy,Liguria,Ceriana,43.88091,7.77476,3,True,0,0.03,https://www.openstreetmap.org/?mlat=43.88091&mlon=7.77476&zoom=14
"Italia, Ventimiglia, Fels Scoglio Alto, Gesamtansicht",Ansicht des Felsbrockens Scoglio Alto,43.7917623,7.6033131,Nein,Ventimiglia,lcmt-nabi-pctmp_ead_wehr_17152-B_pctmp.jpg,,1910-03,,Schweizerische Nationalbibliothek,Artur Wehrli,https://commons.wikimedia.org/entity/M145045295,"Italia, Ventimiglia, Scoglio Alto",Ansicht des Felsbrockens Scoglio Alto,1910:03,Artur Wehrli,,Italy,Liguria,Ventimiglia,43.78956,7.60872,3,True,0,0.5,https://www.openstreetmap.org/?mlat=43.78956&mlon=7.60872&zoom=14
"Italia, Ventimiglia, Ortsteilansicht",Blick auf einen Teil von Ventimiglia,43.7917623,7.6033131,Nein,Ventimiglia,lcmt-nabi-pctmp_ead_wehr_17153-B_pctmp.jpg,,1910-03,,Schweizerische Nationalbibliothek,Artur Wehrli,https://commons.wikimedia.org/entity/M145045449,"Italia, Ventimiglia, Ortsteilansicht",Blick auf einen Teil von Ventimiglia,1910:03,Artur Wehrli,,Italy,Liguria,Ventimiglia,43.78956,7.60872,3,True,0,0.5,https://www.openstreetmap.org/?mlat=43.78956&mlon=7.60872&zoom=14
"Italia, Ventimiglia, Ortsgesamtansicht",Blick auf Ventimiglia,43.7917623,7.6033131,Nein,Ventimiglia,lcmt-nabi-pctmp_ead_wehr_17154-B_pctmp.jpg,,1910-03,,Schweizerische Nationalbibliothek,Artur Wehrli,https://commons.wikimedia.org/entity/M145045612,"Italia, Ventimiglia, Ortsgesamtansicht",Blick auf Ventimiglia,1910:03,Artur Wehrli,,Italy,Liguria,Ventimiglia,43.78956,7.60872,3,True,0,0.5,https://www.openstreetmap.org/?mlat=43.78956&mlon=7.60872&zoom=14
"Italia, Ventimiglia, Ortsgesamtansicht",Blick von einer Anhöhe auf Ventimiglia,43.7917623,7.6033131,Nein,Ventimiglia,lcmt-nabi-pctmp_ead_wehr_17155-B_pctmp.jpg,,1910-03,,Schweizerische Nationalbibliothek,Artur Wehrli,https://commons.wikimedia.org/entity/M145045802,"Italia, Ventimiglia, Ortsgesamtansicht",Blick von einer Anhöhe auf Ventimiglia,1910:03,Artur Wehrli,,Italy,Liguria,Ventimiglia,43.78956,7.60872,3,True,0,0.5,https://www.openstreetmap.org/?mlat=43.78956&mlon=7.60872&zoom=14
"Italia, Ventimiglia, Ortsteilansicht","Blick von einer Anhöhe auf Ventimiglia, im Vordergrund ein Baum",43.7917623,7.6033131,Nein,Ventimiglia,lcmt-nabi-pctmp_ead_wehr_17156-B_pctmp.jpg,,1910-03,,Schweizerische Nationalbibliothek,Artur Wehrli,https://commons.wikimedia.org/entity/M145045881,"Italia, Ventimiglia, Ortsteilansicht","Blick von einer Anhöhe auf Ventimiglia, im Vordergrund ein Baum",1910:03,Artur Wehrli,,Italy,Liguria,Ventimiglia,43.78956,7.60872,3,True,0,0.5,https://www.openstreetmap.org/?mlat=43.78956&mlon=7.60872&zoom=14
"Italia, Bordighera, Ortsteilansicht","Blick auf Bordighera von einer Anhöhe aus, im Vordergrund Pflanzen",43.7850512,7.6591094,Nein,Bordighera,lcmt-nabi-pctmp_ead_wehr_17157-B_pctmp.jpg,,1910,,Schweizerische Nationalbibliothek,unknown photographer,https://commons.wikimedia.org/entity/M145045942,"Italia, Bordighera, Ortsteilansicht","Blick auf Bordighera von einer Anhöhe aus, im Vordergrund Pflanzen",1910,,,Italy,Liguria,Bordighera,43.78064,7.66451,3,True,0,0.65,https://www.openstreetmap.org/?mlat=43.78064&mlon=7.66451&zoom=14
"Italia, Bordighera, Ortsteilansicht",Blick auf Bordighera von der Strandpromenade am Kap aus,43.7850512,7.6591094,Nein,Bordighera,lcmt-nabi-pctmp_ead_wehr_17158-B_pctmp.jpg,,circa 1910,,Schweizerische Nationalbibliothek,unknown photographer,https://commons.wikimedia.org/entity/M145046020,"Italia, Bordighera, Strandpromenade",Blick auf Bordighera von der Strandpromenade am Kap aus,1910,,,Italy,Liguria,Bordighera,43.78064,7.66451,3,True,0,0.65,https://www.openstreetmap.org/?mlat=43.78064&mlon=7.66451&zoom=14
"Italia, Bordighera, Ortsteilansicht",Blick auf Bordighera,43.7850512,7.6591094,Nein,Bordighera,lcmt-nabi-pctmp_ead_wehr_17159-B_pctmp.jpg,,circa 1910,,Schweizerische Nationalbibliothek,unknown photographer,https://commons.wikimedia.org/entity/M145046159,"Italia, Bordighera, Ortsteilansicht",Blick auf Bordighera,1910,,,Italy,Liguria,Bordighera,43.78064,7.66451,3,True,0,0.65,https://www.openstreetmap.org/?mlat=43.78064&mlon=7.66451&zoom=14
"Bürgenstock, Panorama",Blick vom Bürgenstock aus auf Vitznau und die Rigi,47.0003117,8.3983261,Nein,Bürgenstock,lcmt-nabi-pctmp_ead_wehr_1716-B_pctmp.jpg,Nidwalden,1906,,Schweizerische Nationalbibliothek,Bruno Wehrli,https://commons.wikimedia.org/entity/M144075891,"Bürgenstock, Panorama",Blick vom Bürgenstock aus auf Vitznau und die Rigi,1906,Bruno Wehrli,,Switzerland,Kanton Nidwalden,Bürgenstock,46.99662,8.38428,3,True,0,1.14,https://www.openstreetmap.org/?mlat=46.99662&mlon=8.38428&zoom=14
"Italia, Bordighera, Kirche von Sant'Ampelio, Teilaussenansicht",Blick auf die Kirche Sant'Ampelio über das Meer hinweg,43.7850512,7.6591094,Nein,Bordighera,lcmt-nabi-pctmp_ead_wehr_17161-B_pctmp.jpg,,circa 1910,,Schweizerische Nationalbibliothek,unknown photographer,https://commons.wikimedia.org/entity/M145046276,"Italia, Bordighera, Kirche von Sant'Ampelio",Blick auf die Kirche Sant'Ampelio über das Meer hinweg,1910,,,Italy,Liguria,Bordighera,43.776977,7.6714423,4,False,1,1.34,https://www.openstreetmap.org/?mlat=43.776977&mlon=7.6714423&zoom=14
"Italia, Bordighera, Giardini Winter, Teilansicht","Ansicht einiger Palmen, Sukkulenten und Kakteen des Giardini Winter",43.7850512,7.6591094,Nein,Bordighera,lcmt-nabi-pctmp_ead_wehr_17162-B_pctmp.jpg,,circa 1910,,Schweizerische Nationalbibliothek,unknown photographer,https://commons.wikimedia.org/entity/M145046330,"Italia, Bordighera, Giardini Winter","Ansicht einiger Palmen, Sukkulenten und Kakteen des Giardini Winter",1910,,,Italy,Liguria,Bordighera,43.7858171,7.6797393,4,False,1,1.66,https://www.openstreetmap.org/?mlat=43.7858171&mlon=7.6797393&zoom=14
"Italia, Bordighera, Landschaft",Ansicht einiger Palmen im Bordighera,43.7850512,7.6591094,Nein,Bordighera,lcmt-nabi-pctmp_ead_wehr_17164-B_pctmp.jpg,,circa 1910,,Schweizerische Nationalbibliothek,unknown photographer,https://commons.wikimedia.org/entity/M145046388,"Italia, Bordighera, Landschaft",Ansicht einiger Palmen im Bordighera,1910,,,Italy,Liguria,Bordighera,43.78064,7.66451,3,True,0,0.65,https://www.openstreetmap.org/?mlat=43.78064&mlon=7.66451&zoom=14
"Italia, Sanremo, Ortsteilansicht","Hafenbecken von Sanremo, im Vordergrund Segelschiffe",43.8198253,7.7748827,Nein,Sanremo,lcmt-nabi-pctmp_ead_wehr_17165-B_pctmp.jpg,,1910,,Schweizerische Nationalbibliothek,unknown photographer,https://commons.wikimedia.org/entity/M145046440,"Italia, Sanremo, Ortsteilansicht","Hafenbecken von Sanremo, im Vordergrund Segelschiffe",1910,,,Italy,Liguria,Sanremo,43.81725,7.7772,3,True,0,0.34,https://www.openstreetmap.org/?mlat=43.81725&mlon=7.7772&zoom=14
"Italia, Sanremo, Ortsgesamtansicht",Blick von einer Anhöhe auf Sanremo und das Mittelmeer,43.8198253,7.7748827,Nein,Sanremo,lcmt-nabi-pctmp_ead_wehr_17166-B_pctmp.jpg,,1910,,Schweizerische Nationalbibliothek,unknown photographer,https://commons.wikimedia.org/entity/M145046521,"Italia, Sanremo, Ortsgesamtansicht",Blick von einer Anhöhe auf Sanremo und das Mittelmeer,1910,,,Italy,Liguria,Sanremo,43.81725,7.7772,3,True,0,0.34,https://www.openstreetmap.org/?mlat=43.81725&mlon=7.7772&zoom=14
"Italia, Sanremo, Ortsgesamtansicht",Blick auf Sanremo gegen Capo Nero,43.8198253,7.7748827,Nein,Sanremo,lcmt-nabi-pctmp_ead_wehr_17167-B_pctmp.jpg,,circa 1910,,Schweizerische Nationalbibliothek,unknown photographer,https://commons.wikimedia.org/entity/M145046593,"Italia, Sanremo, Ortsgesamtansicht",Blick auf Sanremo gegen Capo Nero,1910,,,Italy,Liguria,Sanremo,43.81725,7.7772,3,True,0,0.34,https://www.openstreetmap.org/?mlat=43.81725&mlon=7.7772&zoom=14
"Italia, Sanremo, Ortsgesamtansicht","Blick von einer Anhöhe auf Sanremo, im Vordergrund Rebberge",43.8198253,7.7748827,Nein,Sanremo,lcmt-nabi-pctmp_ead_wehr_17168-B_pctmp.jpg,,1910,,Schweizerische Nationalbibliothek,unknown photographer,https://commons.wikimedia.org/entity/M145046645,"Italia, Sanremo, Ortsgesamtansicht","Blick von einer Anhöhe auf Sanremo, im Vordergrund Rebberge",1910,,,Italy,Liguria,Sanremo,43.81725,7.7772,3,True,0,0.34,https://www.openstreetmap.org/?mlat=43.81725&mlon=7.7772&zoom=14
"Italia, Sanremo, Ortsgesamtansicht","Blick von einer Anhöhe auf Sanremo, im Vordergrund Bäume",43.8198253,7.7748827,Nein,Sanremo,lcmt-nabi-pctmp_ead_wehr_17169-B_pctmp.jpg,,1910,,Schweizerische Nationalbibliothek,unknown photographer,https://commons.wikimedia.org/entity/M145046690,"Italia, Sanremo, Ortsgesamtansicht","Blick von einer Anhöhe auf Sanremo, im Vordergrund Bäume",1910,,,Italy,Liguria,Sanremo,43.81725,7.7772,3,True,0,0.34,https://www.openstreetmap.org/?mlat=43.81725&mlon=7.7772&zoom=14
"Rigi Staffel, Landschaft",Blick auf Rigi Staffel und Rigi Kulm mit Aussicht auf einen Teil des Vierwaldstättersees im Nebel,47.0566777,8.4852649,Nein,Rigi,lcmt-nabi-pctmp_ead_wehr_1717-B_pctmp.jpg,Schwyz,1906,,Schweizerische Nationalbibliothek,Bruno Wehrli,https://commons.wikimedia.org/entity/M144076021,"Rigi Staffel, Landschaft",Blick auf Rigi Staffel und Rigi Kulm mit Aussicht auf einen Teil des Vierwaldstättersees im Nebel,1906,Bruno Wehrli,,Switzerland,Kanton Schwyz,Rigi,47.0534437,8.4741672,4,False,1,0.91,https://www.openstreetmap.org/?mlat=47.0534437&mlon=8.4741672&zoom=14
"Italia, Sanremo, Ortsteilansicht","Blick von einer Anhöhe über Sanremo, im Vordergrund Palmen",43.8198253,7.7748827,Nein,Sanremo,lcmt-nabi-pctmp_ead_wehr_17171-B_pctmp.jpg,,1910,,Schweizerische Nationalbibliothek,unknown photographer,https://commons.wikimedia.org/entity/M145046829,"Italia, Sanremo, Ortsteilansicht","Blick von einer Anhöhe über Sanremo, im Vordergrund Palmen",1910,,,Italy,Liguria,Sanremo,43.81725,7.7772,3,True,0,0.34,https://www.openstreetmap.org/?mlat=43.81725&mlon=7.7772&zoom=14
"Italia, Sanremo, Ortsteilansicht","Ansicht von Sanremo, im Vordergrund eine Blumenwiese",43.8198253,7.7748827,Nein,Sanremo,lcmt-nabi-pctmp_ead_wehr_17172-B_pctmp.jpg,,1910,,Schweizerische Nationalbibliothek,unknown photographer,https://commons.wikimedia.org/entity/M145046885,"Italia, Sanremo, Ortsteilansicht","Ansicht von Sanremo, im Vordergrund eine Blumenwiese",1910,,,Italy,Liguria,Sanremo,43.81725,7.7772,3,True,0,0.34,https://www.openstreetmap.org/?mlat=43.81725&mlon=7.7772&zoom=14
"Italia, Sanremo, Ortsteilansicht",Blick auf Sanremo vone iner Anhöhe aus,43.8198253,7.7748827,Nein,Sanremo,lcmt-nabi-pctmp_ead_wehr_17173-B_pctmp.jpg,,circa 1910,,Schweizerische Nationalbibliothek,unknown photographer,https://commons.wikimedia.org/entity/M145046936,"Italia, Sanremo, Ortsteilansicht",Blick auf Sanremo vone iner Anhöhe aus,1910,,,Italy,Liguria,Sanremo,43.81725,7.7772,3,True,0,0.34,https://www.openstreetmap.org/?mlat=43.81725&mlon=7.7772&zoom=14
"Italia, Sanremo, Ortsteilansicht",Uferpromenade von Sanremo,43.8198253,7.7748827,Nein,Sanremo,lcmt-nabi-pctmp_ead_wehr_17174-B_pctmp.jpg,,1910,,Schweizerische Nationalbibliothek,unknown photographer,https://commons.wikimedia.org/entity/M145046975,"Italia, Sanremo, Ortsteilansicht",Uferpromenade von Sanremo,1910,,,Italy,Liguria,Sanremo,43.81725,7.7772,3,True,0,0.34,https://www.openstreetmap.org/?mlat=43.81725&mlon=7.7772&zoom=14
"Italia, Sanremo, Ortsteilansicht",Uferpromenade von Sanremo,43.8198253,7.7748827,Nein,Sanremo,lcmt-nabi-pctmp_ead_wehr_17175-B_pctmp.jpg,,1910,,Schweizerische Nationalbibliothek,unknown photographer,https://commons.wikimedia.org/entity/M145047024,"Italia, Sanremo, Ortsteilansicht",Uferpromenade von Sanremo,1910,,,Italy,Liguria,Sanremo,43.81725,7.7772,3,True,0,0.34,https://www.openstreetmap.org/?mlat=43.81725&mlon=7.7772&zoom=14
"Italia, Sanremo, Ortsteilansicht",Spaziergänger auf der Uferpromenade von Sanremo,43.8198253,7.7748827,Nein,Sanremo,lcmt-nabi-pctmp_ead_wehr_17176-B_pctmp.jpg,,1910,,Schweizerische Nationalbibliothek,unknown photographer,https://commons.wikimedia.org/entity/M145047092,"Italia, Sanremo, Ortsteilansicht",Spaziergänger auf der Uferpromenade von Sanremo,1910,,,Italy,Liguria,Sanremo,43.81725,7.7772,3,True,0,0.34,https://www.openstreetmap.org/?mlat=43.81725&mlon=7.7772&zoom=14
"Italia, Sanremo, Giardino dell'Imperatrice, Teilansicht",Teilansicht der Parkanlage Giardino dell'Imperatrice,43.8198253,7.7748827,Nein,Sanremo,lcmt-nabi-pctmp_ead_wehr_17177-B_pctmp.jpg,,circa 1910,,Schweizerische Nationalbibliothek,unknown photographer,https://commons.wikimedia.org/entity/M145047150,"Italia, Sanremo, Giardino dell'Imperatrice",Teilansicht der Parkanlage Giardino dell'Imperatrice,1910,,,Italy,Liguria,Sanremo,43.81725,7.7772,3,True,0,0.34,https://www.openstreetmap.org/?mlat=43.81725&mlon=7.7772&zoom=14
"Italia, Sanremo, Giardino dell'Imperatrice, Teilansicht",Teilansicht der Parkanlage Giardino dell'Imperatrice,43.8198253,7.7748827,Nein,Sanremo,lcmt-nabi-pctmp_ead_wehr_17178-B_pctmp.jpg,,circa 1910,,Schweizerische Nationalbibliothek,unknown photographer,https://commons.wikimedia.org/entity/M145047223,"Italia, Sanremo, Giardino dell'Imperatrice",Teilansicht der Parkanlage Giardino dell'Imperatrice,1910,,,Italy,Liguria,Sanremo,43.81725,7.7772,3,True,0,0.34,https://www.openstreetmap.org/?mlat=43.81725&mlon=7.7772&zoom=14
"Italia, Sanremo, Ortsteilansicht",Uferpromenade von Sanremo,43.8198253,7.7748827,Nein,Sanremo,lcmt-nabi-pctmp_ead_wehr_17179-B_pctmp.jpg,,1910,,Schweizerische Nationalbibliothek,unknown photographer,https://commons.wikimedia.org/entity/M145047266,"Italia, Sanremo, Ortsteilansicht",Uferpromenade von Sanremo,1910,,,Italy,Liguria,Sanremo,43.81725,7.7772,3,True,0,0.34,https://www.openstreetmap.org/?mlat=43.81725&mlon=7.7772&zoom=14
"Luzern, Seeburg, Teilaussenansicht","Blick von einer Anhöhe auf das Hotel Seeburg (früher: Polytechnic Chalet Seeburg) und den Vierwaldstättersee, im Hintergrund das Stanserhorn, im Vordergrund ein blühender Birnbaum",47.0505452,8.3054682,Nein,Luzern,lcmt-nabi-pctmp_ead_wehr_1718-B_pctmp.jpg,Luzern,1906,,Schweizerische Nationalbibliothek,Bruno Wehrli,https://commons.wikimedia.org/entity/M144076151,"Luzern, Seeburg, Teilaussenansicht","Blick von einer Anhöhe auf das Hotel Seeburg (früher: Polytechnic Chalet Seeburg) und den Vierwaldstättersee, im Hintergrund das Stanserhorn, im Vordergrund ein blühender Birnbaum",1906,Bruno Wehrli,,Switzerland,Kanton Luzern,Luzern,47.0468952,8.3437313,4,False,1,2.93,https://www.openstreetmap.org/?mlat=47.0468952&mlon=8.3437313&zoom=14
"Italia, Sanremo, Ortsteilansicht",Blick durch eine Gasse auf die Uferpromenade von Sanremo und das Monumento a Giuseppe Garibaldi,43.8198253,7.7748827,Nein,Sanremo,lcmt-nabi-pctmp_ead_wehr_17181-B_pctmp.jpg,,1910,,Schweizerische Nationalbibliothek,unknown photographer,https://commons.wikimedia.org/entity/M145047404,"Sanremo, Ortsteilansicht",Blick durch eine Gasse auf die Uferpromenade von Sanremo und das Monumento a Giuseppe Garibaldi,1910,,,Italy,Liguria,Sanremo,43.81725,7.7772,3,True,0,0.34,https://www.openstreetmap.org/?mlat=43.81725&mlon=7.7772&zoom=14
"Italia, Sanremo, Casinò di Sanremo, Gesamtaussenansicht",Casinò di Sanremo,43.8198253,7.7748827,Nein,Sanremo,lcmt-nabi-pctmp_ead_wehr_17182-B_pctmp.jpg,,1910,,Schweizerische Nationalbibliothek,unknown photographer,https://commons.wikimedia.org/entity/M145047446,"Sanremo, Casinò di Sanremo",Casinò di Sanremo,1910,,,Italy,Liguria,Sanremo,43.81506,7.77201,5,False,0,0.58,https://www.openstreetmap.org/?mlat=43.81506&mlon=7.77201&zoom=14
"Italia, Sanremo, Casinò di Sanremo, Gesamtaussenansicht",Casinò di Sanremo,43.8198253,7.7748827,Nein,Sanremo,lcmt-nabi-pctmp_ead_wehr_17183-B_pctmp.jpg,,1910,,Schweizerische Nationalbibliothek,unknown photographer,https://commons.wikimedia.org/entity/M145047492,"Sanremo, Casinò di Sanremo",Casinò di Sanremo,1910,,,Italy,Liguria,Sanremo,43.81506,7.77201,5,False,0,0.58,https://www.openstreetmap.org/?mlat=43.81506&mlon=7.77201&zoom=14
"Italia, Sanremo, Ortsteilansicht","Marktstände in Sanremo, im Hintergrund der Turm der Concattedrale di San Siro",43.8198253,7.7748827,Nein,Sanremo,lcmt-nabi-pctmp_ead_wehr_17184-B_pctmp.jpg,,1910,,Schweizerische Nationalbibliothek,unknown photographer,https://commons.wikimedia.org/entity/M145047533,"Sanremo, Ortsteilansicht","Marktstände in Sanremo, im Hintergrund der Turm der Concattedrale di San Siro",1910,,,Italy,Liguria,Sanremo,43.81725,7.7772,3,True,0,0.34,https://www.openstreetmap.org/?mlat=43.81725&mlon=7.7772&zoom=14
"Italia, Sanremo, Porta di San Giuseppe, Gesamtansicht","Porta di San Giuseppe in Sanremo, im Vordergrund ein Mann mit einem Esel",43.8198253,7.7748827,Nein,Sanremo,lcmt-nabi-pctmp_ead_wehr_17185-B_pctmp.jpg,,1910,,Schweizerische Nationalbibliothek,unknown photographer,https://commons.wikimedia.org/entity/M145047576,"Sanremo, Porta di San Giuseppe","Porta di San Giuseppe in Sanremo, im Vordergrund ein Mann mit einem Esel",1910,,,Italy,Liguria,Sanremo,43.81725,7.7772,3,True,0,0.34,https://www.openstreetmap.org/?mlat=43.81725&mlon=7.7772&zoom=14
"Italia, Sanremo, Ortsteilansicht","Gasse in der Altstadt von Sanremo, im Vordergrund eine Gruppe von Kindern",43.8198253,7.7748827,Nein,Sanremo,lcmt-nabi-pctmp_ead_wehr_17186-B_pctmp.jpg,,1910,,Schweizerische Nationalbibliothek,unknown photographer,https://commons.wikimedia.org/entity/M145047690,"Sanremo, Ortsteilansicht","Gasse in der Altstadt von Sanremo, im Vordergrund eine Gruppe von Kindern",1910,,,Italy,Liguria,Sanremo,43.81725,7.7772,3,True,0,0.34,https://www.openstreetmap.org/?mlat=43.81725&mlon=7.7772&zoom=14
"Italia, Sanremo, Ortsteilansicht",Treppe bei einem Haus in der Altstadt von Sanremo,43.8198253,7.7748827,Nein,Sanremo,lcmt-nabi-pctmp_ead_wehr_17187-B_pctmp.jpg,,1910,,Schweizerische Nationalbibliothek,unknown photographer,https://commons.wikimedia.org/entity/M145047769,"Sanremo, Ortsteilansicht",Treppe bei einem Haus in der Altstadt von Sanremo,1910,,,Italy,Liguria,Sanremo,43.81725,7.7772,3,True,0,0.34,https://www.openstreetmap.org/?mlat=43.81725&mlon=7.7772&zoom=14
"Italia, Sanremo, Ortsteilansicht",Abzweigende Treppe bei einem Haus in der Altstadt von Sanremo,43.8198253,7.7748827,Nein,Sanremo,lcmt-nabi-pctmp_ead_wehr_17188-B_pctmp.jpg,,1910,,Schweizerische Nationalbibliothek,unknown photographer,https://commons.wikimedia.org/entity/M145047842,"Sanremo, Ortsteilansicht",Abzweigende Treppe bei einem Haus in der Altstadt von Sanremo,1910,,,Italy,Liguria,Sanremo,43.81725,7.7772,3,True,0,0.34,https://www.openstreetmap.org/?mlat=43.81725&mlon=7.7772&zoom=14
"Italia, Sanremo, Ponte della Rocca, Gesamtansicht",Ponte della Rocca und Häuser der Altstadt von Sanremo,43.8198253,7.7748827,Nein,Sanremo,lcmt-nabi-pctmp_ead_wehr_17189-B_pctmp.jpg,,1910,,Schweizerische Nationalbibliothek,unknown photographer,https://commons.wikimedia.org/entity/M145047889,"Sanremo, Ponte della Rocca",Ponte della Rocca und Häuser der Altstadt von Sanremo,1910,,,Italy,Liguria,Sanremo,43.81725,7.7772,3,True,0,0.34,https://www.openstreetmap.org/?mlat=43.81725&mlon=7.7772&zoom=14
"Brunnen, Ortsteilansicht",Blick auf Brunnen und die dahinterliegenden Mythen,46.9940439,8.6054085,Nein,Brunnen,lcmt-nabi-pctmp_ead_wehr_1719-B_pctmp.jpg,Schwyz,1906,,Schweizerische Nationalbibliothek,Bruno Wehrli,https://commons.wikimedia.org/entity/M144076240,"Brunnen, Ortsteilansicht",Blick auf Brunnen und die dahinterliegenden Mythen,1906,Bruno Wehrli,,Switzerland,Kanton Schwyz,Brunnen,46.9936,8.60538,3,True,0,0.05,https://www.openstreetmap.org/?mlat=46.9936&mlon=8.60538&zoom=14
"Italia, Sanremo, Ortsteilansicht",Altstadt von Sanremo,43.8198253,7.7748827,Nein,Sanremo,lcmt-nabi-pctmp_ead_wehr_17191-B_pctmp.jpg,,1910,,Schweizerische Nationalbibliothek,unknown photographer,https://commons.wikimedia.org/entity/M145047994,"Sanremo, Ortsteilansicht",Altstadt von Sanremo,1910,,,Italy,Liguria,Sanremo,43.81725,7.7772,3,True,0,0.34,https://www.openstreetmap.org/?mlat=43.81725&mlon=7.7772&zoom=14
"Italia, Sanremo, Ortsteilansicht","Blick auf Bussana Vecchia, einer Fraktion der Gemeinde Sanremo, im Vordergrund stehen drei Bäume",43.8198253,7.7748827,Nein,Sanremo,lcmt-nabi-pctmp_ead_wehr_17192-B_pctmp.jpg,,circa 1910,,Schweizerische Nationalbibliothek,unknown photographer,https://commons.wikimedia.org/entity/M145048067,"Sanremo, Bussana Vecchia","Blick auf Bussana Vecchia, einer Fraktion der Gemeinde Sanremo, im Vordergrund stehen drei Bäume",1910,,,Italy,Liguria,Sanremo,43.83333,7.83333,5,False,0,4.92,https://www.openstreetmap.org/?mlat=43.83333&mlon=7.83333&zoom=14
"Italia, Sanremo, Ortsteilansicht","Blick auf Bussana Vecchia, einer Fraktion der Gemeinde Sanremo, im Vordergrund stehen vier Bäume",43.8198253,7.7748827,Nein,Sanremo,lcmt-nabi-pctmp_ead_wehr_17193-B_pctmp.jpg,,circa 1910,,Schweizerische Nationalbibliothek,unknown photographer,https://commons.wikimedia.org/entity/M145048203,"Sanremo, Bussana Vecchia","Blick auf Bussana Vecchia, einer Fraktion der Gemeinde Sanremo, im Vordergrund stehen vier Bäume",1910,,,Italy,Liguria,Sanremo,43.83333,7.83333,5,False,0,4.92,https://www.openstreetmap.org/?mlat=43.83333&mlon=7.83333&zoom=14
"Italia, Sanremo, Ortsteilansicht","Blick auf Bussana Vecchia, einer Fraktion der Gemeinde Sanremo",43.8198253,7.7748827,Nein,Sanremo,lcmt-nabi-pctmp_ead_wehr_17195-B_pctmp.jpg,,circa 1910,,Schweizerische Nationalbibliothek,unknown photographer,https://commons.wikimedia.org/entity/M145048268,"Sanremo, Bussana Vecchia","Blick auf Bussana Vecchia, einer Fraktion der Gemeinde Sanremo",1910,,,Italy,Liguria,Sanremo,43.83333,7.83333,5,False,0,4.92,https://www.openstreetmap.org/?mlat=43.83333&mlon=7.83333&zoom=14
"Italia, Sanremo, Ortsteilansicht","Blick entlang einer engen Gasse in Bussana Vecchia, einer Fraktion der Gemeinde Sanremo",43.8198253,7.7748827,Nein,Sanremo,lcmt-nabi-pctmp_ead_wehr_17196-B_pctmp.jpg,,circa 1910,,Schweizerische Nationalbibliothek,unknown photographer,https://commons.wikimedia.org/entity/M145048329,"Sanremo, Bussana Vecchia","Blick entlang einer engen Gasse in Bussana Vecchia, einer Fraktion der Gemeinde Sanremo",1910,,,Italy,Liguria,Sanremo,43.83333,7.83333,5,False,0,4.92,https://www.openstreetmap.org/?mlat=43.83333&mlon=7.83333&zoom=14
"Italia, Taggia, Ortsteilansicht","Blick auf Taggia, im Vordergrund ist eine Brücke zu sehen",43.8696068,7.8364582,Nein,Taggia,lcmt-nabi-pctmp_ead_wehr_17197-B_pctmp.jpg,,circa 1910,,Schweizerische Nationalbibliothek,unknown photographer,https://commons.wikimedia.org/entity/M145048427,"Taggia, Ortsteilansicht","Blick auf Taggia, im Vordergrund ist eine Brücke zu sehen",1910,,,Italy,Liguria,Taggia,43.84612,7.85223,3,True,0,2.9,https://www.openstreetmap.org/?mlat=43.84612&mlon=7.85223&zoom=14
"Italia, Imperia, Ortsteilansicht","Blick auf Porto Maurizio, einem Ortsteil von Imperia",43.9583753,7.8667427,Nein,Imperia,lcmt-nabi-pctmp_ead_wehr_17198-B_pctmp.jpg,,circa 1910,,Schweizerische Nationalbibliothek,unknown photographer,https://commons.wikimedia.org/entity/M145059187,"Imperia, Porto Maurizio","Blick auf Porto Maurizio, einem Ortsteil von Imperia",1910,,,Italy,Liguria,Imperia,43.87954,8.02326,5,False,0,15.3,https://www.openstreetmap.org/?mlat=43.87954&mlon=8.02326&zoom=14
"Italia, Imperia, Ortsteilansicht","Blick auf Porto Maurizio, einem Ortsteil von Imperia",43.9583753,7.8667427,Nein,Imperia,lcmt-nabi-pctmp_ead_wehr_17199-B_pctmp.jpg,,circa 1910,,Schweizerische Nationalbibliothek,unknown photographer,https://commons.wikimedia.org/entity/M145048540,"Imperia, Porto Maurizio","Blick auf Porto Maurizio, einem Ortsteil von Imperia",1910,,,Italy,Liguria,Imperia,43.87954,8.02326,5,False,0,15.3,https://www.openstreetmap.org/?mlat=43.87954&mlon=8.02326&zoom=14
"Brunnen, Ortsteilansicht",Blick auf Brunnen Richtung Frohnalpstock und Bristen ; Vierwaldstättersee in der Mitte des Bildes,46.9940439,8.6054085,Nein,Brunnen,lcmt-nabi-pctmp_ead_wehr_1720-B_pctmp.jpg,Schwyz,1906,,Schweizerische Nationalbibliothek,Bruno Wehrli,https://commons.wikimedia.org/entity/M144076344,"Brunnen, Ortsteilansicht",Blick auf Brunnen Richtung Frohnalpstock und Bristen ; Vierwaldstättersee in der Mitte des Bildes,1906,Bruno Wehrli,,Switzerland,Kanton Schwyz,Brunnen,46.9936,8.60538,3,True,0,0.05,https://www.openstreetmap.org/?mlat=46.9936&mlon=8.60538&zoom=14
"Italia, Genova, Ortsteilansicht",Blick vom Stadtteil Righi auf Genova runter,44.40726,8.9338624,Nein,Genova,lcmt-nabi-pctmp_ead_wehr_17201-B_pctmp.jpg,,1910,,Schweizerische Nationalbibliothek,Artur Wehrli,https://commons.wikimedia.org/entity/M145048766,"Italia, Genova, Ortsteilansicht",Blick vom Stadtteil Righi auf Genova runter,1910,Artur Wehrli,,Italy,Liguria,Genova,44.40478,8.94439,3,True,0,0.88,https://www.openstreetmap.org/?mlat=44.40478&mlon=8.94439&zoom=14
"Italia, Genova, Ortsteilansicht","Blick auf einen Teil von Genova und den Hafen in Richtung Leuchtturm von einer Anhöhe aus, im Vordergrund eine Wiese",44.40726,8.9338624,Nein,Genova,lcmt-nabi-pctmp_ead_wehr_17202-B_pctmp.jpg,,1910,,Schweizerische Nationalbibliothek,Artur Wehrli,https://commons.wikimedia.org/entity/M145048889,"Italia, Genova, Ortsteilansicht","Blick auf einen Teil von Genova und den Hafen in Richtung Leuchtturm von einer Anhöhe aus, im Vordergrund eine Wiese",1910,Artur Wehrli,,Italy,Liguria,Genova,44.40478,8.94439,3,True,0,0.88,https://www.openstreetmap.org/?mlat=44.40478&mlon=8.94439&zoom=14
"Italia, Genova, Ortsteilansicht",Blick auf einen Teil von Genova und den Hafen,44.40726,8.9338624,Nein,Genova,lcmt-nabi-pctmp_ead_wehr_17203-B_pctmp.jpg,,1910,,Schweizerische Nationalbibliothek,Artur Wehrli,https://commons.wikimedia.org/entity/M145048982,"Italia, Genova, Ortsteilansicht",Blick auf einen Teil von Genova und den Hafen,1910,Artur Wehrli,,Italy,Liguria,Genova,44.40478,8.94439,3,True,0,0.88,https://www.openstreetmap.org/?mlat=44.40478&mlon=8.94439&zoom=14
"Italia, Genova, Ortsteilansicht",Blick von einer Anhöhe auf den Hafen von Genova runter,44.40726,8.9338624,Nein,Genova,lcmt-nabi-pctmp_ead_wehr_17204-B_pctmp.jpg,,1910,,Schweizerische Nationalbibliothek,Artur Wehrli,https://commons.wikimedia.org/entity/M145049034,"Italia, Genova, Ortsteilansicht",Blick von einer Anhöhe auf den Hafen von Genova runter,1910,Artur Wehrli,,Italy,Liguria,Genova,44.40478,8.94439,3,True,0,0.88,https://www.openstreetmap.org/?mlat=44.40478&mlon=8.94439&zoom=14
"Italia, Genova, Ortsteilansicht",Blick auf einen Teil von Genova und den Hafen,44.40726,8.9338624,Nein,Genova,lcmt-nabi-pctmp_ead_wehr_17205-B_pctmp.jpg,,1910,,Schweizerische Nationalbibliothek,Artur Wehrli,https://commons.wikimedia.org/entity/M145049090,"Italia, Genova, Ortsteilansicht",Blick auf einen Teil von Genova und den Hafen,1910,Artur Wehrli,,Italy,Liguria,Genova,44.40478,8.94439,3,True,0,0.88,https://www.openstreetmap.org/?mlat=44.40478&mlon=8.94439&zoom=14
"Italia, Genova, Ortsteilansicht",Blick auf einen Teil von Genova,44.40726,8.9338624,Nein,Genova,lcmt-nabi-pctmp_ead_wehr_17206-B_pctmp.jpg,,1910,,Schweizerische Nationalbibliothek,Artur Wehrli,https://commons.wikimedia.org/entity/M145049139,"Italia, Genova, Ortsteilansicht",Blick auf einen Teil von Genova,1910,Artur Wehrli,,Italy,Liguria,Genova,44.40478,8.94439,3,True,0,0.88,https://www.openstreetmap.org/?mlat=44.40478&mlon=8.94439&zoom=14
"Italia, Genova, Ortsteilansicht","Blick auf den Hafen, Zuggleise und einen Teil von Genova",44.40726,8.9338624,Nein,Genova,lcmt-nabi-pctmp_ead_wehr_17207-B_pctmp.jpg,,1910,,Schweizerische Nationalbibliothek,Artur Wehrli,https://commons.wikimedia.org/entity/M145049200,"Italia, Genova, Ortsteilansicht","Blick auf den Hafen, Zuggleise und einen Teil von Genova",1910,Artur Wehrli,,Italy,Liguria,Genova,44.40478,8.94439,3,True,0,0.88,https://www.openstreetmap.org/?mlat=44.40478&mlon=8.94439&zoom=14
"Italia, Genova, Ortsteilansicht",Genua. Blick auf ein Pier mit Schiffen bei Sonnenuntergang,44.40726,8.9338624,Nein,Genova,lcmt-nabi-pctmp_ead_wehr_17208-B_pctmp.jpg,,1910,,Schweizerische Nationalbibliothek,Artur Wehrli,https://commons.wikimedia.org/entity/M145049256,"Italia, Genova, Ortsteilansicht",Genua. Blick auf ein Pier mit Schiffen bei Sonnenuntergang,1910,Artur Wehrli,,Italy,Liguria,Genova,44.40478,8.94439,3,True,0,0.88,https://www.openstreetmap.org/?mlat=44.40478&mlon=8.94439&zoom=14
"Italia, Genova, Ortsteilansicht",Genua. Blick auf ein Pier mit Schiffen bei Sonnenuntergang,44.40726,8.9338624,Nein,Genova,lcmt-nabi-pctmp_ead_wehr_17209-B_pctmp.jpg,,1910,,Schweizerische Nationalbibliothek,Artur Wehrli,https://commons.wikimedia.org/entity/M145049350,"Italia, Genova, Ortsteilansicht",Genua. Blick auf ein Pier mit Schiffen bei Sonnenuntergang,1910,Artur Wehrli,,Italy,Liguria,Genova,44.40478,8.94439,3,True,0,0.88,https://www.openstreetmap.org/?mlat=44.40478&mlon=8.94439&zoom=14
"Italia, Genova, Ortsteilansicht",Genua. Blick auf ein Pier mit Schiffen,44.40726,8.9338624,Nein,Genova,lcmt-nabi-pctmp_ead_wehr_17210-B_pctmp.jpg,,1910,,Schweizerische Nationalbibliothek,Artur Wehrli,https://commons.wikimedia.org/entity/M145049413,"Italia, Genova, Ortsteilansicht",Genua. Blick auf ein Pier mit Schiffen,1910,Artur Wehrli,,Italy,Liguria,Genova,44.40478,8.94439,3,True,0,0.88,https://www.openstreetmap.org/?mlat=44.40478&mlon=8.94439&zoom=14
"Italia, Genova, Ortsteilansicht",Genua. Ansicht eines Schiffs im Hafen,44.40726,8.9338624,Nein,Genova,lcmt-nabi-pctmp_ead_wehr_17211-B_pctmp.jpg,,1910,,Schweizerische Nationalbibliothek,Artur Wehrli,https://commons.wikimedia.org/entity/M145049454,"Italia, Genova, Ortsteilansicht",Genua. Ansicht eines Schiffs im Hafen,1910,Artur Wehrli,,Italy,Liguria,Genova,44.40478,8.94439,3,True,0,0.88,https://www.openstreetmap.org/?mlat=44.40478&mlon=8.94439&zoom=14
"Italia, Genova, Ortsteilansicht",Genua. Ansicht von Schiffen im Hafen Genuas,44.40726,8.9338624,Nein,Genova,lcmt-nabi-pctmp_ead_wehr_17212-B_pctmp.jpg,,1910,,Schweizerische Nationalbibliothek,Artur Wehrli,https://commons.wikimedia.org/entity/M145049513,"Italia, Genova, Ortsteilansicht",Genua. Ansicht von Schiffen im Hafen Genuas,1910,Artur Wehrli,,Italy,Liguria,Genova,44.40478,8.94439,3,True,0,0.88,https://www.openstreetmap.org/?mlat=44.40478&mlon=8.94439&zoom=14
"Italia, Genova, Ortsteilansicht",Genua. Dampf- und Segelschiffe im Hafen,44.40726,8.9338624,Nein,Genova,lcmt-nabi-pctmp_ead_wehr_17213-B_pctmp.jpg,,1910,,Schweizerische Nationalbibliothek,Artur Wehrli,https://commons.wikimedia.org/entity/M145049579,"Italia, Genova, Ortsteilansicht",Genua. Dampf- und Segelschiffe im Hafen,1910,Artur Wehrli,,Italy,Liguria,Genova,44.40478,8.94439,3,True,0,0.88,https://www.openstreetmap.org/?mlat=44.40478&mlon=8.94439&zoom=14
"Italia, Genova, Ortsteilansicht",Segelschiffe im Hafenbecken von Genova,44.40726,8.9338624,Nein,Genova,lcmt-nabi-pctmp_ead_wehr_17214-B_pctmp.jpg,,1910,,Schweizerische Nationalbibliothek,Artur Wehrli,https://commons.wikimedia.org/entity/M145049648,"Italia, Genova, Ortsteilansicht",Segelschiffe im Hafenbecken von Genova,1910,Artur Wehrli,,Italy,Liguria,Genova,44.40478,8.94439,3,True,0,0.88,https://www.openstreetmap.org/?mlat=44.40478&mlon=8.94439&zoom=14
"Italia, Genova, Ortsteilansicht",Genua. Ansicht eines Dampfschiffs im Hafen Genuas,44.40726,8.9338624,Nein,Genova,lcmt-nabi-pctmp_ead_wehr_17215-B_pctmp.jpg,,1910,,Schweizerische Nationalbibliothek,Artur Wehrli,https://commons.wikimedia.org/entity/M145049697,"Italia, Genova, Ortsteilansicht",Genua. Ansicht eines Dampfschiffs im Hafen Genuas,1910,Artur Wehrli,,Italy,Liguria,Genova,44.40478,8.94439,3,True,0,0.88,https://www.openstreetmap.org/?mlat=44.40478&mlon=8.94439&zoom=14
"Italia, Genova, Ortsteilansicht","Blick entlang der belebten Strasse Vittorio Emanuele, die sich im Stadtteil Nervi von Genua befindet",44.40726,8.9338624,Nein,Genova,lcmt-nabi-pctmp_ead_wehr_17216-B_pctmp.jpg,,1910,,Schweizerische Nationalbibliothek,Artur Wehrli,https://commons.wikimedia.org/entity/M145049809,"Italia, Genova, Ortsteilansicht","Blick entlang der belebten Strasse Vittorio Emanuele, die sich im Stadtteil Nervi von Genua befindet",1910,Artur Wehrli,,Italy,Liguria,Genova,44.40478,8.94439,3,True,0,0.88,https://www.openstreetmap.org/?mlat=44.40478&mlon=8.94439&zoom=14
"Italia, Genova, Camposanto, Gesamtaussenansicht",Ansicht eines Teils des Camposanto in Genova,44.40726,8.9338624,Nein,Genova,lcmt-nabi-pctmp_ead_wehr_17217-B_pctmp.jpg,,1910,,Schweizerische Nationalbibliothek,Artur Wehrli,https://commons.wikimedia.org/entity/M145049902,"Italia, Genova, Camposanto, Gesamtaussenansicht",Ansicht eines Teils des Camposanto in Genova,1910,Artur Wehrli,,Italy,Liguria,Genova,44.40478,8.94439,3,True,0,0.88,https://www.openstreetmap.org/?mlat=44.40478&mlon=8.94439&zoom=14
"Italia, Genova, Camposanto, Monumento Canepa, Teilansicht",Ansicht der Statue auf dem Grabstein von Luigi Canepa,44.40726,8.9338624,Nein,Genova,lcmt-nabi-pctmp_ead_wehr_17218-B_pctmp.jpg,,1910,,Schweizerische Nationalbibliothek,Artur Wehrli,https://commons.wikimedia.org/entity/M145049975,"Italia, Genova, Camposanto, Monumento Canepa",Ansicht der Statue auf dem Grabstein von Luigi Canepa,1910,Artur Wehrli,,Italy,Liguria,Genova,44.40478,8.94439,3,True,0,0.88,https://www.openstreetmap.org/?mlat=44.40478&mlon=8.94439&zoom=14
"Italia, Genova, Ortsteilansicht","Blick entlang der Strasse Vittorio Emanuele in Nervi, einem Stadtteil von Genua",44.40726,8.9338624,Nein,Genova,lcmt-nabi-pctmp_ead_wehr_17219-B_pctmp.jpg,,1910,,Schweizerische Nationalbibliothek,Artur Wehrli,https://commons.wikimedia.org/entity/M145050057,"Italia, Genova, Ortsteilansicht","Blick entlang der Strasse Vittorio Emanuele in Nervi, einem Stadtteil von Genua",1910,Artur Wehrli,,Italy,Liguria,Genova,44.40478,8.94439,3,True,0,0.88,https://www.openstreetmap.org/?mlat=44.40478&mlon=8.94439&zoom=14
"Italia, Genova, Ortsteilansicht","Blick auf einen Teil der Strandpromenade in Nervi, einem Stadtteil von Genua",44.40726,8.9338624,Nein,Genova,lcmt-nabi-pctmp_ead_wehr_17220-B_pctmp.jpg,,1910,,Schweizerische Nationalbibliothek,Artur Wehrli,https://commons.wikimedia.org/entity/M145050111,"Italia, Genova, Ortsteilansicht","Blick auf einen Teil der Strandpromenade in Nervi, einem Stadtteil von Genua",1910,Artur Wehrli,,Italy,Liguria,Genova,44.3833,9.0333,5,False,0,8.34,https://www.openstreetmap.org/?mlat=44.3833&mlon=9.0333&zoom=14
"Italia, Genova, Ortsteilansicht","Blick auf einen Teil der Strandpromenade in Nervi, einem Stadtteil von Genua",44.40726,8.9338624,Nein,Genova,lcmt-nabi-pctmp_ead_wehr_17221-B_pctmp.jpg,,1910,,Schweizerische Nationalbibliothek,Artur Wehrli,https://commons.wikimedia.org/entity/M145050171,"Italia, Genova, Ortsteilansicht","Blick auf einen Teil der Strandpromenade in Nervi, einem Stadtteil von Genua",1910,Artur Wehrli,,Italy,Liguria,Genova,44.3833,9.0333,5,False,0,8.34,https://www.openstreetmap.org/?mlat=44.3833&mlon=9.0333&zoom=14
"Italia, Genova, Ortsteilansicht","Blick entlang der Strandpromenade in Nervi, einem Stadtteil von Genua, mit dem Torre Gropallo",44.40726,8.9338624,Nein,Genova,lcmt-nabi-pctmp_ead_wehr_17222-B_pctmp.jpg,,1910,,Schweizerische Nationalbibliothek,Artur Wehrli,https://commons.wikimedia.org/entity/M145050241,"Italia, Genova, Ortsteilansicht","Blick entlang der Strandpromenade in Nervi, einem Stadtteil von Genua, mit dem Torre Gropallo",1910,Artur Wehrli,,Italy,Liguria,Genova,44.3833,9.0333,5,False,0,8.34,https://www.openstreetmap.org/?mlat=44.3833&mlon=9.0333&zoom=14
"Italia, Genova, Torre Gropallo, Teilaussenansicht","Blick auf den Torre Gropallo in Nervi, einem Stadtteil von Genua",44.40726,8.9338624,Nein,Genova,lcmt-nabi-pctmp_ead_wehr_17223-B_pctmp.jpg,,1910,,Schweizerische Nationalbibliothek,Artur Wehrli,https://commons.wikimedia.org/entity/M145050283,"Italia, Genova, Torre Gropallo","Blick auf den Torre Gropallo in Nervi, einem Stadtteil von Genua",1910,Artur Wehrli,,Italy,Liguria,Genova,44.380363,9.0423777,4,False,1,9.13,https://www.openstreetmap.org/?mlat=44.380363&mlon=9.0423777&zoom=14
"Italia, Rapallo, Ortsteilansicht","Blick über die Dächer von Rapallo von einer Anhöhe aus, in der Ferne Punta Portofino",44.3511473,9.229671,Nein,Rapallo,lcmt-nabi-pctmp_ead_wehr_17224-B_pctmp.jpg,,1910,,Schweizerische Nationalbibliothek,Artur Wehrli,https://commons.wikimedia.org/entity/M145050319,"Italia, Rapallo, Ortsteilansicht","Blick über die Dächer von Rapallo von einer Anhöhe aus, in der Ferne Punta Portofino",1910,Artur Wehrli,,Italy,Liguria,Rapallo,44.3496,9.22796,3,True,0,0.22,https://www.openstreetmap.org/?mlat=44.3496&mlon=9.22796&zoom=14
"Italia, Rapallo, Ortsteilansicht","Blick über die Dächer von Rapallo von einer Anhöhe aus, in der Ferne Punta Portofino",44.3511473,9.229671,Nein,Rapallo,lcmt-nabi-pctmp_ead_wehr_17225-B_pctmp.jpg,,1910,,Schweizerische Nationalbibliothek,Artur Wehrli,https://commons.wikimedia.org/entity/M145050378,"Italia, Rapallo, Ortsteilansicht","Blick über die Dächer von Rapallo von einer Anhöhe aus, in der Ferne Punta Portofino",1910,Artur Wehrli,,Italy,Liguria,Rapallo,44.3496,9.22796,3,True,0,0.22,https://www.openstreetmap.org/?mlat=44.3496&mlon=9.22796&zoom=14
"Italia, Rapallo, Ortsteilansicht","Blick über die Dächer von Rapallo von einer Anhöhe aus, in der Ferne Punta Portofino",44.3511473,9.229671,Nein,Rapallo,lcmt-nabi-pctmp_ead_wehr_17226-B_pctmp.jpg,,1910,,Schweizerische Nationalbibliothek,Artur Wehrli,https://commons.wikimedia.org/entity/M145050427,"Italia, Rapallo, Ortsteilansicht","Blick über die Dächer von Rapallo von einer Anhöhe aus, in der Ferne Punta Portofino",1910,Artur Wehrli,,Italy,Liguria,Rapallo,44.3496,9.22796,3,True,0,0.22,https://www.openstreetmap.org/?mlat=44.3496&mlon=9.22796&zoom=14
"Italia, Rapallo, Ortsteilansicht","Blick auf Rapallo, im Vordergrund Sträucher und Bäume",44.3511473,9.229671,Nein,Rapallo,lcmt-nabi-pctmp_ead_wehr_17227-B_pctmp.jpg,,1910,,Schweizerische Nationalbibliothek,Artur Wehrli,https://commons.wikimedia.org/entity/M145050483,"Italia, Rapallo, Ortsteilansicht","Blick auf Rapallo, im Vordergrund Sträucher und Bäume",1910,Artur Wehrli,,Italy,Liguria,Rapallo,44.3496,9.22796,3,True,0,0.22,https://www.openstreetmap.org/?mlat=44.3496&mlon=9.22796&zoom=14
"Italia, Rapallo, Ortsteilansicht",Blick auf Rapallo von der Strada Provinciale aus,44.3511473,9.229671,Nein,Rapallo,lcmt-nabi-pctmp_ead_wehr_17228-B_pctmp.jpg,,1910,,Schweizerische Nationalbibliothek,Artur Wehrli,https://commons.wikimedia.org/entity/M145050526,"Italia, Rapallo, Ortsteilansicht",Blick auf Rapallo von der Strada Provinciale aus,1910,Artur Wehrli,,Italy,Liguria,Rapallo,44.3496,9.22796,3,True,0,0.22,https://www.openstreetmap.org/?mlat=44.3496&mlon=9.22796&zoom=14
"Italia, Rapallo, Ortsgesamtansicht",Blick auf Rapallo von der Strada Provinciale aus,44.3511473,9.229671,Nein,Rapallo,lcmt-nabi-pctmp_ead_wehr_17229-B_pctmp.jpg,,1910,,Schweizerische Nationalbibliothek,Artur Wehrli,https://commons.wikimedia.org/entity/M145050604,"Italia, Rapallo, Ortsgesamtansicht",Blick auf Rapallo von der Strada Provinciale aus,1910,Artur Wehrli,,Italy,Liguria,Rapallo,44.3496,9.22796,3,True,0,0.22,https://www.openstreetmap.org/?mlat=44.3496&mlon=9.22796&zoom=14
"Italia, Rapallo, Ponte di Annibale, Gesamtansicht",Ponte di Annibale in Rapallo,44.3511473,9.229671,Nein,Rapallo,lcmt-nabi-pctmp_ead_wehr_17230-B_pctmp.jpg,,1910,,Schweizerische Nationalbibliothek,Artur Wehrli,https://commons.wikimedia.org/entity/M145050670,"Italia, Rapallo, Ponte di Annibale",Ponte di Annibale in Rapallo,1910,Artur Wehrli,,Italy,Liguria,Rapallo,44.3496,9.22796,3,True,0,0.22,https://www.openstreetmap.org/?mlat=44.3496&mlon=9.22796&zoom=14
"Italia, Rapallo, Ortsteilansicht","Blick entlang der Strasse, die zum Hotel Kursaal Rapallo führt, das heute unter dem Namen Excelsior Palace Hotel bekannt ist",44.3511473,9.229671,Nein,Rapallo,lcmt-nabi-pctmp_ead_wehr_17231-B_pctmp.jpg,,1910,,Schweizerische Nationalbibliothek,Artur Wehrli,https://commons.wikimedia.org/entity/M145050746,"Italia, Rapallo, Ortsteilansicht","Blick entlang der Strasse, die zum Hotel Kursaal Rapallo führt, das heute unter dem Namen Excelsior Palace Hotel bekannt ist",1910,Artur Wehrli,,Italy,Liguria,Rapallo,44.3496,9.22796,3,True,0,0.22,https://www.openstreetmap.org/?mlat=44.3496&mlon=9.22796&zoom=14
"Italia, Rapallo, Villa Lagomaggiore, Teilaussenansicht",Villa Lagomaggiore in Rapallo,44.3511473,9.229671,Nein,Rapallo,lcmt-nabi-pctmp_ead_wehr_17232-B_pctmp.jpg,,1910,,Schweizerische Nationalbibliothek,Artur Wehrli,https://commons.wikimedia.org/entity/M145050838,"Italia, Rapallo, Villa Lagomaggiore",Villa Lagomaggiore in Rapallo,1910,Artur Wehrli,,Italy,Liguria,Rapallo,44.3496,9.22796,3,True,0,0.22,https://www.openstreetmap.org/?mlat=44.3496&mlon=9.22796&zoom=14
"Italia, Santa Margherita Ligure, Cervara Abbazia di San Girolamo, Teilaussenansicht",Blick auf die Abtei von Cervara,44.3339761,9.2111267,Nein,Santa Margherita Ligure,lcmt-nabi-pctmp_ead_wehr_17233-B_pctmp.jpg,,1910,,Schweizerische Nationalbibliothek,Artur Wehrli,https://commons.wikimedia.org/entity/M145050878,"Italia, Santa Margherita Ligure, Cervara",Blick auf die Abtei von Cervara,1910,Artur Wehrli,,Italy,Liguria,Santa Margherita Ligure,44.3135606,9.2130075,4,False,1,2.28,https://www.openstreetmap.org/?mlat=44.3135606&mlon=9.2130075&zoom=14
"Italia, Portofino, Ortsteilansicht",Blick über einige Dächer von Portofino,44.3036653,9.2093446,Nein,Portofino,lcmt-nabi-pctmp_ead_wehr_17234-B_pctmp.jpg,,1910,,Schweizerische Nationalbibliothek,Artur Wehrli,https://commons.wikimedia.org/entity/M145050944,"Italia, Portofino, Ortsteilansicht",Blick über einige Dächer von Portofino,1910,Artur Wehrli,,Italy,Liguria,Portofino,44.30349,9.20942,3,True,0,0.02,https://www.openstreetmap.org/?mlat=44.30349&mlon=9.20942&zoom=14
"Italia, Portofino, Landschaft",Halbinsel von Portofino,44.3036653,9.2093446,Nein,Portofino,lcmt-nabi-pctmp_ead_wehr_17235-B_pctmp.jpg,,1910,,Schweizerische Nationalbibliothek,Artur Wehrli,https://commons.wikimedia.org/entity/M145051046,"Italia, Portofino, Landschaft",Halbinsel von Portofino,1910,Artur Wehrli,,Italy,Liguria,Portofino,44.30349,9.20942,3,True,0,0.02,https://www.openstreetmap.org/?mlat=44.30349&mlon=9.20942&zoom=14
"Italia, Portofino, Landschaft",Halbinsel von Portofino,44.3036653,9.2093446,Nein,Portofino,lcmt-nabi-pctmp_ead_wehr_17236-B_pctmp.jpg,,1910,,Schweizerische Nationalbibliothek,Artur Wehrli,https://commons.wikimedia.org/entity/M145051095,"Italia, Portofino, Landschaft",Halbinsel von Portofino,1910,Artur Wehrli,,Italy,Liguria,Portofino,44.30349,9.20942,3,True,0,0.02,https://www.openstreetmap.org/?mlat=44.30349&mlon=9.20942&zoom=14
"Italia, Rapallo, Monastero di Valle Christi, Teilansicht",Ansicht der Ruine des Monastero di Valle Christi in Rapallo,44.3511473,9.229671,Nein,Rapallo,lcmt-nabi-pctmp_ead_wehr_17237-B_pctmp.jpg,,1910,,Schweizerische Nationalbibliothek,Artur Wehrli,https://commons.wikimedia.org/entity/M145051151,"Italia, Rapallo, Monastero di Valle Christi",Ansicht der Ruine des Monastero di Valle Christi in Rapallo,1910,Artur Wehrli,,Italy,Liguria,Rapallo,44.3555787,9.2020064,4,False,1,2.25,https://www.openstreetmap.org/?mlat=44.3555787&mlon=9.2020064&zoom=14
"Italia, Rapallo, Monastero di Valle Christi, Teilansicht",Ansicht der bewachsenen Ruine des Monastero di Valle Christi in Rapallo,44.3511473,9.229671,Nein,Rapallo,lcmt-nabi-pctmp_ead_wehr_17238-B_pctmp.jpg,,1910,,Schweizerische Nationalbibliothek,Artur Wehrli,https://commons.wikimedia.org/entity/M145051198,"Italia, Rapallo, Monastero di Valle Christi",Ansicht der bewachsenen Ruine des Monastero di Valle Christi in Rapallo,1910,Artur Wehrli,,Italy,Liguria,Rapallo,44.3555787,9.2020064,4,False,1,2.25,https://www.openstreetmap.org/?mlat=44.3555787&mlon=9.2020064&zoom=14
"Italia, Rapallo, Monastero di Valle Christi, Teilansicht",Ansicht der bewachsenen Ruine des Monastero di Valle Christi in Rapallo,44.3511473,9.229671,Nein,Rapallo,lcmt-nabi-pctmp_ead_wehr_17239-B_pctmp.jpg,,1910,,Schweizerische Nationalbibliothek,Artur Wehrli,https://commons.wikimedia.org/entity/M145051229,"Italia, Rapallo, Monastero di Valle Christi",Ansicht der bewachsenen Ruine des Monastero di Valle Christi in Rapallo,1910,Artur Wehrli,,Italy,Liguria,Rapallo,44.3555787,9.2020064,4,False,1,2.25,https://www.openstreetmap.org/?mlat=44.3555787&mlon=9.2020064&zoom=14
"Altdorf, Telldenkmal, Teilansicht",Das Telldenkmal in Altdorf,48.5229995,7.5271687,Nein,Altdorf,lcmt-nabi-pctmp_ead_wehr_1724-B_pctmp.jpg,Uri,1906,,Schweizerische Nationalbibliothek,Harry Wehrli,https://commons.wikimedia.org/entity/M144076471,"Altdorf, Telldenkmal, Teilansicht",Das Telldenkmal in Altdorf,1906,Harry Wehrli,,Switzerland,Kanton Uri,Altdorf,46.8817746,8.6439554,4,False,1,200.72,https://www.openstreetmap.org/?mlat=46.8817746&mlon=8.6439554&zoom=14
"Italia, Zoagli, Ortsteilansicht",Blick von einer Anhöhe auf Zoagli,44.3367625,9.2669559,Nein,Zoagli,lcmt-nabi-pctmp_ead_wehr_17241-B_pctmp.jpg,,1910,,Schweizerische Nationalbibliothek,Artur Wehrli,https://commons.wikimedia.org/entity/M145051300,"Italia, Zoagli, Ortsteilansicht",Blick von einer Anhöhe auf Zoagli,1910,Artur Wehrli,,Italy,Liguria,Zoagli,44.33668,9.2668,3,True,0,0.02,https://www.openstreetmap.org/?mlat=44.33668&mlon=9.2668&zoom=14
"Italia, Rapallo, Kirche, Teilaussenansicht",Kirche an einem Weg bei Rapallo,44.3511473,9.229671,Nein,Rapallo,lcmt-nabi-pctmp_ead_wehr_17242-B_pctmp.jpg,,1910,,Schweizerische Nationalbibliothek,Artur Wehrli,https://commons.wikimedia.org/entity/M145051356,"Italia, Rapallo, Kirche, Teilaussenansicht",Kirche an einem Weg bei Rapallo,1910,Artur Wehrli,,Italy,Liguria,Rapallo,44.3496,9.22796,3,True,0,0.22,https://www.openstreetmap.org/?mlat=44.3496&mlon=9.22796&zoom=14
"Italia, Bordighera, Landschaft",Landschaftsaufnahme in Bordighera,43.7850512,7.6591094,Nein,Bordighera,lcmt-nabi-pctmp_ead_wehr_17243-B_pctmp.jpg,,1910,,Schweizerische Nationalbibliothek,Artur Wehrli,https://commons.wikimedia.org/entity/M145051380,"Italia, Bordighera, Landschaft",Landschaftsaufnahme in Bordighera,1910,Artur Wehrli,,Italy,Liguria,Bordighera,43.78064,7.66451,3,True,0,0.65,https://www.openstreetmap.org/?mlat=43.78064&mlon=7.66451&zoom=14
"Italia, Sanremo, Landschaft",Landschaftsaufnahme mit Palmen in Sanremo,43.8198253,7.7748827,Nein,Sanremo,lcmt-nabi-pctmp_ead_wehr_17244-B_pctmp.jpg,,1910,,Schweizerische Nationalbibliothek,Artur Wehrli,https://commons.wikimedia.org/entity/M145051439,"Italia, Sanremo, Landschaft",Landschaftsaufnahme mit Palmen in Sanremo,1910,Artur Wehrli,,Italy,Liguria,Sanremo,43.81725,7.7772,3,True,0,0.34,https://www.openstreetmap.org/?mlat=43.81725&mlon=7.7772&zoom=14
"Italia, Rapallo, Landschaft","Blick entlang eines Weges in der Nähe von Rapallo, am Wegesrand sitzt ein Mann auf aufgetürmten Steinbrocken",44.3511473,9.229671,Nein,Rapallo,lcmt-nabi-pctmp_ead_wehr_17245-B_pctmp.jpg,,1910,,Schweizerische Nationalbibliothek,Artur Wehrli,https://commons.wikimedia.org/entity/M145051463,"Italia, Rapallo, Landschaft","Blick entlang eines Weges in der Nähe von Rapallo, am Wegesrand sitzt ein Mann auf aufgetürmten Steinbrocken",1910,Artur Wehrli,,Italy,Liguria,Rapallo,44.3496,9.22796,3,True,0,0.22,https://www.openstreetmap.org/?mlat=44.3496&mlon=9.22796&zoom=14
"Italia, Rapallo, Landschaft","Blick entlang eines Weges bei Rapallo, auf dem ein Mann entlang läuft und an dem Zypressen und Olivenbäume wachsen",44.3511473,9.229671,Nein,Rapallo,lcmt-nabi-pctmp_ead_wehr_17246-B_pctmp.jpg,,1910,,Schweizerische Nationalbibliothek,Artur Wehrli,https://commons.wikimedia.org/entity/M145051481,"Italia, Rapallo, Landschaft","Blick entlang eines Weges bei Rapallo, auf dem ein Mann entlang läuft und an dem Zypressen und Olivenbäume wachsen",1910,Artur Wehrli,,Italy,Liguria,Rapallo,44.3496,9.22796,3,True,0,0.22,https://www.openstreetmap.org/?mlat=44.3496&mlon=9.22796&zoom=14
"Italia, Sanremo, Ortsgesamtansicht",Blick von Osten her auf Sanremo,43.8198253,7.7748827,Nein,Sanremo,lcmt-nabi-pctmp_ead_wehr_17247-B_pctmp.jpg,,1910,,Schweizerische Nationalbibliothek,Artur Wehrli,https://commons.wikimedia.org/entity/M145051534,"Italia, Sanremo, Ortsgesamtansicht",Blick von Osten her auf Sanremo,1910,Artur Wehrli,,Italy,Liguria,Sanremo,43.81725,7.7772,3,True,0,0.34,https://www.openstreetmap.org/?mlat=43.81725&mlon=7.7772&zoom=14
"Italia, Sanremo, Landschaft","Aufnahme von Agaven in der Nähe von Samremo, im Hintergrund kann man die Stadt erkennen",43.8198253,7.7748827,Nein,Sanremo,lcmt-nabi-pctmp_ead_wehr_17248-B_pctmp.jpg,,1910,,Schweizerische Nationalbibliothek,Artur Wehrli,https://commons.wikimedia.org/entity/M145051613,"Italia, Sanremo, Landschaft","Aufnahme von Agaven in der Nähe von Samremo, im Hintergrund kann man die Stadt erkennen",1910,Artur Wehrli,,Italy,Liguria,Sanremo,43.81725,7.7772,3,True,0,0.34,https://www.openstreetmap.org/?mlat=43.81725&mlon=7.7772&zoom=14
"Italia, Riviera di Levante, Landschaft",Pinienwald an der Riviera di Levante,43.6144477,13.1590311,Nein,Riviera di Levante,lcmt-nabi-pctmp_ead_wehr_17249-B_pctmp.jpg,,1910,,Schweizerische Nationalbibliothek,Artur Wehrli,https://commons.wikimedia.org/entity/M145051648,"Italia, Riviera di Levante, Landschaft",Pinienwald an der Riviera di Levante,1910,Artur Wehrli,,Italy,Liguria,Riviera di Levante,44.25,9.5,5,False,0,301.38,https://www.openstreetmap.org/?mlat=44.25&mlon=9.5&zoom=14
"Weggis, Ortsgesamtansicht","Blick vom Bürgenstock (Hammetschwand, früher: Hametschwand), auf Weggis, die Rigi und den Vierwaldstättersee",47.0322545,8.4346408,Nein,Weggis,lcmt-nabi-pctmp_ead_wehr_1725-B_pctmp.jpg,Luzern,1906,,Schweizerische Nationalbibliothek,Artur Wehrli,https://commons.wikimedia.org/entity/M144076594,"Weggis, Ortsgesamtansicht","Blick vom Bürgenstock (Hammetschwand, früher: Hametschwand), auf Weggis, die Rigi und den Vierwaldstättersee",1906,Artur Wehrli,,Switzerland,Kanton Luzern,Weggis,47.03208,8.43219,3,True,0,0.19,https://www.openstreetmap.org/?mlat=47.03208&mlon=8.43219&zoom=14
"Italia, Landschaft [Lokalisierung unsicher]",Olivenhain,,,Nein,"Italien, [Lokalisierung unsicher]",lcmt-nabi-pctmp_ead_wehr_17251-B_pctmp.jpg,,1910-03,,Schweizerische Nationalbibliothek,Artur Wehrli,https://commons.wikimedia.org/entity/M145051694,"Italia, Landschaft [Lokalisierung unsicher]",Olivenhain,1910:03,Artur Wehrli,,Italy,,"Italien, [Lokalisierung unsicher]",,,0,False,0,,
"Italia, Ortsteilansicht [Lokalisierung unsicher]",Blick entlang einer alten Strasse mit hohen Häuserfronten zu beiden Seiten,,,Nein,"Italien, [Lokalisierung unsicher]",lcmt-nabi-pctmp_ead_wehr_17252-B_pctmp.jpg,,circa 1910,,Schweizerische Nationalbibliothek,unknown photographer,https://commons.wikimedia.org/entity/M145051798,"Italia, Ortsteilansicht [Lokalisierung unsicher]",Blick entlang einer alten Strasse mit hohen Häuserfronten zu beiden Seiten,1910,,,Italy,,"Italien, [Lokalisierung unsicher]",,,0,False,0,,
"Italia, Landschaft [Lokalisierung unsicher]",Blick hinaus auf das tosende Meer,,,Nein,"Italien, [Lokalisierung unsicher]",lcmt-nabi-pctmp_ead_wehr_17253-B_pctmp.jpg,,circa 1910,,Schweizerische Nationalbibliothek,unknown photographer,https://commons.wikimedia.org/entity/M145051845,"Italia, Landschaft [Lokalisierung unsicher]",Blick hinaus auf das tosende Meer,1910,,,Italy,,"Italien, [Lokalisierung unsicher]",,,0,False,0,,
"Italia, Genova, Villa Di Negro Rosazza, Teilaussenansicht","Blick auf die Villa Di Negro Rosazza, auf dem Platz davor sind ein Pferdefuhrwerk und einige Fussgänger zu sehen",44.40726,8.9338624,Nein,Genova,lcmt-nabi-pctmp_ead_wehr_17254-B_pctmp.jpg,,circa 1910,,Schweizerische Nationalbibliothek,unknown photographer,https://commons.wikimedia.org/entity/M145051878,"Italia, Genova, Villa Di Negro Rosazza","Blick auf die Villa Di Negro Rosazza, auf dem Platz davor sind ein Pferdefuhrwerk und einige Fussgänger zu sehen",1910,,,Italy,Liguria,Genova,44.40478,8.94439,3,True,0,0.88,https://www.openstreetmap.org/?mlat=44.40478&mlon=8.94439&zoom=14
"Italia, Genova, Villa Di Negro Rosazza, Teilaussenansicht","Villa Di Negro Rosazza in Genova, im Vordergrund ein Pferdefuhrwerk",44.40726,8.9338624,Nein,Genova,lcmt-nabi-pctmp_ead_wehr_17255-B_pctmp.jpg,,1910,,Schweizerische Nationalbibliothek,unknown photographer,https://commons.wikimedia.org/entity/M145051900,"Italia, Genova, Villa Di Negro Rosazza","Villa Di Negro Rosazza in Genova, im Vordergrund ein Pferdefuhrwerk",1910,,,Italy,Liguria,Genova,44.40478,8.94439,3,True,0,0.88,https://www.openstreetmap.org/?mlat=44.40478&mlon=8.94439&zoom=14
"Italia, Landschaft [Lokalisierung unsicher]","Blick hinaus aufs Meer, auf dem ein Ruderboot fährt, das mit zwei Leuten bemannt ist",,,Nein,"Italien, [Lokalisierung unsicher]",lcmt-nabi-pctmp_ead_wehr_17256-B_pctmp.jpg,,circa 1910,,Schweizerische Nationalbibliothek,unknown photographer,https://commons.wikimedia.org/entity/M145051941,"Italia, Landschaft [Lokalisierung unsicher]","Blick hinaus aufs Meer, auf dem ein Ruderboot fährt, das mit zwei Leuten bemannt ist",1910,,,Italy,,"Italien, [Lokalisierung unsicher]",,,0,False,0,,
"Italia, Landschaft [Lokalisierung unsicher]",Blick hinaus aufs Meer,,,Nein,"Italien, [Lokalisierung unsicher]",lcmt-nabi-pctmp_ead_wehr_17257-B_pctmp.jpg,,circa 1910,,Schweizerische Nationalbibliothek,unknown photographer,https://commons.wikimedia.org/entity/M145051954,"Italia, Landschaft [Lokalisierung unsicher]",Blick hinaus aufs Meer,1910,,,Italy,,"Italien, [Lokalisierung unsicher]",,,0,False,0,,
"Italia, Landschaft [Lokalisierung unsicher]",Blick hinaus auf das tosende Meer,,,Nein,"Italien, [Lokalisierung unsicher]",lcmt-nabi-pctmp_ead_wehr_17258-B_pctmp.jpg,,circa 1910,,Schweizerische Nationalbibliothek,unknown photographer,https://commons.wikimedia.org/entity/M145051993,"Italia, Landschaft [Lokalisierung unsicher]",Blick hinaus auf das tosende Meer,1910,,,Italy,,"Italien, [Lokalisierung unsicher]",,,0,False,0,,
"Italia, Genova, Ortsteilansicht",Blick auf eine Segelschiff im Hafen von Genua,44.40726,8.9338624,Nein,Genova,lcmt-nabi-pctmp_ead_wehr_17259-B_pctmp.jpg,,1910,,Schweizerische Nationalbibliothek,unknown photographer,https://commons.wikimedia.org/entity/M145052047,"Italia, Genova, Ortsteilansicht",Blick auf eine Segelschiff im Hafen von Genua,1910,,,Italy,Liguria,Genova,44.40478,8.94439,3,True,0,0.88,https://www.openstreetmap.org/?mlat=44.40478&mlon=8.94439&zoom=14
"Buochs, Ortsgesamtansicht",Panorama mit Blick üder den Vierwaldstättersee nach Buochs mit Buochserhorn,46.9739978,8.4205883,Nein,Buochs,lcmt-nabi-pctmp_ead_wehr_1726-B_pctmp.jpg,Nidwalden,1906,,Schweizerische Nationalbibliothek,Artur Wehrli,https://commons.wikimedia.org/entity/M144076757,"Buochs, Ortsgesamtansicht",Panorama mit Blick üder den Vierwaldstättersee nach Buochs mit Buochserhorn,1906,Artur Wehrli,,Switzerland,Kanton Nidwalden,Buochs,46.97398,8.42279,3,True,0,0.17,https://www.openstreetmap.org/?mlat=46.97398&mlon=8.42279&zoom=14
"Genève, Phare des Pâquis, Gesamtaussenansicht","Blick auf den Leuchtturm von Les Pâquis und den Genfersee, im See schwimmt ein Segelschiff, auf dem Steg stehen Leute und von umliegenden Felsbrocken wird geangelt",46.2017559,6.1466014,Nein,Genève,lcmt-nabi-pctmp_ead_wehr_17279-B_pctmp.jpg,Genève,1910-10,,Schweizerische Nationalbibliothek,Artur Wehrli,https://commons.wikimedia.org/entity/M145052099,"Genève, Phare des Pâquis, Gesamtaussenansicht","Blick auf den Leuchtturm von Les Pâquis und den Genfersee, im See schwimmt ein Segelschiff, auf dem Steg stehen Leute und von umliegenden Felsbrocken wird geangelt",1910:10,Artur Wehrli,,Switzerland,Canton de Genève,Genève,46.2099985,6.1569289,4,False,1,1.21,https://www.openstreetmap.org/?mlat=46.2099985&mlon=6.1569289&zoom=14
"France, Montenvers, Panorama",Blick von Montenvers auf die Zahnradbahn Chemin de fer du Montenvers und den Grande Aiguille du Dru,45.9321814,6.9167218,Nein,Montenvers,lcmt-nabi-pctmp_ead_wehr_17291-B_pctmp.jpg,,circa 1910,,Schweizerische Nationalbibliothek,unknown photographer,https://commons.wikimedia.org/entity/M145052842,"France, Montenvers, Panorama",Blick von Montenvers auf die Zahnradbahn Chemin de fer du Montenvers und den Grande Aiguille du Dru,1910,,,France,Auvergne-Rhône-Alpes,Montenvers,45.93342,6.91694,5,False,0,0.14,https://www.openstreetmap.org/?mlat=45.93342&mlon=6.91694&zoom=14
"France, Montenvers, Panorama",Blick von Montenvers auf das Mer de Glace und die Zahnradbahn Chemin de fer du Montenvers,45.9321814,6.9167218,Nein,Montenvers,lcmt-nabi-pctmp_ead_wehr_17292-B_pctmp.jpg,,circa 1910,,Schweizerische Nationalbibliothek,unknown photographer,https://commons.wikimedia.org/entity/M145052893,"France, Montenvers, Panorama",Blick von Montenvers auf das Mer de Glace und die Zahnradbahn Chemin de fer du Montenvers,1910,,,France,Auvergne-Rhône-Alpes,Montenvers,45.93342,6.91694,5,False,0,0.14,https://www.openstreetmap.org/?mlat=45.93342&mlon=6.91694&zoom=14
"France, Montenvers, Panorama",Blick von Montenvers auf die Zahnradbahn Chemin de fer du Montenvers und den Grande Aiguille du Dru,45.9321814,6.9167218,Nein,Montenvers,lcmt-nabi-pctmp_ead_wehr_17293-B_pctmp.jpg,,circa 1910,,Schweizerische Nationalbibliothek,unknown photographer,https://commons.wikimedia.org/entity/M145052923,"France, Montenvers, Panorama",Blick von Montenvers auf die Zahnradbahn Chemin de fer du Montenvers und den Grande Aiguille du Dru,1910,,,France,Auvergne-Rhône-Alpes,Montenvers,45.93342,6.91694,5,False,0,0.14,https://www.openstreetmap.org/?mlat=45.93342&mlon=6.91694&zoom=14
"Vissoie, Ortsgesamtansicht","Vissoie im Val d'Anniviers, Gesamtansicht des Ortes",46.2153165,7.5853597,Nein,Vissoie,lcmt-nabi-pctmp_ead_wehr_17294-B_pctmp.jpg,Wallis,circa 1910,,Schweizerische Nationalbibliothek,unknown photographer,https://commons.wikimedia.org/entity/M145052959,"Vissoie, Ortsgesamtansicht","Vissoie im Val d'Anniviers, Gesamtansicht des Ortes",1910,,,Switzerland,Canton du Valais,Vissoie,46.21622,7.58639,3,True,0,0.13,https://www.openstreetmap.org/?mlat=46.21622&mlon=7.58639&zoom=14
"Schweiz, Landschaft [Lokalisierung unsicher]",Murmeltiere beieinander stehend,,,Nein,"Schweiz, [Lokalisierung unsicher]",lcmt-nabi-pctmp_ead_wehr_17323-B_pctmp.jpg,,circa 1910,,Schweizerische Nationalbibliothek,Jakob Sigrist,https://commons.wikimedia.org/entity/M145054221,"Schweiz, Landschaft [Lokalisierung unsicher]",Murmeltiere beieinander stehend,1910,Jakob Sigrist,,Switzerland,,"Schweiz, [Lokalisierung unsicher]",,,0,False,0,,
"Davos-Dorf, Ortsgesamansicht",Davos anno 1861 (Reproduktion der damals vorhandenen Häuser),46.8065596,9.8381801,Nein,Davos Dorf,lcmt-nabi-pctmp_ead_wehr_17324-B_pctmp.jpg,Graubünden,circa 1910,,Schweizerische Nationalbibliothek,Jakob Sigrist,https://commons.wikimedia.org/entity/M145054259,"Davos-Dorf, Ortsgesamansicht",Davos anno 1861 (Reproduktion der damals vorhandenen Häuser),1910,Jakob Sigrist,,Switzerland,Kanton Graubünden,Davos Dorf,46.80826,9.83929,3,True,0,0.21,https://www.openstreetmap.org/?mlat=46.80826&mlon=9.83929&zoom=14
"Davos, Sanatorium Schatzalp, Gesamtaussenansicht",Blick auf das Sanatorium Schatzalp über einen Tannenwald hinweg,46.8065596,9.8381801,Nein,Davos-Dorf,lcmt-nabi-pctmp_ead_wehr_17330-B_pctmp.jpg,Graubünden,circa 1910,,Schweizerische Nationalbibliothek,Jakob Sigrist,https://commons.wikimedia.org/entity/M145054677,"Davos, Sanatorium Schatzalp, Gesamtaussenansicht",Blick auf das Sanatorium Schatzalp über einen Tannenwald hinweg,1910,Jakob Sigrist,,Switzerland,Kanton Graubünden,Davos-Dorf,46.80826,9.83929,3,True,0,0.21,https://www.openstreetmap.org/?mlat=46.80826&mlon=9.83929&zoom=14
"Graubünden, Landschaft","Westhang bei Davos, vermutl. die Clavadeleralp am Jakobshorn, Blick in Richtung Südwesten. Ansicht einer Arve, davor sitzt eine Frau auf der Wiese, die einen Sonnenschirm in den Händen hält. Im Hintergrund die Gipfel von Tinzenhorn und Piz Mitgel hinter dem Bergrücken des Muchetta.",46.796198,9.8236892,Nein,"Kanton Graubünden, Davos",lcmt-nabi-pctmp_ead_wehr_17340-B_pctmp.jpg,Graubünden,circa 1910,,Schweizerische Nationalbibliothek,Jakob Sigrist,https://commons.wikimedia.org/entity/M145055020,"Graubünden, Landschaft","Westhang bei Davos, vermutl. die Clavadeleralp am Jakobshorn, Blick in Richtung Südwesten. Ansicht einer Arve, davor sitzt eine Frau auf der Wiese, die einen Sonnenschirm in den Händen hält. Im Hintergrund die Gipfel von Tinzenhorn und Piz Mitgel hinter dem Bergrücken des Muchetta.",,,,Switzerland,Kanton Graubünden,Davos,46.7705232,9.8237241,4,False,1,2.85,https://www.openstreetmap.org/?mlat=46.7705232&mlon=9.8237241&zoom=14
"Wolfgangpass, Landschaft",Winterlandschaft am Wolfgangpass,46.8326555,9.8537391,Nein,Wolfgangpass,lcmt-nabi-pctmp_ead_wehr_17350-B_pctmp.jpg,Graubünden,circa 1910,,Schweizerische Nationalbibliothek,Jakob Sigrist,https://commons.wikimedia.org/entity/M145055271,"Wolfgangpass, Landschaft",Winterlandschaft am Wolfgangpass,1910,Jakob Sigrist,,Switzerland,Kanton Graubünden,Wolfgangpass,46.83818,9.85843,5,False,0,0.71,https://www.openstreetmap.org/?mlat=46.83818&mlon=9.85843&zoom=14
"Schwarzhorn, Panorama (Teil 2/2)","Panorama vom Flüela-Schwarzhhorn mit Gipfellegende, Teil 2/2",46.5157169,7.7624946,Nein,Schwarzhorn,lcmt-nabi-pctmp_ead_wehr_17382-B_pctmp.jpg,Graubünden,circa 1910,,Schweizerische Nationalbibliothek,unknown photographer,https://commons.wikimedia.org/entity/M145056264,"Schwarzhorn, Panorama (Teil 2/2)","Panorama vom Flüela-Schwarzhhorn mit Gipfellegende, Teil 2/2",1910,,,Switzerland,Kanton Graubünden,Schwarzhorn,46.67754,9.02272,5,False,0,97.95,https://www.openstreetmap.org/?mlat=46.67754&mlon=9.02272&zoom=14
"Klosters-Serneus, Ortsteilansicht",Blick hinab auf Klosters,46.8897289,9.838838,Nein,Klosters-Serneus,lcmt-nabi-pctmp_ead_wehr_17383-B_pctmp.jpg,Graubünden,circa 1910,,Schweizerische Nationalbibliothek,Jakob Sigrist,https://commons.wikimedia.org/entity/M145056294,"Klosters-Serneus, Ortsteilansicht",Blick hinab auf Klosters,1910,Jakob Sigrist,,Switzerland,Kanton Graubünden,Klosters-Serneus,46.88918,9.83826,3,True,0,0.08,https://www.openstreetmap.org/?mlat=46.88918&mlon=9.83826&zoom=14
"Bürgenstock, Aufzug, Teilansicht",Der Hammetschwand-Lift ist auf der linken Seite zu sehen ; Blick auf den Vierwaldstättersee ; im Hintergrund ist Luzern zu sehen,47.0003117,8.3983261,Nein,Bürgenstock,lcmt-nabi-pctmp_ead_wehr_1740-B_pctmp.jpg,Nidwalden,1905,,Schweizerische Nationalbibliothek,Harry Wehrli,https://commons.wikimedia.org/entity/M144077881,"Bürgenstock, Aufzug, Teilansicht",Der Hammetschwand-Lift ist auf der linken Seite zu sehen ; Blick auf den Vierwaldstättersee ; im Hintergrund ist Luzern zu sehen,1905,Harry Wehrli,,Switzerland,Kanton Nidwalden,Bürgenstock,47.000943,8.39635,4,False,1,0.17,https://www.openstreetmap.org/?mlat=47.000943&mlon=8.39635&zoom=14
"Piz Corvatsch, Gesamtansicht",Piz Corvatsch vom Vorgipfel aus gesehen,46.4084924,9.8161413,Nein,Piz Corvatsch,lcmt-nabi-pctmp_ead_wehr_17595-B_pctmp.jpg,Graubünden,1906,,Schweizerische Nationalbibliothek,Oscar Lochau,https://commons.wikimedia.org/entity/M145063627,"Piz Corvatsch, Gesamtansicht",Piz Corvatsch vom Vorgipfel aus gesehen,1906,Oscar Lochau,,Switzerland,Kanton Graubünden,Piz Corvatsch,46.40834,9.81611,5,False,0,0.02,https://www.openstreetmap.org/?mlat=46.40834&mlon=9.81611&zoom=14
"Italia, Tirano, Ortsteilansicht","Blick auf Tirano runter, im Zentrum steht die Wallfahrtskirche Madonna di Tirano",41.3281482,19.8184435,Nein,Tirano,lcmt-nabi-pctmp_ead_wehr_17752-B_pctmp.jpg,,1910-08,,Schweizerische Nationalbibliothek,Artur Wehrli,https://commons.wikimedia.org/entity/M145128076,"Italia, Tirano, Ortsteilansicht","Blick auf Tirano runter, im Zentrum steht die Wallfahrtskirche Madonna di Tirano",1910,Artur Wehrli,,Italy,Lombardia,Tirano,46.21482,10.16335,3,True,0,945.63,https://www.openstreetmap.org/?mlat=46.21482&mlon=10.16335&zoom=14
"Italia, Tirano, Ortsteilansicht",Blick entlang einer Strasse in Tirano,41.3281482,19.8184435,Nein,Tirano,lcmt-nabi-pctmp_ead_wehr_17753-B_pctmp.jpg,,1910-08,,Schweizerische Nationalbibliothek,Artur Wehrli,https://commons.wikimedia.org/entity/M145128057,"Italia, Tirano, Ortsteilansicht",Blick entlang einer Strasse in Tirano,1910,Artur Wehrli,,Italy,Lombardia,Tirano,46.21482,10.16335,3,True,0,945.63,https://www.openstreetmap.org/?mlat=46.21482&mlon=10.16335&zoom=14
"Italia, Tirano, Chiesa di Santa Perpetua, Teilaussenansicht",Blick hinauf zur Kirche Santa Perpetua,41.3281482,19.8184435,Nein,Tirano,lcmt-nabi-pctmp_ead_wehr_17754-B_pctmp.jpg,,1910-08,,Schweizerische Nationalbibliothek,Artur Wehrli,https://commons.wikimedia.org/entity/M145128027,"Italia, Tirano, Chiesa di Santa Perpetua, Teilaussenansicht",Blick hinauf zur Kirche Santa Perpetua,1910,Artur Wehrli,,Italy,Lombardia,Tirano,46.2191278,10.1520913,4,False,1,946.62,https://www.openstreetmap.org/?mlat=46.2191278&mlon=10.1520913&zoom=14
"Italia, Tirano, Chiesa di Santa Perpetua, Teilaussenansicht",Blick von der Kirche Santa Perpetua auf Tirano runter,41.3281482,19.8184435,Nein,Tirano,lcmt-nabi-pctmp_ead_wehr_17755-B_pctmp.jpg,,1910-08,,Schweizerische Nationalbibliothek,Artur Wehrli,https://commons.wikimedia.org/entity/M145127992,"Italia, Tirano, Chiesa di Santa Perpetua, Teilaussenansicht",Blick von der Kirche Santa Perpetua auf Tirano runter,1910,Artur Wehrli,,Italy,Lombardia,Tirano,46.2191278,10.1520913,4,False,1,946.62,https://www.openstreetmap.org/?mlat=46.2191278&mlon=10.1520913&zoom=14
"Italia, Tirano, Chiesa di Santa Perpetua, Teilaussenansicht","Ansicht der Kirche Santa Perpetua und einem aus Stein gemauerten Haus, vor dessen Tür ein alter Mann steht",41.3281482,19.8184435,Nein,Tirano,lcmt-nabi-pctmp_ead_wehr_17756-B_pctmp.jpg,,1910-08,,Schweizerische Nationalbibliothek,Artur Wehrli,https://commons.wikimedia.org/entity/M145127976,"Italia, Tirano, Chiesa di Santa Perpetua, Teilaussenansicht","Ansicht der Kirche Santa Perpetua und einem aus Stein gemauerten Haus, vor dessen Tür ein alter Mann steht",1910,Artur Wehrli,,Italy,Lombardia,Tirano,46.2191278,10.1520913,4,False,1,946.62,https://www.openstreetmap.org/?mlat=46.2191278&mlon=10.1520913&zoom=14
"Lauerzersee, Landschaft","Lauerzersee, Seewen und die Mythen",47.0323208,8.5848711,Nein,Lauerz,lcmt-nabi-pctmp_ead_wehr_1776-B_pctmp.jpg,Schwyz,1906,,Schweizerische Nationalbibliothek,Artur Wehrli,https://commons.wikimedia.org/entity/M144081970,"Lauerzersee, Landschaft","Lauerzersee, Seewen und die Mythen",1906,Artur Wehrli,,Switzerland,Kanton Schwyz,Lauerz,47.0336,8.6022,5,False,0,1.32,https://www.openstreetmap.org/?mlat=47.0336&mlon=8.6022&zoom=14
"Axenstrasse, Panorama","Blick auf den Vierwaldstättersee, die Axenstrasse und die Gotthardbahn",52.571093,13.4537894,Nein,Axenstrasse,lcmt-nabi-pctmp_ead_wehr_1780-B_pctmp.jpg,Schwyz,1906,,Schweizerische Nationalbibliothek,Artur Wehrli,https://commons.wikimedia.org/entity/M144082858,"Axenstrasse, Panorama","Blick auf den Vierwaldstättersee, die Axenstrasse und die Gotthardbahn",1906,Artur Wehrli,,Switzerland,Kanton Schwyz,Axenstrasse,46.960973,8.6149417,4,False,1,713.71,https://www.openstreetmap.org/?mlat=46.960973&mlon=8.6149417&zoom=14
"France, Chamonix-Mont-Blanc, Ortsteilansicht",Blick auf Chamonix-Mont-Blanc gegen den Brévent,45.9246705,6.8727506,Nein,Chamonix-Mont-Blanc,lcmt-nabi-pctmp_ead_wehr_17901-B_pctmp.jpg,,1910-08,,Schweizerische Nationalbibliothek,Artur Wehrli,https://commons.wikimedia.org/entity/M145127741,"Chamonix-Mont-Blanc, Ortsteilansicht",Blick auf Chamonix-Mont-Blanc gegen den Brévent,1910:08,Artur Wehrli,,France,Auvergne-Rhône-Alpes,Chamonix-Mont-Blanc,45.92375,6.86933,3,True,0,0.28,https://www.openstreetmap.org/?mlat=45.92375&mlon=6.86933&zoom=14
"France, Chamonix-Mont-Blanc, Ortsteilansicht",Blick auf Chamonix-Mont-Blanc gegen die Aiguille Verte,45.9246705,6.8727506,Nein,Chamonix-Mont-Blanc,lcmt-nabi-pctmp_ead_wehr_17902-B_pctmp.jpg,,1910-08,,Schweizerische Nationalbibliothek,Artur Wehrli,https://commons.wikimedia.org/entity/M145127719,"Chamonix-Mont-Blanc, Ortsteilansicht",Blick auf Chamonix-Mont-Blanc gegen die Aiguille Verte,1910:08,Artur Wehrli,,France,Auvergne-Rhône-Alpes,Chamonix-Mont-Blanc,45.92375,6.86933,3,True,0,0.28,https://www.openstreetmap.org/?mlat=45.92375&mlon=6.86933&zoom=14
"France, Mont Blanc, Landschaft",Blick auf den Mont Blanc,43.3958648,3.3672892,Nein,Montblanc,lcmt-nabi-pctmp_ead_wehr_17903-B_pctmp.jpg,,1910-08,,Schweizerische Nationalbibliothek,Artur Wehrli,https://commons.wikimedia.org/entity/M145127702,"Mont Blanc, Landschaft",Blick auf den Mont Blanc,1910:08,Artur Wehrli,,France,Auvergne-Rhône-Alpes,Montblanc,43.3959,3.36718,3,True,0,0.01,https://www.openstreetmap.org/?mlat=43.3959&mlon=3.36718&zoom=14
"France, Mont Blanc, Landschaft","Blick auf den Mont Blanc, im Vordergrund Nadelbäume",43.3958648,3.3672892,Nein,Montblanc,lcmt-nabi-pctmp_ead_wehr_17904-B_pctmp.jpg,,1910-08,,Schweizerische Nationalbibliothek,Artur Wehrli,https://commons.wikimedia.org/entity/M145127687,"Mont Blanc, Landschaft","Blick auf den Mont Blanc, im Vordergrund Nadelbäume",1910:08,Artur Wehrli,,France,Auvergne-Rhône-Alpes,Montblanc,43.3959,3.36718,3,True,0,0.01,https://www.openstreetmap.org/?mlat=43.3959&mlon=3.36718&zoom=14
"France, Chamonix-Mont-Blanc, Ortsteilansicht","Blick auf Chamonix-Mont-Blanc gegen die Berge, im Vordergrund eine bewaldete Wiese",45.9246705,6.8727506,Nein,Chamonix-Mont-Blanc,lcmt-nabi-pctmp_ead_wehr_17905-B_pctmp.jpg,,1910-08,,Schweizerische Nationalbibliothek,Artur Wehrli,https://commons.wikimedia.org/entity/M145127670,"Chamonix-Mont-Blanc, Ortsteilansicht","Blick auf Chamonix-Mont-Blanc gegen die Berge, im Vordergrund eine bewaldete Wiese",1910:08,Artur Wehrli,,France,Auvergne-Rhône-Alpes,Chamonix-Mont-Blanc,45.92375,6.86933,3,True,0,0.28,https://www.openstreetmap.org/?mlat=45.92375&mlon=6.86933&zoom=14
"France, Glacier des Bossons, Landschaft","Blick von einem Chalet hinauf auf den Glacier des Bossons, vor dem Chalet eine Ausflugsgruppe",45.8575838,6.8521878,Nein,Glacier des Bossons,lcmt-nabi-pctmp_ead_wehr_17906-B_pctmp.jpg,,1910-08,,Schweizerische Nationalbibliothek,Artur Wehrli,https://commons.wikimedia.org/entity/M145127655,"Glacier des Bossons, Landschaft","Blick von einem Chalet hinauf auf den Glacier des Bossons, vor dem Chalet eine Ausflugsgruppe",1910:08,Artur Wehrli,,France,Auvergne-Rhône-Alpes,Glacier des Bossons,45.88007,6.86411,5,False,0,2.67,https://www.openstreetmap.org/?mlat=45.88007&mlon=6.86411&zoom=14
"France, Glacier des Bossons, Landschaft",Blick auf den Glacier des Bossons,45.8575838,6.8521878,Nein,Glacier des Bossons,lcmt-nabi-pctmp_ead_wehr_17907-B_pctmp.jpg,,1910-08,,Schweizerische Nationalbibliothek,Artur Wehrli,https://commons.wikimedia.org/entity/M145112728,"Glacier des Bossons, Landschaft",Blick auf den Glacier des Bossons,1910:08,Artur Wehrli,,France,Auvergne-Rhône-Alpes,Glacier des Bossons,45.88007,6.86411,5,False,0,2.67,https://www.openstreetmap.org/?mlat=45.88007&mlon=6.86411&zoom=14
"Glacier des Bossons, Landschaft",Eisgrotte des Glacier des Bossons,45.8575838,6.8521878,Nein,Glacier des Bossons,lcmt-nabi-pctmp_ead_wehr_17908-B_pctmp.jpg,,1910-08,,Schweizerische Nationalbibliothek,Artur Wehrli,https://commons.wikimedia.org/entity/M145112694,"Glacier des Bossons, Landschaft",Eisgrotte des Glacier des Bossons,1910:08,Artur Wehrli,,France,Auvergne-Rhône-Alpes,Glacier des Bossons,45.88007,6.86411,5,False,0,2.67,https://www.openstreetmap.org/?mlat=45.88007&mlon=6.86411&zoom=14
"France, Massif du Mont-Blanc, Glacier des Bossons, Landschaft","Ansicht einer Eisgrotte auf dem Glacier des Bossons, davor eine Gruppe Wanderer",45.9246705,6.8727506,Nein,Chamonix,lcmt-nabi-pctmp_ead_wehr_17909-B_pctmp.jpg,,1910,,Schweizerische Nationalbibliothek,Artur Wehrli,https://commons.wikimedia.org/entity/M145112675,"Glacier des Bossons, Landschaft","Ansicht einer Eisgrotte auf dem Glacier des Bossons, davor eine Gruppe Wanderer",1910,Artur Wehrli,,France,Auvergne-Rhône-Alpes,Chamonix-Mont-Blanc,45.88007,6.86411,5,False,0,5.0,https://www.openstreetmap.org/?mlat=45.88007&mlon=6.86411&zoom=14
"Pilatus, Hotel Bellevue, Gesamtaussenansicht",Blick auf das Hotel Bellevue auf dem Pilatus,-24.9228204,-50.1414285,Nein,Pilatus,lcmt-nabi-pctmp_ead_wehr_1791-B_pctmp.jpg,Nidwalden,1906,,Schweizerische Nationalbibliothek,Artur Wehrli,https://commons.wikimedia.org/entity/M144085111,"Pilatus, Hotel Bellevue",Blick auf das Hotel Bellevue auf dem Pilatus,1906,Artur Wehrli,,Switzerland,Kanton Nidwalden,Pilatus,46.9706835,8.3986959,2,True,1,9912.46,https://www.openstreetmap.org/?mlat=46.9706835&mlon=8.3986959&zoom=14
"France, Chamonix-Mont-Blanc, Montenvers, Landschaft",Blick von Montenvers auf das Mer de Glace und gegen den Tour Sallière,45.9321814,6.9167218,Nein,Montenvers,lcmt-nabi-pctmp_ead_wehr_17911-B_pctmp.jpg,,1910-08,,Schweizerische Nationalbibliothek,Artur Wehrli,https://commons.wikimedia.org/entity/M145112628,"Montenvers, Landschaft",Blick von Montenvers auf das Mer de Glace und gegen den Tour Sallière,1910:08,Artur Wehrli,,France,Auvergne-Rhône-Alpes,Montenvers,45.93342,6.91694,5,False,0,0.14,https://www.openstreetmap.org/?mlat=45.93342&mlon=6.91694&zoom=14
"France, Massif du Mont-Blanc, Aiguille Verte, Landschaft",Blick auf die Aiguille Verte und die Aiguille-du-Dru,45.9347326,6.97006,Nein,Aiguille Verte,lcmt-nabi-pctmp_ead_wehr_17912-B_pctmp.jpg,,1910-08,,Schweizerische Nationalbibliothek,Artur Wehrli,https://commons.wikimedia.org/entity/M145112612,"Aiguille Verte, Landschaft",Blick auf die Aiguille Verte und die Aiguille-du-Dru,1910:08,Artur Wehrli,,France,Auvergne-Rhône-Alpes,Aiguille Verte,45.98265,6.43255,5,False,0,41.89,https://www.openstreetmap.org/?mlat=45.98265&mlon=6.43255&zoom=14
"France, Massif du Mont-Blanc, Aiguille Verte, Landschaft",Blick auf die Aiguille Verte und die Aiguille-du-Dru,45.9347326,6.97006,Nein,Aiguille Verte,lcmt-nabi-pctmp_ead_wehr_17913-B_pctmp.jpg,,1910-08,,Schweizerische Nationalbibliothek,Artur Wehrli,https://commons.wikimedia.org/entity/M145112594,"Aiguille Verte, Landschaft",Blick auf die Aiguille Verte und die Aiguille-du-Dru,1910:08,Artur Wehrli,,France,Auvergne-Rhône-Alpes,Aiguille Verte,45.98265,6.43255,5,False,0,41.89,https://www.openstreetmap.org/?mlat=45.98265&mlon=6.43255&zoom=14
"France, Massif du Mont-Blanc, Aiguille du Dru, Gesamtansicht",Ansicht der Aiguille du Dru,,,Nein,Aiguille du Dru,lcmt-nabi-pctmp_ead_wehr_17914-B_pctmp.jpg,,1910-08,,Schweizerische Nationalbibliothek,Artur Wehrli,https://commons.wikimedia.org/entity/M145112566,"Aiguille du Dru, Gesamtansicht",Ansicht der Aiguille du Dru,1910:08,Artur Wehrli,,France,Auvergne-Rhône-Alpes,Aiguille du Dru,45.93293,6.95588,5,False,0,,https://www.openstreetmap.org/?mlat=45.93293&mlon=6.95588&zoom=14
"France, Massif du Mont-Blanc, Aiguille du Dru, Gesamtansicht",Ansicht der Aiguille du Dru,,,Nein,Aiguille du Dru,lcmt-nabi-pctmp_ead_wehr_17915-B_pctmp.jpg,,1910-08,,Schweizerische Nationalbibliothek,Artur Wehrli,https://commons.wikimedia.org/entity/M145112537,"Aiguille du Dru, Gesamtansicht",Ansicht der Aiguille du Dru,1910:08,Artur Wehrli,,France,Auvergne-Rhône-Alpes,Aiguille du Dru,45.93293,6.95588,5,False,0,,https://www.openstreetmap.org/?mlat=45.93293&mlon=6.95588&zoom=14
"France, Chamonix-Mont-Blanc, Ortsteilansicht",Blick auf das Stadtviertel Les Praz d'en-haut von Chamonix-Mont-Blanc gegen die Aiguille Verte,45.9246705,6.8727506,Nein,Chamonix-Mont-Blanc,lcmt-nabi-pctmp_ead_wehr_17916-B_pctmp.jpg,,1910-08,,Schweizerische Nationalbibliothek,Artur Wehrli,https://commons.wikimedia.org/entity/M145112511,"Chamonix-Mont-Blanc, Ortsteilansicht",Blick auf das Stadtviertel Les Praz d'en-haut von Chamonix-Mont-Blanc gegen die Aiguille Verte,1910:08,Artur Wehrli,,France,Auvergne-Rhône-Alpes,Chamonix-Mont-Blanc,45.9554765,5.8535812,4,False,1,78.88,https://www.openstreetmap.org/?mlat=45.9554765&mlon=5.8535812&zoom=14
"France, Chamonix-Mont-Blanc, Ortsteilansicht",Blick auf das Stadtviertel Les Praz d'en-haut von Chamonix-Mont-Blanc,45.9246705,6.8727506,Nein,Chamonix-Mont-Blanc,lcmt-nabi-pctmp_ead_wehr_17917-B_pctmp.jpg,,1910-08,,Schweizerische Nationalbibliothek,Artur Wehrli,https://commons.wikimedia.org/entity/M145112485,"Chamonix-Mont-Blanc, Ortsteilansicht",Blick auf das Stadtviertel Les Praz d'en-haut von Chamonix-Mont-Blanc,1910:08,Artur Wehrli,,France,Auvergne-Rhône-Alpes,Chamonix-Mont-Blanc,45.9554765,5.8535812,4,False,1,78.88,https://www.openstreetmap.org/?mlat=45.9554765&mlon=5.8535812&zoom=14
"Finhaut, Ortsteilansicht","Unten die Zugstrecke mitsamt Zug, oben die Häuser von Finhaut",46.082805,6.9765238,Nein,Finhaut,lcmt-nabi-pctmp_ead_wehr_17918-B_pctmp.jpg,Wallis,circa 1910,,Schweizerische Nationalbibliothek,Artur Wehrli,https://commons.wikimedia.org/entity/M145112463,"Finhaut, Ortsteilansicht","Unten die Zugstrecke mitsamt Zug, oben die Häuser von Finhaut",1910,Artur Wehrli,,Switzerland,Canton du Valais,Finhaut,46.08381,6.97777,3,True,0,0.15,https://www.openstreetmap.org/?mlat=46.08381&mlon=6.97777&zoom=14
"Deutschland, Lindau, Rathaus, Teilaussenansicht",Blick auf die Südfassade des Lindauer Rathauses,47.550753,9.6926624,Nein,Lindau,lcmt-nabi-pctmp_ead_wehr_17938-B_pctmp.jpg,,1910,,Schweizerische Nationalbibliothek,Jean Gabarell,https://commons.wikimedia.org/entity/M145112297,"Deutschland, Lindau, Rathaus, Teilaussenansicht",Blick auf die Südfassade des Lindauer Rathauses,1910,Jean Gabarell,,Germany,Bavaria,Lindau,47.5459309,9.6840937,4,False,1,0.84,https://www.openstreetmap.org/?mlat=47.5459309&mlon=9.6840937&zoom=14
"Deutschland, Lindau, Rathaus, Teilaussenansicht",Ansicht des Lindauer Rathauses,47.550753,9.6926624,Nein,Lindau,lcmt-nabi-pctmp_ead_wehr_17939-B_pctmp.jpg,,circa 1910,,Schweizerische Nationalbibliothek,Jean Gabarell,https://commons.wikimedia.org/entity/M145112279,"Deutschland, Lindau, Rathaus, Teilaussenansicht",Ansicht des Lindauer Rathauses,1910,Jean Gabarell,,Germany,Bavaria,Lindau,47.5459309,9.6840937,4,False,1,0.84,https://www.openstreetmap.org/?mlat=47.5459309&mlon=9.6840937&zoom=14
"Pilatus, Hotel Pilatus-Kulm, Gesamtaussenansicht",Blick auf das Hotel Pilatus-Kulm auf dem Pilatus,-24.9228204,-50.1414285,Nein,Pilatus,lcmt-nabi-pctmp_ead_wehr_1794-B_pctmp.jpg,Nidwalden,1906,,Schweizerische Nationalbibliothek,Artur Wehrli,https://commons.wikimedia.org/entity/M144085433,"Pilatus, Hotel Pilatus-Kulm, Gesamtaussenansicht",Blick auf das Hotel Pilatus-Kulm auf dem Pilatus,1906,Artur Wehrli,,Switzerland,Kanton Nidwalden,Pilatus,46.9795096,8.2536045,4,False,1,9904.57,https://www.openstreetmap.org/?mlat=46.9795096&mlon=8.2536045&zoom=14
"Deutschland, Lindau, Seepromenade, Ortsteilansicht","Blick auf Seepromenade des Hafens, mit den Dampfschiffen 'Rupprecht' und 'Württemberg' im Vordergrund. Rechts im Bild der Mangturm",47.550753,9.6926624,Nein,Lindau,lcmt-nabi-pctmp_ead_wehr_17941-B_pctmp.jpg,,1910,,Schweizerische Nationalbibliothek,Jean Gabarell,https://commons.wikimedia.org/entity/M145112204,"Deutschland, Lindau, Seepromenade, Ortsteilansicht","Blick auf Seepromenade des Hafens, mit den Dampfschiffen 'Rupprecht' und 'Württemberg' im Vordergrund. Rechts im Bild der Mangturm",1910,Jean Gabarell,,Germany,Bavaria,Lindau,47.5049609,9.7460199,4,False,1,6.48,https://www.openstreetmap.org/?mlat=47.5049609&mlon=9.7460199&zoom=14
"Deutschland, Lindau, Ortsteilansicht","Blick auf den Hafen Lindaus mit vier Dampfschiffen, links der Mangturm",47.550753,9.6926624,Nein,Lindau,lcmt-nabi-pctmp_ead_wehr_17942-B_pctmp.jpg,,1906,,Schweizerische Nationalbibliothek,Jean Gabarell,https://commons.wikimedia.org/entity/M145112185,"Deutschland, Lindau, Ortsteilansicht","Blick auf den Hafen Lindaus mit vier Dampfschiffen, links der Mangturm",1906,Jean Gabarell,,Germany,Bavaria,Lindau,47.54612,9.68431,3,True,0,0.81,https://www.openstreetmap.org/?mlat=47.54612&mlon=9.68431&zoom=14
"Deutschland, Lindau, Hafeneinfahrt, Ortsteilansicht","Ansicht des Dampfers 'Prinz Regent' bei der Hafeneinfahrt von Lindau, zwischen dem Bayrischen Löwen und dem neuen Leuchtturm",47.550753,9.6926624,Nein,Lindau,lcmt-nabi-pctmp_ead_wehr_17943-B_pctmp.jpg,,1910,,Schweizerische Nationalbibliothek,Jean Gabarell,https://commons.wikimedia.org/entity/M145112167,"Deutschland, Lindau, Hafeneinfahrt, Ortsteilansicht","Ansicht des Dampfers 'Prinz Regent' bei der Hafeneinfahrt von Lindau, zwischen dem Bayrischen Löwen und dem neuen Leuchtturm",1910,Jean Gabarell,,Germany,Bavaria,Lindau,47.54612,9.68431,3,True,0,0.81,https://www.openstreetmap.org/?mlat=47.54612&mlon=9.68431&zoom=14
Blick auf Lindau vom Pfänder,"Blick von einer Anhöhe am Pfänder bei Lochau (Vorarlberg, Österreich) auf Lindau (Bayern, links im See) und Lochau hinab. Im Vordergrund stehen vier Bäume und eine Holzhütte. Rechts daneben im Hintergrund ist das Seeufer von Lochau mit dem Standort des heutigen Seehotels am Kaiserstrand, daneben die Eisenbahnstrecke von Lindau nach Bregenz.",47.550753,9.6926624,Nein,Lindau,lcmt-nabi-pctmp_ead_wehr_17944-B_pctmp.jpg,,circa 1910,,Schweizerische Nationalbibliothek,Jean Gabarell,https://commons.wikimedia.org/entity/M145112139,Blick auf Lindau vom Pfänder,"Blick von einer Anhöhe am Pfänder bei Lochau (Vorarlberg, Österreich) auf Lindau (Bayern, links im See) und Lochau hinab. Im Vordergrund stehen vier Bäume und eine Holzhütte. Rechts daneben im Hintergrund ist das Seeufer von Lochau mit dem Standort des heutigen Seehotels am Kaiserstrand, daneben die Eisenbahnstrecke von Lindau nach Bregenz.",,,,Austria,Vorarlberg,Lindau,47.5079,9.77993,5,False,0,8.1,https://www.openstreetmap.org/?mlat=47.5079&mlon=9.77993&zoom=14
"Österreich, Bregenz, Hafen, Ortsteilansicht",Ansicht des Dampfers 'Kaiserin Maria Theresia' im Hafen Bregenz,47.5025779,9.7472924,Nein,Bregenz,lcmt-nabi-pctmp_ead_wehr_17945-B_pctmp.jpg,,1910,,Schweizerische Nationalbibliothek,Jean Gabarell,https://commons.wikimedia.org/entity/M145112111,"Österreich, Bregenz, Hafen, Ortsteilansicht",Ansicht des Dampfers 'Kaiserin Maria Theresia' im Hafen Bregenz,1910,Jean Gabarell,,Austria,Vorarlberg,Bregenz,47.50311,9.7471,3,True,0,0.06,https://www.openstreetmap.org/?mlat=47.50311&mlon=9.7471&zoom=14
"Österreich, Bregenz, Ortsteilansicht","Ansicht von Bregenz, im Vordergrund Baumkronen, im Hintergrund der Bodensee",47.5025779,9.7472924,Nein,Bregenz,lcmt-nabi-pctmp_ead_wehr_17946-B_pctmp.jpg,,1910,,Schweizerische Nationalbibliothek,Jean Gabarell,https://commons.wikimedia.org/entity/M145112067,"Österreich, Bregenz, Ortsteilansicht","Ansicht von Bregenz, im Vordergrund Baumkronen, im Hintergrund der Bodensee",1910,Jean Gabarell,,Austria,Vorarlberg,Bregenz,47.50311,9.7471,3,True,0,0.06,https://www.openstreetmap.org/?mlat=47.50311&mlon=9.7471&zoom=14
"Österreich, Bregenz, Ortsteilansicht","Ansicht von Bregenz, im Vordergrund eine Wiese mit Obstbäumen, im Hintergrund der Bodensee",47.5025779,9.7472924,Nein,Bregenz,lcmt-nabi-pctmp_ead_wehr_17947-B_pctmp.jpg,,1910,,Schweizerische Nationalbibliothek,Jean Gabarell,https://commons.wikimedia.org/entity/M145112046,"Österreich, Bregenz, Ortsteilansicht","Ansicht von Bregenz, im Vordergrund eine Wiese mit Obstbäumen, im Hintergrund der Bodensee",1910,Jean Gabarell,,Austria,Vorarlberg,Bregenz,47.50311,9.7471,3,True,0,0.06,https://www.openstreetmap.org/?mlat=47.50311&mlon=9.7471&zoom=14
"Österreich, Bregenz, Ortsteilansicht","Ansicht von Bregenz, mittig die Herz-Jesu-Kirche, im Hintergrund der Bodensee",47.5025779,9.7472924,Nein,Bregenz,lcmt-nabi-pctmp_ead_wehr_17949-B_pctmp.jpg,,1910,,Schweizerische Nationalbibliothek,Jean Gabarell,https://commons.wikimedia.org/entity/M145112031,"Österreich, Bregenz, Ortsteilansicht","Ansicht von Bregenz, mittig die Herz-Jesu-Kirche, im Hintergrund der Bodensee",1910,Jean Gabarell,,Austria,Vorarlberg,Bregenz,47.5020315,9.7504362,4,False,1,0.24,https://www.openstreetmap.org/?mlat=47.5020315&mlon=9.7504362&zoom=14
"Österreich, Bregenz, Ortsteilansicht","Ansicht von Bregenz, rechts die Herz-jesu-Kirche, im Hintergrund der Bodensee",47.5025779,9.7472924,Nein,Bregenz,lcmt-nabi-pctmp_ead_wehr_17950-B_pctmp.jpg,,1910,,Schweizerische Nationalbibliothek,Jean Gabarell,https://commons.wikimedia.org/entity/M145111992,"Österreich, Bregenz, Ortsteilansicht","Ansicht von Bregenz, rechts die Herz-jesu-Kirche, im Hintergrund der Bodensee",1910,Jean Gabarell,,Austria,Vorarlberg,Bregenz,47.5020315,9.7504362,4,False,1,0.24,https://www.openstreetmap.org/?mlat=47.5020315&mlon=9.7504362&zoom=14
"Österreich, Bregenz, Herz-Jesu-Kirche, Gesamtaussenansicht",Ansicht der Herz-Jesu-Kirche in Bregenz,47.5025779,9.7472924,Nein,Bregenz,lcmt-nabi-pctmp_ead_wehr_17951-B_pctmp.jpg,,1910,,Schweizerische Nationalbibliothek,Jean Gabarell,https://commons.wikimedia.org/entity/M145111950,"Österreich, Bregenz, Herz-Jesu-Kirche, Gesamtaussenansicht",Ansicht der Herz-Jesu-Kirche in Bregenz,1910,Jean Gabarell,,Austria,Vorarlberg,Bregenz,47.5020315,9.7504362,4,False,1,0.24,https://www.openstreetmap.org/?mlat=47.5020315&mlon=9.7504362&zoom=14
"Heiden, Kursaal, Gesamtaussenansicht","Aussenansicht alter Kursaal, im Park ein paar Gäste bei einem Tee- oder Kaffeekränzchen. Eingeweiht im Frühjahr 1874, liebevoll der 'Laubsäägelipalast' genannt. Im Sommer 1956 abgebrochen.",47.4421715,9.532089,Nein,Heiden,lcmt-nabi-pctmp_ead_wehr_17952-B_pctmp.jpg,Appenzell Ausserrhoden,1910,,Schweizerische Nationalbibliothek,Jean Gabarell,https://commons.wikimedia.org/entity/M145111909,"Heiden, Kursaal, Gesamtaussenansicht","Aussenansicht alter Kursaal, im Park ein paar Gäste bei einem Tee- oder Kaffeekränzchen. Eingeweiht im Frühjahr 1874, liebevoll der 'Laubsäägelipalast' genannt. Im Sommer 1956 abgebrochen.",1910,Jean Gabare,,Switzerland,Kanton Appenzell Ausserrhoden,Heiden,47.4458389,9.5319899,4,False,1,0.41,https://www.openstreetmap.org/?mlat=47.4458389&mlon=9.5319899&zoom=14
"Appenzell, Post, Gesamtaussenansicht",Das Postgebäude von Appenzell,47.3299506,9.4099311,Nein,Appenzell,lcmt-nabi-pctmp_ead_wehr_17966-B_pctmp.jpg,Appenzell Innerrhoden,1910,,Schweizerische Nationalbibliothek,Jean Gabarell,https://commons.wikimedia.org/entity/M145111392,"Appenzell, Post, Gesamtaussenansicht",Das Postgebäude von Appenzell,1910,Jean Gabarell,,Switzerland,Kanton Appenzell Innerrhoden,Appenzell,47.3291339,9.4097873,4,False,1,0.09,https://www.openstreetmap.org/?mlat=47.3291339&mlon=9.4097873&zoom=14
"Italia, Cernobbio, Villa d'Este, Teilaussenansicht",Ansicht entlang des Ufers des Comer Sees mit Blick auf die Villa d'Este und den See,45.8413945,9.0759048,Nein,Cernobbio,lcmt-nabi-pctmp_ead_wehr_18000-B_pctmp.jpg,,1906,,Schweizerische Nationalbibliothek,Link,https://commons.wikimedia.org/entity/M145110396,"Italia, Cernobbio, Villa d'Este, Teilaussenansicht",Ansicht entlang des Ufers des Comer Sees mit Blick auf die Villa d'Este und den See,1906,Link,,Italy,Lombardia,Cernobbio,45.84461,9.07962,5,False,0,0.46,https://www.openstreetmap.org/?mlat=45.84461&mlon=9.07962&zoom=14
"Italia, Brunate, Ortsteilansicht",Blick auf Brunate bei Como,45.8194702,9.0959895,Nein,Brunate,lcmt-nabi-pctmp_ead_wehr_18001-B_pctmp.jpg,,1906,,Schweizerische Nationalbibliothek,Link,https://commons.wikimedia.org/entity/M145110345,"Italia, Brunate, Ortsteilansicht",Blick auf Brunate bei Como,1906,Link,,Italy,Lombardia,Brunate,45.82096,9.09869,3,True,0,0.27,https://www.openstreetmap.org/?mlat=45.82096&mlon=9.09869&zoom=14
"Airolo, Dorf, Viehmark, Ortsteilansicht","Airolo, Viehmarkt mit Teilansicht des Dorfes",46.5290309,8.6086045,Nein,Airolo,lcmt-nabi-pctmp_ead_wehr_18003-B_pctmp.jpg,Tessin,1905,,Schweizerische Nationalbibliothek,Ferdinando Gianella,https://commons.wikimedia.org/entity/M145110325,"Airolo, Dorf, Viehmark, Ortsteilansicht","Airolo, Viehmarkt mit Teilansicht des Dorfes",1905,Ferdinando Gianella,,Switzerland,Cantone Ticino,Airolo,46.52855,8.61189,3,True,0,0.26,https://www.openstreetmap.org/?mlat=46.52855&mlon=8.61189&zoom=14
"Italia, Como, Ortsteilansicht",Ansicht der Piazza Cavour,45.9394759,9.1494101,Nein,Como,lcmt-nabi-pctmp_ead_wehr_18063-B_pctmp.jpg,,1906,,Schweizerische Nationalbibliothek,Link,https://commons.wikimedia.org/entity/M145109886,"Italia, Como, Ortsteilansicht",Ansicht der Piazza Cavour,1906,Link,,Italy,Lombardia,Como,45.8130357,9.0809691,4,False,1,15.02,https://www.openstreetmap.org/?mlat=45.8130357&mlon=9.0809691&zoom=14
"Italia, Cernobbio, Villa d'Este, Gesamtaussenansicht",Blick über den Lago di Como auf das Hotel Villa d'Este,45.8413945,9.0759048,Nein,Cernobbio,lcmt-nabi-pctmp_ead_wehr_18064-B_pctmp.jpg,,1906,,Schweizerische Nationalbibliothek,Link,https://commons.wikimedia.org/entity/M145109864,"Italia, Cernobbio, Villa d'Este, Gesamtaussenansicht",Blick über den Lago di Como auf das Hotel Villa d'Este,1906,Link,,Italy,Lombardia,Cernobbio,45.84461,9.07962,5,False,0,0.46,https://www.openstreetmap.org/?mlat=45.84461&mlon=9.07962&zoom=14
"Italia, Bellagio, Ortsteilansicht",Blick über den Lago di Como auf Bellagio mit der Kirche San Giovanni und der Villa Melzi,45.9872549,9.2613001,Nein,Bellagio,lcmt-nabi-pctmp_ead_wehr_18065-B_pctmp.jpg,,1906,,Schweizerische Nationalbibliothek,Link,https://commons.wikimedia.org/entity/M145109852,"Italia, Bellagio, Ortsteilansicht",Blick über den Lago di Como auf Bellagio mit der Kirche San Giovanni und der Villa Melzi,1906,,,Italy,Lombardia,Bellagio,45.98772,9.26182,3,True,0,0.07,https://www.openstreetmap.org/?mlat=45.98772&mlon=9.26182&zoom=14
"Italia, Cernobbio, Park der Villa d'Este, Teilansicht",Blick auf die Herkules-Statue im Park der Villa d'Este mit diversen umliegenden Bäumen und Sträuchern,45.8413945,9.0759048,Nein,Cernobbio,lcmt-nabi-pctmp_ead_wehr_18072-B_pctmp.jpg,,1906,,Schweizerische Nationalbibliothek,Link,https://commons.wikimedia.org/entity/M145109838,"Italia, Cernobbio, Park der Villa d'Este",Blick auf die Herkules-Statue im Park der Villa d'Este mit diversen umliegenden Bäumen und Sträuchern,1906,,,Italy,Lombardia,Cernobbio,45.84461,9.07962,5,False,0,0.46,https://www.openstreetmap.org/?mlat=45.84461&mlon=9.07962&zoom=14
"Italia, Cernobbio, Park der Villa d'Este, Teilansicht",Blick in den Park der Villa d'Este,45.8413945,9.0759048,Nein,Cernobbio,lcmt-nabi-pctmp_ead_wehr_18073-B_pctmp.jpg,,1906,,Schweizerische Nationalbibliothek,Link,https://commons.wikimedia.org/entity/M145109818,"Italia, Cernobbio, Park der Villa d'Este",Blick in den Park der Villa d'Este,1906,,,Italy,Lombardia,Cernobbio,45.84461,9.07962,5,False,0,0.46,https://www.openstreetmap.org/?mlat=45.84461&mlon=9.07962&zoom=14
"Italia, Bellagio, Park des Grand Hotels Villa Serbelloni, Teilansicht",Blick in den Park des Grand Hotels Villa Serbelloni mit diversen Bäumen und Sträuchern,45.9872549,9.2613001,Nein,Bellagio,lcmt-nabi-pctmp_ead_wehr_18074-B_pctmp.jpg,,1906,,Schweizerische Nationalbibliothek,Link,https://commons.wikimedia.org/entity/M145109786,"Italia, Bellagio, Park Grand Hotel Villa Serbelloni",Blick in den Park des Grand Hotels Villa Serbelloni mit diversen Bäumen und Sträuchern,1906,,,Italy,Lombardia,Bellagio,45.9833,9.2667,5,False,0,0.61,https://www.openstreetmap.org/?mlat=45.9833&mlon=9.2667&zoom=14
"Italia, Cernobbio, Park der Villa d'Este, Teilansicht",Blick entlang einer Zypressen-Allee auf die Herkules-Statue im Park der Villa d'Este,45.8413945,9.0759048,Nein,Cernobbio,lcmt-nabi-pctmp_ead_wehr_18075-B_pctmp.jpg,,1906,,Schweizerische Nationalbibliothek,Link,https://commons.wikimedia.org/entity/M145109727,"Italia, Cernobbio, Park der Villa d'Este",Blick entlang einer Zypressen-Allee auf die Herkules-Statue im Park der Villa d'Este,1906,,,Italy,Lombardia,Cernobbio,45.84461,9.07962,5,False,0,0.46,https://www.openstreetmap.org/?mlat=45.84461&mlon=9.07962&zoom=14
"Italia, Bellagio, Ortsteilansicht",Blick entlang des Ufer des Comer Sees auf Bellagio gegen die Villa Serbelloni,45.9872549,9.2613001,Nein,Bellagio,lcmt-nabi-pctmp_ead_wehr_18076-B_pctmp.jpg,,1906,,Schweizerische Nationalbibliothek,Link,https://commons.wikimedia.org/entity/M145109666,"Italia, Bellagio, Ortsteilansicht",Blick entlang des Ufer des Comer Sees auf Bellagio gegen die Villa Serbelloni,1906,,,Italy,Lombardia,Bellagio,45.98772,9.26182,3,True,0,0.07,https://www.openstreetmap.org/?mlat=45.98772&mlon=9.26182&zoom=14
"Italia, Bellagio, Ortsteilansicht",Blick auf Bellagio und den Comer See,45.9872549,9.2613001,Nein,Bellagio,lcmt-nabi-pctmp_ead_wehr_18077-B_pctmp.jpg,,1906,,Schweizerische Nationalbibliothek,Link,https://commons.wikimedia.org/entity/M145109651,"Italia, Bellagio, Ortsteilansicht",Blick auf Bellagio und den Comer See,1906,,,Italy,Lombardia,Bellagio,45.98772,9.26182,3,True,0,0.07,https://www.openstreetmap.org/?mlat=45.98772&mlon=9.26182&zoom=14
"Italia, Bellagio, Ortsteilansicht","Blick über den Comer See hinweg auf Bellagio mit der Villa Melzi, am Ufer sind Kinder ums und im Wasser",45.9872549,9.2613001,Nein,Bellagio,lcmt-nabi-pctmp_ead_wehr_18078-B_pctmp.jpg,,1906,,Schweizerische Nationalbibliothek,Link,https://commons.wikimedia.org/entity/M145109623,"Italia, Bellagio, Ortsteilansicht","Blick über den Comer See hinweg auf Bellagio mit der Villa Melzi, am Ufer sind Kinder ums und im Wasser",1906,,,Italy,Lombardia,Bellagio,45.98772,9.26182,3,True,0,0.07,https://www.openstreetmap.org/?mlat=45.98772&mlon=9.26182&zoom=14
"Italia, Bellagio, Park der Villa Serbelloni, Teilansicht",Blick in den Park der Villa Serbelloni mit einigen Bäumen und Sträuchern,45.9872549,9.2613001,Nein,Bellagio,lcmt-nabi-pctmp_ead_wehr_18079-B_pctmp.jpg,,1906,,Schweizerische Nationalbibliothek,Link,https://commons.wikimedia.org/entity/M145109562,"Italia, Bellagio, Park Villa Serbelloni",Blick in den Park der Villa Serbelloni mit einigen Bäumen und Sträuchern,1906,,,Italy,Lombardia,Bellagio,45.9870494,9.2642058,4,False,1,0.23,https://www.openstreetmap.org/?mlat=45.9870494&mlon=9.2642058&zoom=14
"Luzern, Kapellbrücke, Teilinnenansicht",Inneres des mittleren Teils der Kapellbrücke mit Blick gegen Süden,47.0505452,8.3054682,Nein,Luzern,lcmt-nabi-pctmp_ead_wehr_1808-B_pctmp.jpg,Luzern,1906,,Schweizerische Nationalbibliothek,Artur Wehrli,https://commons.wikimedia.org/entity/M144086000,"Luzern, Kapellbrücke, Teilinnenansicht",Inneres des mittleren Teils der Kapellbrücke mit Blick gegen Süden,1906,Artur Wehrli,,Switzerland,Kanton Luzern,Luzern,47.0513,8.30721,5,False,0,0.16,https://www.openstreetmap.org/?mlat=47.0513&mlon=8.30721&zoom=14
"Italia, Tremezzina, Villa Carlotta, Teilinnenansicht",Ansicht der Skulptur von Amor und Psyche in der Villa Carlotta,45.9835245,9.1914909,Nein,Tremezzina,lcmt-nabi-pctmp_ead_wehr_18081-B_pctmp.jpg,,1906,,Schweizerische Nationalbibliothek,Link,https://commons.wikimedia.org/entity/M145109500,"Italia, Tremezzina, Villa Carlotta",Ansicht der Skulptur von Amor und Psyche in der Villa Carlotta,1906,,,Italy,Lombardia,Tremezzina,45.98636,9.23073,5,False,0,3.05,https://www.openstreetmap.org/?mlat=45.98636&mlon=9.23073&zoom=14
"Italia, Bellagio, Park der Villa Serbelloni, Teilansicht",Studie einiger Bäume und Pflanzen im Park der Villa Serbelloni,45.9872549,9.2613001,Nein,Bellagio,lcmt-nabi-pctmp_ead_wehr_18082-B_pctmp.jpg,,1906,,Schweizerische Nationalbibliothek,Link,https://commons.wikimedia.org/entity/M145109461,"Italia, Bellagio, Park Villa Serbelloni",Studie einiger Bäume und Pflanzen im Park der Villa Serbelloni,1906,,,Italy,Lombardia,Bellagio,45.9870494,9.2642058,4,False,1,0.23,https://www.openstreetmap.org/?mlat=45.9870494&mlon=9.2642058&zoom=14
"Italia, Tremezzina, Garten der Villa Carlotta, Teilansicht",Blick in den Garten der Villa Carlotta,45.9835245,9.1914909,Nein,Tremezzina,lcmt-nabi-pctmp_ead_wehr_18083-B_pctmp.jpg,,1906,,Schweizerische Nationalbibliothek,Link,https://commons.wikimedia.org/entity/M145109420,"Italia, Tremezzina, Garten Villa Carlotta",Blick in den Garten der Villa Carlotta,1906,,,Italy,Lombardia,Tremezzina,45.98636,9.23073,5,False,0,3.05,https://www.openstreetmap.org/?mlat=45.98636&mlon=9.23073&zoom=14
"Italia, Como, Cattedrale di Santa Maria Assunta, Teilaussenansicht",Portal der Cattedrale di Santa Maria Assunta in Como,45.9394759,9.1494101,Nein,Como,lcmt-nabi-pctmp_ead_wehr_18084-B_pctmp.jpg,,1906,,Schweizerische Nationalbibliothek,Link,https://commons.wikimedia.org/entity/M145109380,"Italia, Como, Cattedrale di Santa Maria Assunta",Portal der Cattedrale di Santa Maria Assunta in Como,1906,,,Italy,Lombardia,Como,45.8117681,9.0836614,4,False,1,15.09,https://www.openstreetmap.org/?mlat=45.8117681&mlon=9.0836614&zoom=14
"Italia, Tremezzina, Villa Carlotta, Teilinnenansicht",Ansicht einer Engelsstatue mit dem Namen Cupido von Luigi Bienaimé in der Villa Carlotta,45.9835245,9.1914909,Nein,Tremezzina,lcmt-nabi-pctmp_ead_wehr_18085-B_pctmp.jpg,,1906,,Schweizerische Nationalbibliothek,Link,https://commons.wikimedia.org/entity/M145109351,"Italia, Tremezzina, Villa Carlotta",Ansicht einer Engelsstatue mit dem Namen Cupido von Luigi Bienaimé in der Villa Carlotta,1906,,,Italy,Lombardia,Tremezzina,45.98636,9.23073,5,False,0,3.05,https://www.openstreetmap.org/?mlat=45.98636&mlon=9.23073&zoom=14
"Italia, Tremezzina, Villa Carlotta, Teilinnenansicht",Ansicht einer Engelsstatue (Cupido) von Luigi Bienaimé in der Villa Carlotta,45.9835245,9.1914909,Nein,Tremezzina,lcmt-nabi-pctmp_ead_wehr_18086a-B_pctmp.jpg,,1906,,Schweizerische Nationalbibliothek,Link,https://commons.wikimedia.org/entity/M145109325,"Italia, Tremezzina, Villa Carlotta",Ansicht einer Engelsstatue (Cupido) von Luigi Bienaimé in der Villa Carlotta,1906,,,Italy,Lombardia,Tremezzina,45.98636,9.23073,5,False,0,3.05,https://www.openstreetmap.org/?mlat=45.98636&mlon=9.23073&zoom=14
"Italia, Tremezzina, Villa Carlotta, Teilinnenansicht",Ansicht einer Engelsstatue (Cupido) von Luigi Bienaimé in der Villa Carlotta,45.9835245,9.1914909,Nein,Tremezzina,lcmt-nabi-pctmp_ead_wehr_18086b-B_pctmp.jpg,,1906,,Schweizerische Nationalbibliothek,Link,https://commons.wikimedia.org/entity/M145109301,"Italia, Tremezzina, Villa Carlotta",Ansicht einer Engelsstatue (Cupido) von Luigi Bienaimé in der Villa Carlotta,1906,,,Italy,Lombardia,Tremezzina,45.98636,9.23073,5,False,0,3.05,https://www.openstreetmap.org/?mlat=45.98636&mlon=9.23073&zoom=14
"Italia, Tremezzina, Villa Carlotta, Teilinnenansicht",Ansicht der Büsserin Magdalena von Antonio Canovain der Villa Carlotta,45.9835245,9.1914909,Nein,Tremezzina,lcmt-nabi-pctmp_ead_wehr_18087-B_pctmp.jpg,,1906,,Schweizerische Nationalbibliothek,Link,https://commons.wikimedia.org/entity/M145109252,"Italia, Tremezzina, Villa Carlotta",Ansicht der Büsserin Magdalena von Antonio Canovain der Villa Carlotta,1906,,,Italy,Lombardia,Tremezzina,45.98636,9.23073,5,False,0,3.05,https://www.openstreetmap.org/?mlat=45.98636&mlon=9.23073&zoom=14
"Italia, Como, Ortsgesamtansicht",Blick auf Como vom Castel Baradello aus,45.9394759,9.1494101,Nein,Como,lcmt-nabi-pctmp_ead_wehr_18088-B_pctmp.jpg,,1906,,Schweizerische Nationalbibliothek,Link,https://commons.wikimedia.org/entity/M145109217,"Italia, Como, Ortsgesamtansicht",Blick auf Como vom Castel Baradello aus,1906,,,Italy,Lombardia,Como,45.80819,9.0832,3,True,0,15.47,https://www.openstreetmap.org/?mlat=45.80819&mlon=9.0832&zoom=14
"Italia, Bellagio, Ortsteilansicht","Vegetationsstudie in Bellagio, im Hintergrund ist der Comer See zu sehen",45.9872549,9.2613001,Nein,Bellagio,lcmt-nabi-pctmp_ead_wehr_18089-B_pctmp.jpg,,1906,,Schweizerische Nationalbibliothek,Link,https://commons.wikimedia.org/entity/M145109171,"Italia, Bellagio, Ortsteilansicht","Vegetationsstudie in Bellagio, im Hintergrund ist der Comer See zu sehen",1906,,,Italy,Lombardia,Bellagio,45.98772,9.26182,3,True,0,0.07,https://www.openstreetmap.org/?mlat=45.98772&mlon=9.26182&zoom=14
"Luzern, Spreuerbrücke, Teilinnenansicht",Aufgang zur Spreuerbrücke (Totentanzbrücke) in Luzern,47.0505452,8.3054682,Nein,Luzern,lcmt-nabi-pctmp_ead_wehr_1809-B_pctmp.jpg,Luzern,1906,,Schweizerische Nationalbibliothek,Artur Wehrli,https://commons.wikimedia.org/entity/M144086063,"Luzern, Spreuerbrücke, Teilinnenansicht",Aufgang zur Spreuerbrücke (Totentanzbrücke) in Luzern,1906,Artur Wehrli,,Switzerland,Kanton Luzern,Luzern,47.0519754,8.3018722,4,False,1,0.32,https://www.openstreetmap.org/?mlat=47.0519754&mlon=8.3018722&zoom=14
"Italia, Iselle, Ortsteilansicht",Strasse in Iselle,46.2052791,8.192111,Nein,Iselle,lcmt-nabi-pctmp_ead_wehr_18091-B_pctmp.jpg,,1905,,Schweizerische Nationalbibliothek,Artur Wehrli,https://commons.wikimedia.org/entity/M145109023,"Italia, Iselle, Ortsteilansicht",Strasse in Iselle,1905,Artur Wehrli,,Italy,Piemonte,Iselle di Trasquera,46.2070874,8.2070479,2,True,1,1.17,https://www.openstreetmap.org/?mlat=46.2070874&mlon=8.2070479&zoom=14
"Italia, Iselle, Ortsteilansicht","Ansicht von Iselle, im Hintergrund das Fletschhorn",46.2052791,8.192111,Nein,Iselle,lcmt-nabi-pctmp_ead_wehr_18092-B_pctmp.jpg,,1905,,Schweizerische Nationalbibliothek,Artur Wehrli,https://commons.wikimedia.org/entity/M145108971,"Italia, Iselle, Ortsteilansicht","Ansicht von Iselle, im Hintergrund das Fletschhorn",1905,Artur Wehrli,,Italy,Piemonte,Iselle di Trasquera,46.2070874,8.2070479,2,True,1,1.17,https://www.openstreetmap.org/?mlat=46.2070874&mlon=8.2070479&zoom=14
"Italia, Iselle, Ortsteilansicht","Blick entlang einer Strasse von Iselle, auf der reges Treiben herrscht",46.2052791,8.192111,Nein,Iselle,lcmt-nabi-pctmp_ead_wehr_18093-B_pctmp.jpg,,1905,,Schweizerische Nationalbibliothek,Artur Wehrli,https://commons.wikimedia.org/entity/M145108945,"Italia, Iselle, Ortsteilansicht","Blick entlang einer Strasse von Iselle, auf der reges Treiben herrscht",1905,Artur Wehrli,,Italy,Piemonte,Iselle di Trasquera,46.2070874,8.2070479,2,True,1,1.17,https://www.openstreetmap.org/?mlat=46.2070874&mlon=8.2070479&zoom=14
"Italia, Iselle, Ortsteilansicht",Strasse in Iselle,46.2052791,8.192111,Nein,Iselle,lcmt-nabi-pctmp_ead_wehr_18094-B_pctmp.jpg,,1905,,Schweizerische Nationalbibliothek,Artur Wehrli,https://commons.wikimedia.org/entity/M145108866,"Italia, Iselle, Ortsteilansicht",Strasse in Iselle,1905,Artur Wehrli,,Italy,Piemonte,Iselle di Trasquera,46.2070874,8.2070479,2,True,1,1.17,https://www.openstreetmap.org/?mlat=46.2070874&mlon=8.2070479&zoom=14
"Italia, Iselle, Ortsteilansicht","Blick auf die Staatsstrasse Strada del Sempione bei Iselle, auf der Strasse fährt eine Pferdekutsche, im Hintergrund sind einige Häuser Iselles zu sehen",46.2052791,8.192111,Nein,Iselle,lcmt-nabi-pctmp_ead_wehr_18095-B_pctmp.jpg,,1905,,Schweizerische Nationalbibliothek,Artur Wehrli,https://commons.wikimedia.org/entity/M145108810,"Italia, Iselle, Ortsteilansicht","Blick auf die Staatsstrasse Strada del Sempione bei Iselle, auf der Strasse fährt eine Pferdekutsche, im Hintergrund sind einige Häuser Iselles zu sehen",1905,Artur Wehrli,,Italy,Piemonte,Iselle di Trasquera,46.2057889,8.2174367,4,False,1,1.95,https://www.openstreetmap.org/?mlat=46.2057889&mlon=8.2174367&zoom=14
"Italia, Iselle, Ortsteilansicht","Blick auf die Staatsstrasse Strada del Sempione bei Iselle, im Hintergrund sind einige Häuser Iselles zu sehen",46.2052791,8.192111,Nein,Iselle,lcmt-nabi-pctmp_ead_wehr_18096-B_pctmp.jpg,,1905,,Schweizerische Nationalbibliothek,Artur Wehrli,https://commons.wikimedia.org/entity/M145108778,"Italia, Iselle, Ortsteilansicht","Blick auf die Staatsstrasse Strada del Sempione bei Iselle, im Hintergrund sind einige Häuser Iselles zu sehen",1905,Artur Wehrli,,Italy,Piemonte,Iselle di Trasquera,46.2057889,8.2174367,4,False,1,1.95,https://www.openstreetmap.org/?mlat=46.2057889&mlon=8.2174367&zoom=14
"Italia, Iselle, Ferrovia del Sempione, Portale sud, Gesamtaussenansicht","Ansicht des Südportals des Simplontunnels mit Zügen, daneben eine Strasse mit Pferdekutsche",46.2070874,8.2070479,Nein,Iselle di Trasquera,lcmt-nabi-pctmp_ead_wehr_18097-B_pctmp.jpg,,1906,,Schweizerische Nationalbibliothek,Bruno Wehrli,https://commons.wikimedia.org/entity/M145108741,"Italia, Iselle, Ferrovia del Sempione, Portale sud","Ansicht des Südportals des Simplontunnels mit Zügen, daneben eine Strasse mit Pferdekutsche",1906,Bruno Wehrli,,Italy,Piemonte,Iselle di Trasquera,46.2070874,8.2070479,2,True,1,0.0,https://www.openstreetmap.org/?mlat=46.2070874&mlon=8.2070479&zoom=14
"Italia, Iselle, Ferrovia del Sempione, Stazione, Teilaussenansicht","Ansicht des Bahnhofs Iselle di Trasquera mit Tunneleinfahrt, auf den Gleisen drei Männer",46.2070874,8.2070479,Nein,Iselle di Trasquera,lcmt-nabi-pctmp_ead_wehr_18098-B_pctmp.jpg,,1906,,Schweizerische Nationalbibliothek,Bruno Wehrli,https://commons.wikimedia.org/entity/M145108683,"Italia, Iselle, Ferrovia del Sempione, Stazione","Ansicht des Bahnhofs Iselle di Trasquera mit Tunneleinfahrt, auf den Gleisen drei Männer",1906,Bruno Wehrli,,Italy,Piemonte,Iselle di Trasquera,46.2070874,8.2070479,2,True,1,0.0,https://www.openstreetmap.org/?mlat=46.2070874&mlon=8.2070479&zoom=14
"Italia, Trasquera, Ortsteilansicht",Blick auf Trasquera am Fluss Diveria,46.21338,8.212711,Nein,Trasquera,lcmt-nabi-pctmp_ead_wehr_18099-B_pctmp.jpg,,1906,,Schweizerische Nationalbibliothek,Bruno Wehrli,https://commons.wikimedia.org/entity/M145108654,"Italia, Trasquera, Ortsteilansicht",Blick auf Trasquera am Fluss Diveria,1906,Bruno Wehrli,,Italy,Piemonte,Trasquera,46.21338,8.21271,3,True,0,0.0,https://www.openstreetmap.org/?mlat=46.21338&mlon=8.21271&zoom=14
"Fürstenland, Frau in St. Galler Tracht, Teilansicht",Junge St. Gallerin in Tracht aus dem Fürstenland,47.4097016,9.3331524,Nein,Fürstenland,lcmt-nabi-pctmp_ead_wehr_180T-B_pctmp.jpg,,circa 1905,,Schweizerische Nationalbibliothek,unknown photographer,https://commons.wikimedia.org/entity/M147402691,"Fürstenland, Frau in St. Galler Tracht",Junge St. Gallerin in Tracht aus dem Fürstenland,1905,,,Switzerland,Kanton St. Gallen,Fürstenland,47.4105199,9.3363873,2,True,1,0.26,https://www.openstreetmap.org/?mlat=47.4105199&mlon=9.3363873&zoom=14
"Menzigen, Kloster Maria Hilf, Gesamtaussenansicht",Blick auf das Kloster Maria Hilf auf dem Gubel bei Menzingen,47.178291,8.5899339,Nein,Menzingen,lcmt-nabi-pctmp_ead_wehr_1810-B_pctmp.jpg,Zug,1906,,Schweizerische Nationalbibliothek,Artur Wehrli,https://commons.wikimedia.org/entity/M144086255,"Menzingen, Kloster Maria Hilf",Blick auf das Kloster Maria Hilf auf dem Gubel bei Menzingen,1906,Artur Wehrli,,Switzerland,Kanton Zug,Menzingen,47.17764,8.59215,3,True,0,0.18,https://www.openstreetmap.org/?mlat=47.17764&mlon=8.59215&zoom=14
"Italia, Varzo, Ortsgesamtansicht",Ansicht von Varzo gegen Trasquera,46.2067143,8.2544931,Nein,Varzo,lcmt-nabi-pctmp_ead_wehr_18101-B_pctmp.jpg,,1905,,Schweizerische Nationalbibliothek,Artur Wehrli,https://commons.wikimedia.org/entity/M145108534,"Italia, Varzo, Ortsgesamtansicht",Ansicht von Varzo gegen Trasquera,1905,Artur Wehrli,,Italy,Piemonte,Varzo,46.20736,8.25267,3,True,0,0.16,https://www.openstreetmap.org/?mlat=46.20736&mlon=8.25267&zoom=14
"Italia, Varzo, Ortsteilansicht","Ansicht einiger Häuser in Varzo, im Hintergrund ragt der Kirchturm in den Himmel",46.2067143,8.2544931,Nein,Varzo,lcmt-nabi-pctmp_ead_wehr_18102-B_pctmp.jpg,,1905,,Schweizerische Nationalbibliothek,Artur Wehrli,https://commons.wikimedia.org/entity/M145108513,"Italia, Varzo, Ortsteilansicht","Ansicht einiger Häuser in Varzo, im Hintergrund ragt der Kirchturm in den Himmel",1905,Artur Wehrli,,Italy,Piemonte,Varzo,46.20736,8.25267,3,True,0,0.16,https://www.openstreetmap.org/?mlat=46.20736&mlon=8.25267&zoom=14
"Italia, Varzo, Ferrovia del Sempione, Landschaft",Ansicht eines Teilabschnitts der Ferrovia del Sempione unterhalb von Varzo,46.2067143,8.2544931,Nein,Varzo,lcmt-nabi-pctmp_ead_wehr_18103-B_pctmp.jpg,,1905,,Schweizerische Nationalbibliothek,Artur Wehrli,https://commons.wikimedia.org/entity/M145108461,"Italia, Varzo, Ferrovia del Sempione, Landschaft",Ansicht eines Teilabschnitts der Ferrovia del Sempione unterhalb von Varzo,1905,Artur Wehrli,,Italy,Piemonte,Varzo,46.20736,8.25267,3,True,0,0.16,https://www.openstreetmap.org/?mlat=46.20736&mlon=8.25267&zoom=14
"Italia, Varzo, Ferrovia del Sempione, Teilansicht","Simplonbahn. Trassee und Tunnels bei Varzo, daneben die Diveria. S. Giovanni Tunnel, Diveria bridge, Rio Confinale Tunnel",46.2067143,8.2544931,Nein,Varzo,lcmt-nabi-pctmp_ead_wehr_18104-B_pctmp.jpg,,1905,,Schweizerische Nationalbibliothek,Artur Wehrli,https://commons.wikimedia.org/entity/M145108427,"Italia, Varzo, Ferrovia del Sempione, Teilansicht","Simplonbahn. Trassee und Tunnels bei Varzo, daneben die Diveria. S. Giovanni Tunnel, Diveria bridge, Rio Confinale Tunnel",1905,Artur Wehrli,,Italy,Piemonte,Varzo,46.20736,8.25267,3,True,0,0.16,https://www.openstreetmap.org/?mlat=46.20736&mlon=8.25267&zoom=14
"Italia, Strada del Sempione, Landschaft","Blick auf die Strada del Sempione mit der danebenführenden Eisenbahnlinie, die an der Diveria entlang führt. Ponte Nuovo / Ponte romano, Varzo",46.2067143,8.2544931,Nein,Varzo,lcmt-nabi-pctmp_ead_wehr_18105-B_pctmp.jpg,,1905,,Schweizerische Nationalbibliothek,Artur Wehrli,https://commons.wikimedia.org/entity/M145108385,"Italia, Strada del Sempione, Landschaft","Blick auf die Strada del Sempione mit der danebenführenden Eisenbahnlinie, die an der Diveria entlang führt. Ponte Nuovo / Ponte romano, Varzo",1905,Artur Wehrli,,Italy,Piemonte,Varzo,46.2057889,8.2174367,4,False,1,2.85,https://www.openstreetmap.org/?mlat=46.2057889&mlon=8.2174367&zoom=14
"Italia, Varzo, Ferrovia del Sempione, Teilansicht",Blick auf eine Brücke und eine Galerie der Ferrovia del Sempione bei Varzo,46.2067143,8.2544931,Nein,Varzo,lcmt-nabi-pctmp_ead_wehr_18106-B_pctmp.jpg,,1905,,Schweizerische Nationalbibliothek,Artur Wehrli,https://commons.wikimedia.org/entity/M145108357,"Italia, Varzo, Ferrovia del Sempione, Teilansicht",Blick auf eine Brücke und eine Galerie der Ferrovia del Sempione bei Varzo,1905,Artur Wehrli,,Italy,Piemonte,Varzo,46.20736,8.25267,3,True,0,0.16,https://www.openstreetmap.org/?mlat=46.20736&mlon=8.25267&zoom=14
"Italia, Varzo, Ferrovia del Sempione, Ponte, Gesamtansicht","Simplonbahn. Blick auf eine Steinbrücke über die Doveria. Rio Confinale Tunnel, S. Giovanni Tunnel, Diveria bridge",46.2067143,8.2544931,Nein,Varzo,lcmt-nabi-pctmp_ead_wehr_18107-B_pctmp.jpg,,1905,,Schweizerische Nationalbibliothek,Artur Wehrli,https://commons.wikimedia.org/entity/M145108312,"Italia, Varzo, Ferrovia del Sempione, Ponte","Simplonbahn. Blick auf eine Steinbrücke über die Doveria. Rio Confinale Tunnel, S. Giovanni Tunnel, Diveria bridge",1905,Artur Wehrli,,Italy,Piemonte,Varzo,46.20736,8.25267,3,True,0,0.16,https://www.openstreetmap.org/?mlat=46.20736&mlon=8.25267&zoom=14
"Italia, Strada del Sempione, Landschaft","Ansicht einer Steinbrücke, die über den Fluss Diveria führt. Ponte dell’Orco",46.1557224,8.3037533,Nein,Crevoladossola,lcmt-nabi-pctmp_ead_wehr_18108-B_pctmp.jpg,,1905,,Schweizerische Nationalbibliothek,Artur Wehrli,https://commons.wikimedia.org/entity/M145108283,"Italia, Strada del Sempione, Landschaft","Ansicht einer Steinbrücke, die über den Fluss Diveria führt. Ponte dell’Orco",1905,Artur Wehrli,,Italy,Piemonte,Crevoladossola,46.14858,8.29742,3,True,0,0.93,https://www.openstreetmap.org/?mlat=46.14858&mlon=8.29742&zoom=14
"Italia, Crevoladossola, Strada del Sempione, Landschaft",Blick auf die Ponte di Crevola und die umliegende Landschaft,46.1557224,8.3037533,Nein,Crevoladossola,lcmt-nabi-pctmp_ead_wehr_18109-B_pctmp.jpg,,1905,,Schweizerische Nationalbibliothek,Artur Wehrli,https://commons.wikimedia.org/entity/M145108118,"Crevoladossola, Strada del Sempione, Landschaft",Blick auf die Ponte di Crevola und die umliegende Landschaft,1905,Artur Wehrli,,Italy,Piemonte,Crevoladossola,46.14858,8.29742,3,True,0,0.93,https://www.openstreetmap.org/?mlat=46.14858&mlon=8.29742&zoom=14
"Rigi, Panorama",Blick von der Rigi auf Glärnisch und Mythen,47.0566777,8.4852649,Nein,Rigi,lcmt-nabi-pctmp_ead_wehr_1811-B_pctmp.jpg,Schwyz,1906,,Schweizerische Nationalbibliothek,Artur Wehrli,https://commons.wikimedia.org/entity/M144086326,"Rigi, Panorama",Blick von der Rigi auf Glärnisch und Mythen,1906,Artur Wehrli,,Switzerland,Kanton Schwyz,Rigi,47.05102,8.49127,5,False,0,0.78,https://www.openstreetmap.org/?mlat=47.05102&mlon=8.49127&zoom=14
"Italia, Crevoladossola, Ortsteilansicht",Blick entlang des Flusses Diveria auf die Ponte di Crevola und einige umstehende Häuser,46.1557224,8.3037533,Nein,Crevoladossola,lcmt-nabi-pctmp_ead_wehr_18112-B_pctmp.jpg,,1906,,Schweizerische Nationalbibliothek,Bruno Wehrli,https://commons.wikimedia.org/entity/M145108057,"Crevoladossola, Ortsteilansicht",Blick entlang des Flusses Diveria auf die Ponte di Crevola und einige umstehende Häuser,1906,Bruno Wehrli,,Italy,Piemonte,Crevoladossola,46.14858,8.29742,3,True,0,0.93,https://www.openstreetmap.org/?mlat=46.14858&mlon=8.29742&zoom=14
"Italia, Domodossola, Ortsgesamtansicht","Blick auf Domodossola, im Vordergrund der Monte Calvario",46.1152451,8.2920459,Nein,Domodossola,lcmt-nabi-pctmp_ead_wehr_18113-B_pctmp.jpg,,1906,,Schweizerische Nationalbibliothek,Bruno Wehrli,https://commons.wikimedia.org/entity/M145108026,"Domodossola, Ortsgesamtansicht","Blick auf Domodossola, im Vordergrund der Monte Calvario",1906,Bruno Wehrli,,Italy,Piemonte,Domodossola,46.1076949,8.2865812,4,False,1,0.94,https://www.openstreetmap.org/?mlat=46.1076949&mlon=8.2865812&zoom=14
"Italia, Domodossola, Ortsgesamtansicht",Blick vom Monte Calvario aus auf Domodossola,46.1152451,8.2920459,Nein,Domodossola,lcmt-nabi-pctmp_ead_wehr_18114-B_pctmp.jpg,,1906,,Schweizerische Nationalbibliothek,Carl Jaeger,https://commons.wikimedia.org/entity/M145108000,"Domodossola, Ortsgesamtansicht",Blick vom Monte Calvario aus auf Domodossola,1906,Carl Jaeger,,Italy,Piemonte,Domodossola,46.1076949,8.2865812,4,False,1,0.94,https://www.openstreetmap.org/?mlat=46.1076949&mlon=8.2865812&zoom=14
"Italia, Domodossola, Ortsgesamtansicht",Blick über Domodossola,46.1152451,8.2920459,Nein,Domodossola,lcmt-nabi-pctmp_ead_wehr_18115-B_pctmp.jpg,,1906,,Schweizerische Nationalbibliothek,Bruno Wehrli,https://commons.wikimedia.org/entity/M145107936,"Domodossola, Ortsgesamtansicht",Blick über Domodossola,1906,Bruno Wehrli,,Italy,Piemonte,Domodossola,46.1165,8.29313,3,True,0,0.16,https://www.openstreetmap.org/?mlat=46.1165&mlon=8.29313&zoom=14
"Italia, Domodossola, Ortsteilansicht",Via Sempione in Domodossola,46.1152451,8.2920459,Nein,Domodossola,lcmt-nabi-pctmp_ead_wehr_18116-B_pctmp.jpg,,1906,,Schweizerische Nationalbibliothek,Bruno Wehrli,https://commons.wikimedia.org/entity/M145107903,"Domodossola, Ortsteilansicht",Via Sempione in Domodossola,1906,Bruno Wehrli,,Italy,Piemonte,Domodossola,46.1287885,8.293954,4,False,1,1.51,https://www.openstreetmap.org/?mlat=46.1287885&mlon=8.293954&zoom=14
"Italia, Domodossola, Ortsteilansicht",Passanten in der Via Sempione in Domodossola,46.1152451,8.2920459,Nein,Domodossola,lcmt-nabi-pctmp_ead_wehr_18117-B_pctmp.jpg,,1906,,Schweizerische Nationalbibliothek,unknown photographer,https://commons.wikimedia.org/entity/M145107849,"Domodossola, Ortsteilansicht",Passanten in der Via Sempione in Domodossola,1906,,,Italy,Piemonte,Domodossola,46.1287885,8.293954,4,False,1,1.51,https://www.openstreetmap.org/?mlat=46.1287885&mlon=8.293954&zoom=14
"Italia, Domodossola, Ortsteilansicht",Marktplatz in Domodossola,46.1152451,8.2920459,Nein,Domodossola,lcmt-nabi-pctmp_ead_wehr_18118-B_pctmp.jpg,,1906,,Schweizerische Nationalbibliothek,Bruno Wehrli,https://commons.wikimedia.org/entity/M145107814,"Domodossola, Ortsteilansicht",Marktplatz in Domodossola,1906,Bruno Wehrli,,Italy,Piemonte,Domodossola,46.1165,8.29313,3,True,0,0.16,https://www.openstreetmap.org/?mlat=46.1165&mlon=8.29313&zoom=14
"Italia, Vogogna, Ortsteilansicht",Blick auf Vogogna runter,46.008976,8.293017,Nein,Vogogna,lcmt-nabi-pctmp_ead_wehr_18119-B_pctmp.jpg,,1906,,Schweizerische Nationalbibliothek,Bruno Wehrli,https://commons.wikimedia.org/entity/M145107789,"Vogogna, Ortsteilansicht",Blick auf Vogogna runter,1906,Bruno Wehrli,,Italy,Piemonte,Vogogna,46.01002,8.29137,3,True,0,0.17,https://www.openstreetmap.org/?mlat=46.01002&mlon=8.29137&zoom=14
"Rigi, Panorama",Blick von der Rigi über die Glarneralpen,47.0566777,8.4852649,Nein,Rigi,lcmt-nabi-pctmp_ead_wehr_1812-B_pctmp.jpg,Schwyz,1906,,Schweizerische Nationalbibliothek,Artur Wehrli,https://commons.wikimedia.org/entity/M144086401,"Rigi, Panorama",Blick von der Rigi über die Glarneralpen,1906,Artur Wehrli,,Switzerland,Kanton Schwyz,Rigi,47.05102,8.49127,5,False,0,0.78,https://www.openstreetmap.org/?mlat=47.05102&mlon=8.49127&zoom=14
"Italia, Cuzzano, Landschaft",Blick auf einige Häuserdächer Cuzzanos und die umliegende Landschaft,44.4195032,11.0999012,Nein,Cuzzano,lcmt-nabi-pctmp_ead_wehr_18121-B_pctmp.jpg,,1906,,Schweizerische Nationalbibliothek,Bruno Wehrli,https://commons.wikimedia.org/entity/M145107739,"Cuzzano, Landschaft",Blick auf einige Häuserdächer Cuzzanos und die umliegende Landschaft,1906,Bruno Wehrli,,Italy,Piemonte,Cuzzano,45.5113,11.01347,3,True,0,121.59,https://www.openstreetmap.org/?mlat=45.5113&mlon=11.01347&zoom=14
"Italia, Stresa, Grand Hotel des Iles Borromées, Gesamtaussenansicht",Ansicht des Grand Hotel des Iles Borromées in Stresa,45.8837277,8.5390268,Nein,Stresa,lcmt-nabi-pctmp_ead_wehr_18122-B_pctmp.jpg,,1906,,Schweizerische Nationalbibliothek,Bruno Wehrli,https://commons.wikimedia.org/entity/M145107704,"Stresa, Grand Hotel des Iles Borromées",Ansicht des Grand Hotel des Iles Borromées in Stresa,1906,Bruno Wehrli,,Italy,Piemonte,Stresa,45.8839,8.5415,5,False,0,0.19,https://www.openstreetmap.org/?mlat=45.8839&mlon=8.5415&zoom=14
"Italia, Stresa, Denkmal des Königs Umberto I., Gesamtansicht",Ansicht des Denkmals des Königs Umberto I.,45.8837277,8.5390268,Nein,Stresa,lcmt-nabi-pctmp_ead_wehr_18123-B_pctmp.jpg,,1906,,Schweizerische Nationalbibliothek,Bruno Wehrli,https://commons.wikimedia.org/entity/M145107684,"Stresa, Denkmal des Königs Umberto I.",Ansicht des Denkmals des Königs Umberto I.,1906,Bruno Wehrli,,Italy,Piemonte,Stresa,45.88158,8.53834,3,True,0,0.24,https://www.openstreetmap.org/?mlat=45.88158&mlon=8.53834&zoom=14
"Italia, Stresa, Ortsteilansicht","Teilansicht von Stresa mit Blick über den Lago Maggiore auf Pallanza, einem Stadtteil von Verbania",45.8837277,8.5390268,Nein,Stresa,lcmt-nabi-pctmp_ead_wehr_18124-B_pctmp.jpg,,1906,,Schweizerische Nationalbibliothek,Bruno Wehrli,https://commons.wikimedia.org/entity/M145107654,"Stresa, Ortsteilansicht","Teilansicht von Stresa mit Blick über den Lago Maggiore auf Pallanza, einem Stadtteil von Verbania",1906,Bruno Wehrli,,Italy,Piemonte,Stresa,45.88158,8.53834,3,True,0,0.24,https://www.openstreetmap.org/?mlat=45.88158&mlon=8.53834&zoom=14
"Rigi, Panorama",Blick von der Rigi über die Glarneralpen,47.0566777,8.4852649,Nein,Rigi,lcmt-nabi-pctmp_ead_wehr_1813-B_pctmp.jpg,Schwyz,1906,,Schweizerische Nationalbibliothek,Artur Wehrli,https://commons.wikimedia.org/entity/M144086492,"Rigi, Panorama",Blick von der Rigi über die Glarneralpen,1906,Artur Wehrli,,Switzerland,Kanton Schwyz,Rigi,47.05102,8.49127,5,False,0,0.78,https://www.openstreetmap.org/?mlat=47.05102&mlon=8.49127&zoom=14
"Menzigen, Kloster Maria Hilf, Teilaussenansicht",Innenhof des Klosters Maria Hilf auf dem Gubel bei Menzingen,47.178291,8.5899339,Nein,Menzingen,lcmt-nabi-pctmp_ead_wehr_1815-B_pctmp.jpg,Zug,1906,,Schweizerische Nationalbibliothek,Artur Wehrli,https://commons.wikimedia.org/entity/M144086680,"Menzingen, Kloster Maria Hilf",Innenhof des Klosters Maria Hilf auf dem Gubel bei Menzingen,1906,Artur Wehrli,,Switzerland,Kanton Zug,Menzingen,47.17764,8.59215,3,True,0,0.18,https://www.openstreetmap.org/?mlat=47.17764&mlon=8.59215&zoom=14
"Italia, Ferrovia Menaggio-Porlezza, Landschaft",Blick entlang der Schienen der Ferrovia Menaggio-Porlezza gegen den Monte Legnone,,,Nein,"Italien, [Lokalisierung unsicher]",lcmt-nabi-pctmp_ead_wehr_18239-B_pctmp.jpg,,1906,,Schweizerische Nationalbibliothek,Artur Wehrli,https://commons.wikimedia.org/entity/M145082775,"Ferrovia Menaggio-Porlezza, Landschaft",Blick entlang der Schienen der Ferrovia Menaggio-Porlezza gegen den Monte Legnone,1906,Artur Wehrli,,Italy,Lombardia,"Italien, [Lokalisierung unsicher]",,,0,False,0,,
"Italia, Menaggio, Ferrovia Menaggio-Porlezza, Landschaft",Blick entlang der Schienen der Ferrovia Menaggio-Porlezza bei Menaggio gegen den Comer See,,,Nein,"Italien, [Lokalisierung unsicher]",lcmt-nabi-pctmp_ead_wehr_18240-B_pctmp.jpg,,1906,,Schweizerische Nationalbibliothek,Artur Wehrli,https://commons.wikimedia.org/entity/M145082713,"Menaggio, Ferrovia Menaggio-Porlezza",Blick entlang der Schienen der Ferrovia Menaggio-Porlezza bei Menaggio gegen den Comer See,1906,Artur Wehrli,,Italy,Lombardia,"Italien, [Lokalisierung unsicher]",,,0,False,0,,
"Locarno, Ortsteilansicht",Blick über den Lago Maggiore auf Locarno,46.1695739,8.7954859,Nein,Locarno,lcmt-nabi-pctmp_ead_wehr_18243-B_pctmp.jpg,Tessin,1906,,Schweizerische Nationalbibliothek,Artur Wehrli,https://commons.wikimedia.org/entity/M145082661,"Locarno, Ortsteilansicht",Blick über den Lago Maggiore auf Locarno,1906,Artur Wehrli,,Switzerland,Cantone Ticino,Locarno,46.17086,8.79953,3,True,0,0.34,https://www.openstreetmap.org/?mlat=46.17086&mlon=8.79953&zoom=14
"Italia, Formazza, Cascata del Toce, Teilansicht",Blick auf einen Teilabschnitt des Cascata del Toce,46.3918968,8.3904006,Nein,Formazza,lcmt-nabi-pctmp_ead_wehr_18287-B_pctmp.jpg,,1906,,Schweizerische Nationalbibliothek,Artur Wehrli,https://commons.wikimedia.org/entity/M145081000,"Italia, Formazza, Cascata del Toce, Teilansicht",Blick auf einen Teilabschnitt des Cascata del Toce,1906,Artur Wehrli,,Italy,Piemonte,Formazza,46.37689,8.42571,3,True,0,3.18,https://www.openstreetmap.org/?mlat=46.37689&mlon=8.42571&zoom=14
"Italia, Formazza, Cascata del Toce, Teilansicht",Blick auf einen Teilabschnitt des Cascata del Toce,46.3918968,8.3904006,Nein,Formazza,lcmt-nabi-pctmp_ead_wehr_18288-B_pctmp.jpg,,1906,,Schweizerische Nationalbibliothek,Artur Wehrli,https://commons.wikimedia.org/entity/M145080964,"Italia, Formazza, Cascata del Toce, Teilansicht",Blick auf einen Teilabschnitt des Cascata del Toce,1906,Artur Wehrli,,Italy,Piemonte,Formazza,46.37689,8.42571,3,True,0,3.18,https://www.openstreetmap.org/?mlat=46.37689&mlon=8.42571&zoom=14
"Italia, Formazza, Cascata del Toce, Teilansicht","Blick auf einen Teilabschnitt des Cascata del Toce, an der Hangkante des Wasserfalls steht der Gasthof Albergo Cascata Toce",,,Nein,Formazzatal,lcmt-nabi-pctmp_ead_wehr_18289-B_pctmp.jpg,,1906,,Schweizerische Nationalbibliothek,Artur Wehrli,https://commons.wikimedia.org/entity/M145080931,"Italia, Formazza, Cascata del Toce, Teilansicht","Blick auf einen Teilabschnitt des Cascata del Toce, an der Hangkante des Wasserfalls steht der Gasthof Albergo Cascata Toce",1906,Artur Wehrli,,Italy,Piemonte,Formazza,46.37689,8.42571,3,True,0,,https://www.openstreetmap.org/?mlat=46.37689&mlon=8.42571&zoom=14
"Italia, Domodossola, Monte Calvario, Ortsgesamtansicht",Monte Calvario in Domodossola,45.945616,13.5915995,Nein,Monte Calvario,lcmt-nabi-pctmp_ead_wehr_18290-B_pctmp.jpg,,1906,,Schweizerische Nationalbibliothek,Artur Wehrli,https://commons.wikimedia.org/entity/M145080872,"Italia, Domodossola, Monte Calvario",Monte Calvario in Domodossola,1906,Artur Wehrli,,Italy,Piemonte,Monte Calvario,41.0,15.3833,5,False,0,568.57,https://www.openstreetmap.org/?mlat=41.0&mlon=15.3833&zoom=14
"Italia, Val Antigorio, Strada, Teilansicht",Frauen und Kinder auf einer Strasse im Val Antigorio,46.2492688,8.3193822,Nein,Val Antigorio,lcmt-nabi-pctmp_ead_wehr_18291-B_pctmp.jpg,,1906,,Schweizerische Nationalbibliothek,Artur Wehrli,https://commons.wikimedia.org/entity/M145080841,"Italia, Val Antigorio, Strada, Teilansicht",Frauen und Kinder auf einer Strasse im Val Antigorio,1906,Artur Wehrli,,Italy,Piemonte,Val Antigorio,46.2492689,8.3193822,2,True,1,0.0,https://www.openstreetmap.org/?mlat=46.2492689&mlon=8.3193822&zoom=14
"Italia, Val Antigorio, Hotel Fopiano, Teilaussenansicht",Ansicht des Hotels Fopiana und weitere Häuser im Val Antigorio,46.2492688,8.3193822,Nein,Val Antigorio,lcmt-nabi-pctmp_ead_wehr_18292-B_pctmp.jpg,,1906,,Schweizerische Nationalbibliothek,Artur Wehrli,https://commons.wikimedia.org/entity/M145080804,"Italia, Val Antigorio, Hotel Fopiano",Ansicht des Hotels Fopiana und weitere Häuser im Val Antigorio,1906,Artur Wehrli,,Italy,Piemonte,Val Antigorio,46.2492689,8.3193822,2,True,1,0.0,https://www.openstreetmap.org/?mlat=46.2492689&mlon=8.3193822&zoom=14
"Passo San Giacomo, Panorama",San Giacomo Pass beim Pizzo Rotondo,46.5059338,8.5114708,Nein,Bedretto,lcmt-nabi-pctmp_ead_wehr_18293-B_pctmp.jpg,Tessin,1906,,Schweizerische Nationalbibliothek,Artur Wehrli,https://commons.wikimedia.org/entity/M145080772,"Passo San Giacomo, Panorama",San Giacomo Pass beim Pizzo Rotondo,1906,Artur Wehrli,,Switzerland,Cantone Ticino,Bedretto,46.45899,8.45223,5,False,0,6.92,https://www.openstreetmap.org/?mlat=46.45899&mlon=8.45223&zoom=14
"Italia, Bellagio, Ortsteilansicht","Blick auf Zypressen, die vor einem alten steinernen Turm wachsen",45.9872549,9.2613001,Nein,Bellagio,lcmt-nabi-pctmp_ead_wehr_18342-B_pctmp.jpg,,circa 1906,,Schweizerische Nationalbibliothek,Anton Krenn,https://commons.wikimedia.org/entity/M145079050,"Italia, Bellagio, Ortsteilansicht","Blick auf Zypressen, die vor einem alten steinernen Turm wachsen",1906,Anton Krenn,,Italy,Lombardia,Bellagio,45.98772,9.26182,3,True,0,0.07,https://www.openstreetmap.org/?mlat=45.98772&mlon=9.26182&zoom=14
"de Garda, Parco San Vigilio, Teilansicht.","de Garda. Blick auf auf vier antike Büsten, die im Parco San Vigilio stehen, dahinter wachsen Zypressen.",,,Nein, depicted place=Garda,lcmt-nabi-pctmp_ead_wehr_18343-B_pctmp.jpg,,circa 1906,,Schweizerische Nationalbibliothek,Anton Krenn,https://commons.wikimedia.org/entity/M145079016,"de Garda, Parco San Vigilio, Teilansicht","de Garda. Blick auf auf vier antike Büsten, die im Parco San Vigilio stehen, dahinter wachsen Zypressen.",1906,Anton Krenn,,Italy,Veneto,Garda,45.57889,10.71763,3,True,0,,https://www.openstreetmap.org/?mlat=45.57889&mlon=10.71763&zoom=14
"Itallia, Landschaft [Lokalisierung unsicher]",Zitronen-Bäume,,,Nein,"Italien, [Lokalisierung unsicher]",lcmt-nabi-pctmp_ead_wehr_18344-B_pctmp.jpg,,circa 1906,,Schweizerische Nationalbibliothek,unknown photographer,https://commons.wikimedia.org/entity/M145078989,"Italia, Landschaft [Lokalisierung unsicher]",Zitronen-Bäume,1906,,,Italy,,"Italien, [Lokalisierung unsicher]",,,0,False,0,,
"Rütli, Rütlihaus, Gesamtaussenansicht",Seitenansicht des Rütlihauses mit Blick über den See und auf die Mythen,47.4816535,9.4115879,Nein,Rütli,lcmt-nabi-pctmp_ead_wehr_1839-B_pctmp.jpg,Uri,1906,,Schweizerische Nationalbibliothek,Artur Wehrli,https://commons.wikimedia.org/entity/M144087558,"Rütli, Rütlihaus, Gesamtaussenansicht",Seitenansicht des Rütlihauses mit Blick über den See und auf die Mythen,1906,Artur Wehrli,,Switzerland,Kanton Uri,Rütli,46.9694223,8.5921361,4,False,1,84.1,https://www.openstreetmap.org/?mlat=46.9694223&mlon=8.5921361&zoom=14
"Heiden, Ortsteilansicht","Blick auf Heiden, mit der evangelischen Kirche",47.4421715,9.532089,Nein,Heiden,lcmt-nabi-pctmp_ead_wehr_18491-B_pctmp.jpg,Appenzell Ausserrhoden,circa 1910,,Schweizerische Nationalbibliothek,unknown photographer,https://commons.wikimedia.org/entity/M145077507,"Heiden, Ortsteilansicht","Blick auf Heiden, mit der evangelischen Kirche",1910,,,Switzerland,Kanton Appenzell Ausserrhoden,Heiden,47.44255,9.53293,3,True,0,0.08,https://www.openstreetmap.org/?mlat=47.44255&mlon=9.53293&zoom=14
"Flüelen, Ortsteilansicht","Vorne der Vierwaldstättersee, dahinter die Häuser von Flüelen, zentral am Horizont der Bristenstock",46.9027239,8.6253481,Nein,Flüelen,lcmt-nabi-pctmp_ead_wehr_1901-B_pctmp.jpg,Uri,circa 1906,,Schweizerische Nationalbibliothek,unknown photographer,https://commons.wikimedia.org/entity/M144091632,"Flüelen, Ortsteilansicht","Vorne der Vierwaldstättersee, dahinter die Häuser von Flüelen, zentral am Horizont der Bristenstock",1906,,,Switzerland,Kanton Uri,Flüelen,46.90478,8.62396,3,True,0,0.25,https://www.openstreetmap.org/?mlat=46.90478&mlon=8.62396&zoom=14
"Kloster Fahr, Landschaft","Limmat, Ufer mit Schilfgras, Sträuchern und Bäumen; im Hintergrund durch die Bäume ein Gebäude des Klosters Fahr schemenhaft sichtbar",47.4081145,8.4387394,Nein,Kloster Fahr,lcmt-nabi-pctmp_ead_wehr_19819-B_pctmp.jpg,Aargau,circa 1910,,Schweizerische Nationalbibliothek,Artur Wehrli,https://commons.wikimedia.org/entity/M145076163,"Kloster Fahr, Landschaft","Limmat, Ufer mit Schilfgras, Sträuchern und Bäumen; im Hintergrund durch die Bäume ein Gebäude des Klosters Fahr schemenhaft sichtbar",1910,Artur Wehrli,,Switzerland,Kanton Aargau,Kloster Fahr,47.40801,8.43847,5,False,0,0.02,https://www.openstreetmap.org/?mlat=47.40801&mlon=8.43847&zoom=14
"Bern, Frau in Berner Tracht, Gesamtansicht",Seitenansicht einer sitzenden Guggisbergerin mit Berner Tracht,46.8382351,7.6004502,Nein,Kanton Bern,lcmt-nabi-pctmp_ead_wehr_20-B_pctmp.jpg,Bern,circa 1905,,Schweizerische Nationalbibliothek,unknown photographer,https://commons.wikimedia.org/entity/M144126693,"Bern, Frau in Berner Tracht",Seitenansicht einer sitzenden Guggisbergerin mit Berner Tracht,1905,,,Switzerland,Canton de Berne,Bern,46.94809,7.44744,3,True,0,16.86,https://www.openstreetmap.org/?mlat=46.94809&mlon=7.44744&zoom=14
"Engelberg, Ortsgesamtansicht",Engelberg mit der Hutstockkette,46.8223497,8.4043996,Nein,Engelberg,lcmt-nabi-pctmp_ead_wehr_20009-B_pctmp.jpg,Graubünden,1911-03,,Schweizerische Nationalbibliothek,Artur Wehrli,https://commons.wikimedia.org/entity/M145073354,"Engelberg, Ortsgesamtansicht",Engelberg mit der Hutstockkette,1911:03,Artur Wehrli,,Switzerland,Kanton Graubünden,Engelberg,46.81971,8.43409,3,True,0,2.28,https://www.openstreetmap.org/?mlat=46.81971&mlon=8.43409&zoom=14
"Schweiz, Landschaft [Lokalisierung unsicher]","Blick über eine Sumpflandschaft, am Horizont ein Dorf",,,Nein,"Schweiz, [Lokalisierung unsicher]",lcmt-nabi-pctmp_ead_wehr_20143-B_pctmp.jpg,,1910,,Schweizerische Nationalbibliothek,Riffel,https://commons.wikimedia.org/entity/M145072401,"Schweiz, Landschaft [Lokalisierung unsicher]","Blick über eine Sumpflandschaft, am Horizont ein Dorf",1910,Riffel,,Switzerland,,"Schweiz, [Lokalisierung unsicher]",,,0,False,0,,
"Brunnen, Ortsteilansicht","Blick entlang des Ufers des Vierwaldstättersees auf das Grand Hotel, daneben das Dampfschiff 'Schwyz'",46.9940439,8.6054085,Nein,Brunnen,lcmt-nabi-pctmp_ead_wehr_20144-B_pctmp.jpg,Schwyz,1910,,Schweizerische Nationalbibliothek,Riffel,https://commons.wikimedia.org/entity/M145072343,"Brunnen, Ortsteilansicht","Blick entlang des Ufers des Vierwaldstättersees auf das Grand Hotel, daneben das Dampfschiff 'Schwyz'",1910,Riffel,,Switzerland,Kanton Schwyz,Brunnen,46.9936,8.60538,3,True,0,0.05,https://www.openstreetmap.org/?mlat=46.9936&mlon=8.60538&zoom=14
"Basel, Elisabethenkirche, Teilaussenansicht",Ansicht der Elisabethenkirche,47.5581077,7.5878261,Nein,Basel,lcmt-nabi-pctmp_ead_wehr_20151-B_pctmp.jpg,Basel-Stadt,1911-04,,Schweizerische Nationalbibliothek,Artur Wehrli,https://commons.wikimedia.org/entity/M145071871,"Basel, Elisabethenkirche",Ansicht der Elisabethenkirche,1911:04,Artur Wehrli,,Switzerland,Basel-Stadt,Basel,47.5527658,7.5909843,4,False,1,0.64,https://www.openstreetmap.org/?mlat=47.5527658&mlon=7.5909843&zoom=14
"Italia, Pallanza, Ortsteilansicht",Pallanza mit der Isola San Giovanni,45.9230169,8.5497586,Nein,Pallanza,lcmt-nabi-pctmp_ead_wehr_20193-B_pctmp.jpg,,1911-03,,Schweizerische Nationalbibliothek,Artur Wehrli,https://commons.wikimedia.org/entity/M145068210,"Italia, Pallanza, Ortsteilansicht",Pallanza mit der Isola San Giovanni,1911:03,Artur Wehrli,,Italy,Piemonte,Pallanza,45.92298,8.55045,3,True,0,0.05,https://www.openstreetmap.org/?mlat=45.92298&mlon=8.55045&zoom=14
"Italia, Pallanza, Ortsteilansicht",Pallanza mit der Isola San Giovanni,45.9230169,8.5497586,Nein,Pallanza,lcmt-nabi-pctmp_ead_wehr_20195-B_pctmp.jpg,,1911-03,,Schweizerische Nationalbibliothek,Artur Wehrli,https://commons.wikimedia.org/entity/M145068131,"Italia, Pallanza, Ortsteilansicht",Pallanza mit der Isola San Giovanni,1911:03,Artur Wehrli,,Italy,Piemonte,Pallanza,45.92298,8.55045,3,True,0,0.05,https://www.openstreetmap.org/?mlat=45.92298&mlon=8.55045&zoom=14
"Lago Maggiore, Landschaft",Blick auf Isola San Giovanni und den Mattarone im Hintergrund,45.9510936,8.6341652,Nein,Lago Maggiore,lcmt-nabi-pctmp_ead_wehr_20197-B_pctmp.jpg,Tessin,1911-03,,Schweizerische Nationalbibliothek,Artur Wehrli,https://commons.wikimedia.org/entity/M145068086,"Lago Maggiore, Landschaft",Blick auf Isola San Giovanni und den Mattarone im Hintergrund,1911:03,Artur Wehrli,,Italy,Tessin,Lago Maggiore,46.01175,8.70754,5,False,0,8.81,https://www.openstreetmap.org/?mlat=46.01175&mlon=8.70754&zoom=14
"Italia, Isola Bella, Ortsgesamtansicht",Blick die Isola Bella und den Lago Maggiore,45.8953977,8.5273053,Nein,Isola Bella,lcmt-nabi-pctmp_ead_wehr_20199-B_pctmp.jpg,,1911-03,,Schweizerische Nationalbibliothek,Artur Wehrli,https://commons.wikimedia.org/entity/M145067984,"Italia, Isola Bella, Ortsgesamtansicht",Blick die Isola Bella und den Lago Maggiore,1911:03,Artur Wehrli,,Italy,Piemonte,Isola Bella,45.89556,8.52676,5,False,0,0.05,https://www.openstreetmap.org/?mlat=45.89556&mlon=8.52676&zoom=14
"Italia, Isola bella, Landschaft",Blick vom Ufer durch Bäume hindurch auf die Isola bella,45.8953977,8.5273053,Nein,Isola bella,lcmt-nabi-pctmp_ead_wehr_20200-B_pctmp.jpg,,1911-03,,Schweizerische Nationalbibliothek,Artur Wehrli,https://commons.wikimedia.org/entity/M145067925,"Italia, Isola bella, Landschaft",Blick vom Ufer durch Bäume hindurch auf die Isola bella,1911:03,Artur Wehrli,,Italy,Piemonte,Isola bella,45.89556,8.52676,5,False,0,0.05,https://www.openstreetmap.org/?mlat=45.89556&mlon=8.52676&zoom=14
"Italia, Isola Bella, Ortsgesamtansicht",Blick auf die Isola Bella und den Lago Maggiore,45.8953977,8.5273053,Nein,Isola Bella,lcmt-nabi-pctmp_ead_wehr_20201-B_pctmp.jpg,,1911-03,,Schweizerische Nationalbibliothek,Artur Wehrli,https://commons.wikimedia.org/entity/M145067774,"Italia, Isola Bella, Ortsgesamtansicht",Blick auf die Isola Bella und den Lago Maggiore,1911:03,Artur Wehrli,,Italy,Piemonte,Isola Bella,45.89556,8.52676,5,False,0,0.05,https://www.openstreetmap.org/?mlat=45.89556&mlon=8.52676&zoom=14
"Italia, Isola Bella, Ortsgesamtansicht",Blick auf die Isola Bella und den Lago Maggiore,45.8953977,8.5273053,Nein,Isola Bella,lcmt-nabi-pctmp_ead_wehr_20202-B_pctmp.jpg,,1911-03,,Schweizerische Nationalbibliothek,Artur Wehrli,https://commons.wikimedia.org/entity/M145067708,"Italia, Isola Bella, Ortsgesamtansicht",Blick auf die Isola Bella und den Lago Maggiore,1911:03,Artur Wehrli,,Italy,Piemonte,Isola Bella,45.89556,8.52676,5,False,0,0.05,https://www.openstreetmap.org/?mlat=45.89556&mlon=8.52676&zoom=14
"Italia, Isola Bella, Ortsgesamtansicht",Blick auf die Isola Bella und den Lago Maggiore gegen Pallanza,45.8953977,8.5273053,Nein,Isola Bella,lcmt-nabi-pctmp_ead_wehr_20203-B_pctmp.jpg,,1911-03,,Schweizerische Nationalbibliothek,Artur Wehrli,https://commons.wikimedia.org/entity/M145067626,"Italia, Isola Bella, Ortsgesamtansicht",Blick auf die Isola Bella und den Lago Maggiore gegen Pallanza,1911:03,Artur Wehrli,,Italy,Piemonte,Isola Bella,45.89556,8.52676,5,False,0,0.05,https://www.openstreetmap.org/?mlat=45.89556&mlon=8.52676&zoom=14
"Italia, Lago Maggiore, Landschaft",Blick auf den Lago Maggiore mit den Isole Borromee gegen Pallanza,45.9510936,8.6341652,Nein,Lago Maggiore,lcmt-nabi-pctmp_ead_wehr_20204-B_pctmp.jpg,,1911-03,,Schweizerische Nationalbibliothek,Artur Wehrli,https://commons.wikimedia.org/entity/M145067567,"Italia, Lago Maggiore, Landschaft",Blick auf den Lago Maggiore mit den Isole Borromee gegen Pallanza,1911:03,Artur Wehrli,,Italy,Piemonte,Lago Maggiore,46.01175,8.70754,5,False,0,8.81,https://www.openstreetmap.org/?mlat=46.01175&mlon=8.70754&zoom=14
"Engelberg, Umgebung/Flühmatt, Landschaft",Sicht von der Flühmatt mit Spannörtern,47.1423292,7.8850848,Nein,Flühmatt,lcmt-nabi-pctmp_ead_wehr_2021-B_pctmp.jpg,Obwalden,circa 1906,,Schweizerische Nationalbibliothek,unknown photographer,https://commons.wikimedia.org/entity/M144118673,"Engelberg, Umgebung/Flühmatt, Landschaft",Sicht von der Flühmatt mit Spannörtern,1906,,,Switzerland,Kanton Obwalden,Flühmatt,47.14239,7.88673,5,False,0,0.12,https://www.openstreetmap.org/?mlat=47.14239&mlon=7.88673&zoom=14
"Schweiz, Landschaft [Lokalisierung unsicher]","Landschaft mit einem Bach, Birken und zwei Häusern im Hintergrund",,,Nein,"Schweiz, [Lokalisierung unsicher]",lcmt-nabi-pctmp_ead_wehr_20305-B_pctmp.jpg,,1911,,Schweizerische Nationalbibliothek,Riffel,https://commons.wikimedia.org/entity/M145064464,"Schweiz, Landschaft [Lokalisierung unsicher]","Landschaft mit einem Bach, Birken und zwei Häusern im Hintergrund",1911,Riffel,,Switzerland,,"Schweiz, [Lokalisierung unsicher]",,,0,False,0,,
"Zürich, Landschaft [Lokalisierung unsicher]",Blühende Obstbäume im Kanton Zürich,47.3744489,8.5410422,Nein,Zürich,lcmt-nabi-pctmp_ead_wehr_20306-B_pctmp.jpg,Zürich,1911,,Schweizerische Nationalbibliothek,Riffel,https://commons.wikimedia.org/entity/M145064432,"Zürich, Landschaft [Lokalisierung unsicher]",Blühende Obstbäume im Kanton Zürich,1911,Riffel,,Switzerland,Kanton Zürich,Zürich,,,0,False,0,,
"Lugano, Hôtel Imperial Palace, Gesamtaussenansicht","Lugano Paradiso, Viale Giuseppe Cattori, Ansicht des Hôtels Imperial Palace (heute Hotel de la Paix), links Schild und Zaun des Hotels Sommer, rechts Deutsche Pension Villa Federico",46.0050102,8.9520281,Nein,Lugano,lcmt-nabi-pctmp_ead_wehr_20311-B_pctmp.jpg,Tessin,1911,,Schweizerische Nationalbibliothek,Artur Wehrli,https://commons.wikimedia.org/entity/M145064229,"Lugano, Hôtel Imperial Palace","Lugano Paradiso, Viale Giuseppe Cattori, Ansicht des Hôtels Imperial Palace (heute Hotel de la Paix), links Schild und Zaun des Hotels Sommer, rechts Deutsche Pension Villa Federico",1911,Artur Wehrli,,Switzerland,Cantone Ticino,Lugano,46.01008,8.96004,3,True,0,0.84,https://www.openstreetmap.org/?mlat=46.01008&mlon=8.96004&zoom=14
"France, Évian-les-Bains, Port, Ortsteilansicht","fr Port d'Évian-les-Bains. Une barque du Léman transporte du sable (brouettes, pelles). À l'arrière plan le bateau à vapeur Léman quitte le débarcadère avec ses passagers. D'autres personnes sont sur le débarcadère, un petit pont y donne accès. Le phare d'Évian est visible au fond.",46.400979,6.5897931,Nein,Évian-les-Bains,lcmt-nabi-pctmp_ead_wehr_20347-B_pctmp.jpg,,1911-06,,Schweizerische Nationalbibliothek,Jean Gaberell,https://commons.wikimedia.org/entity/M145063191,"France, Évian-les-Bains, Port","fr Port d'Évian-les-Bains. Une barque du Léman transporte du sable (brouettes, pelles). À l'arrière plan le bateau à vapeur Léman quitte le débarcadère avec ses passagers. D'autres personnes sont sur le débarcadère, un petit pont y donne accès. Le phare d'Évian est visible au fond.",,,,France,Auvergne-Rhône-Alpes,Évian-les-Bains,46.4012528,6.5936251,4,False,1,0.3,https://www.openstreetmap.org/?mlat=46.4012528&mlon=6.5936251&zoom=14
"Biel, Taubenlochschlucht, Teilansicht","Blick auf einen Teilabschnitt der Taubenlochschlucht, auf der befestigten Brücke stehen zwei Personen und blicken hinab in die Schlucht",47.1402077,7.2439029,Nein,Biel,lcmt-nabi-pctmp_ead_wehr_20348-B_pctmp.jpg,Bern,1911-06,,Schweizerische Nationalbibliothek,Jean Gaberell,https://commons.wikimedia.org/entity/M145063144,"Biel, Taubenlochschlucht, Teilansicht","Blick auf einen Teilabschnitt der Taubenlochschlucht, auf der befestigten Brücke stehen zwei Personen und blicken hinab in die Schlucht",1911:06,Jean Gaberell,,Switzerland,Canton de Berne,Biel,47.1543379,7.2656873,4,False,1,2.28,https://www.openstreetmap.org/?mlat=47.1543379&mlon=7.2656873&zoom=14
"Österreich, Innsbruck, Ortsgesamtansicht",Ansicht von Innsbruck,47.2654296,11.3927685,Nein,Innsbruck,lcmt-nabi-pctmp_ead_wehr_20407-B_pctmp.jpg,,1911-05,,Schweizerische Nationalbibliothek,Artur Wehrli,https://commons.wikimedia.org/entity/M145062572,"Österreich, Innsbruck, Ortsgesamtansicht",Ansicht von Innsbruck,1911:05,Artur Wehrli,,Austria,Tirol,Innsbruck,47.26266,11.39454,3,True,0,0.34,https://www.openstreetmap.org/?mlat=47.26266&mlon=11.39454&zoom=14
"Österreich, Innsbruck, Ortsteilansicht",Ansicht der Kaiserin-Elisabeth-Strasse in Innsbruck,47.2654296,11.3927685,Nein,Innsbruck,lcmt-nabi-pctmp_ead_wehr_20408-B_pctmp.jpg,,1911-05,,Schweizerische Nationalbibliothek,Artur Wehrli,https://commons.wikimedia.org/entity/M145062530,"Österreich, Innsbruck, Ortsteilansicht",Ansicht der Kaiserin-Elisabeth-Strasse in Innsbruck,1911:05,Artur Wehrli,,Austria,Tirol,Innsbruck,47.26266,11.39454,3,True,0,0.34,https://www.openstreetmap.org/?mlat=47.26266&mlon=11.39454&zoom=14
"Österreich, Innsbruck, Triumphpforte, Teilansicht",Ansicht der Triumphpforte in Innsbruck,47.2654296,11.3927685,Nein,Innsbruck,lcmt-nabi-pctmp_ead_wehr_20409-B_pctmp.jpg,,1911-05,,Schweizerische Nationalbibliothek,Artur Wehrli,https://commons.wikimedia.org/entity/M145062479,"Österreich, Innsbruck, Triumphpforte",Ansicht der Triumphpforte in Innsbruck,1911:05,Artur Wehrli,,Austria,Tirol,Innsbruck,47.2625,11.3947,5,False,0,0.36,https://www.openstreetmap.org/?mlat=47.2625&mlon=11.3947&zoom=14
"Wassen, Ortsteilansicht",Wassen und die Gotthardbahn,46.7068488,8.5995804,Nein,Wassen,lcmt-nabi-pctmp_ead_wehr_2041-B_pctmp.jpg,Uri,circa 1906,,Schweizerische Nationalbibliothek,unknown photographer,https://commons.wikimedia.org/entity/M144122294,"Wassen, Ortsteilansicht",Wassen und die Gotthardbahn,1906,,,Switzerland,Kanton Uri,Wassen,46.70651,8.59881,3,True,0,0.07,https://www.openstreetmap.org/?mlat=46.70651&mlon=8.59881&zoom=14
"Österreich, Innsbruck, Andreas-Hofer-Denkmal, Gesamtansicht",Ansicht des Andreas-Hofer-Denkmals auf dem Bergisel in Innsbruck,47.2654296,11.3927685,Nein,Innsbruck,lcmt-nabi-pctmp_ead_wehr_20411-B_pctmp.jpg,,1911-05,,Schweizerische Nationalbibliothek,Artur Wehrli,https://commons.wikimedia.org/entity/M145062379,"Österreich, Innsbruck, Andreas-Hofer-Denkmal",Ansicht des Andreas-Hofer-Denkmals auf dem Bergisel in Innsbruck,1911:05,Artur Wehrli,,Austria,Tirol,Innsbruck,47.2504805,11.4006827,4,False,1,1.77,https://www.openstreetmap.org/?mlat=47.2504805&mlon=11.4006827&zoom=14
"Österreich, Innsbruck, Ortsteilansicht",Ansicht des Goldenen Dachls in Innsbruck,47.2654296,11.3927685,Nein,Innsbruck,lcmt-nabi-pctmp_ead_wehr_20412-B_pctmp.jpg,,1911-05,,Schweizerische Nationalbibliothek,Artur Wehrli,https://commons.wikimedia.org/entity/M145062306,"Österreich, Innsbruck, Goldenes Dachl",Ansicht des Goldenen Dachls in Innsbruck,1911:05,Artur Wehrli,,Austria,Tirol,Innsbruck,47.2686,11.3933,5,False,0,0.35,https://www.openstreetmap.org/?mlat=47.2686&mlon=11.3933&zoom=14
"Österreich, Innsbruck, Hofkirche, Teilinnenansicht",Bronzefigur des König Arthur in der Hofkirche Innsbrucks,47.2654296,11.3927685,Nein,Innsbruck,lcmt-nabi-pctmp_ead_wehr_20413-B_crop_pctmp.jpg,,1911-05,,Schweizerische Nationalbibliothek,Artur Wehrli,https://commons.wikimedia.org/entity/M147754710,"Österreich, Innsbruck, Hofkirche, Teilinnenansicht",Bronzefigur des König Arthur in der Hofkirche Innsbrucks,1911:05,Artur Wehrli,,Austria,Tirol,Innsbruck,47.2682057,11.3952622,4,False,1,0.36,https://www.openstreetmap.org/?mlat=47.2682057&mlon=11.3952622&zoom=14
"Österreich, Innsbruck, Hofkirche, Teilinnenansicht",Bronzefigur des König Arthur in der Hofkirche Innsbrucks,47.2654296,11.3927685,Nein,Innsbruck,lcmt-nabi-pctmp_ead_wehr_20413-B_pctmp.jpg,,1911-05,,Schweizerische Nationalbibliothek,Artur Wehrli,https://commons.wikimedia.org/entity/M145062233,"Österreich, Innsbruck, Hofkirche, Teilinnenansicht",Bronzefigur des König Arthur in der Hofkirche Innsbrucks,1911:05,Artur Wehrli,,Austria,Tirol,Innsbruck,47.2682057,11.3952622,4,False,1,0.36,https://www.openstreetmap.org/?mlat=47.2682057&mlon=11.3952622&zoom=14
"Österreich, Innsbruck, Hofkirche, Teilinnenansicht",Bronzefigur des Theoderich des Grossen in der Hofkirche Innsbrucks,47.2654296,11.3927685,Nein,Innsbruck,lcmt-nabi-pctmp_ead_wehr_20414-B_pctmp.jpg,,1911-05,,Schweizerische Nationalbibliothek,Artur Wehrli,https://commons.wikimedia.org/entity/M145062165,"Österreich, Innsbruck, Hofkirche, Teilinnenansicht",Bronzefigur des Theoderich des Grossen in der Hofkirche Innsbrucks,1911:05,Artur Wehrli,,Austria,Tirol,Innsbruck,47.2682057,11.3952622,4,False,1,0.36,https://www.openstreetmap.org/?mlat=47.2682057&mlon=11.3952622&zoom=14
"Italia, Meran, Ortsteilansicht",Blick über einen Teil Merans bis in das Vinschgau,46.6713536,11.1646348,Nein,Meran,lcmt-nabi-pctmp_ead_wehr_20415-B_pctmp.jpg,,1911-05,,Schweizerische Nationalbibliothek,Artur Wehrli,https://commons.wikimedia.org/entity/M145062137,"Italia, Meran, Ortsteilansicht",Blick über einen Teil Merans bis in das Vinschgau,1911:05,Artur Wehrli,,Italy,Trentino-Alto Adige,Meran,46.66817,11.15953,3,True,0,0.53,https://www.openstreetmap.org/?mlat=46.66817&mlon=11.15953&zoom=14
"Italia, Meran, Ortsteilansicht",Blick über einen Teil Merans bis in das Vinschgau,46.6713536,11.1646348,Nein,Meran,lcmt-nabi-pctmp_ead_wehr_20416-B_pctmp.jpg,,1911-05,,Schweizerische Nationalbibliothek,Artur Wehrli,https://commons.wikimedia.org/entity/M145062115,"Italia, Meran, Ortsteilansicht",Blick über einen Teil Merans bis in das Vinschgau,1911:05,Artur Wehrli,,Italy,Trentino-Alto Adige,Meran,46.66817,11.15953,3,True,0,0.53,https://www.openstreetmap.org/?mlat=46.66817&mlon=11.15953&zoom=14
"Italia, Meran, Ortsgesamtansicht",Ansicht Merans und des Val Passiria,46.6713536,11.1646348,Nein,Meran,lcmt-nabi-pctmp_ead_wehr_20417-B_pctmp.jpg,,1911-05,,Schweizerische Nationalbibliothek,Artur Wehrli,https://commons.wikimedia.org/entity/M145062077,"Italia, Meran, Ortsgesamtansicht",Ansicht Merans und des Val Passiria,1911:05,Artur Wehrli,,Italy,Trentino-Alto Adige,Meran,46.66817,11.15953,3,True,0,0.53,https://www.openstreetmap.org/?mlat=46.66817&mlon=11.15953&zoom=14
"Italia, Meran, Ortsgesamtansicht","Ansicht Merans, im Hintergrund die Zielspietze und den Tschigat",46.6713536,11.1646348,Nein,Meran,lcmt-nabi-pctmp_ead_wehr_20418-B_pctmp.jpg,,1911-05,,Schweizerische Nationalbibliothek,Artur Wehrli,https://commons.wikimedia.org/entity/M145062037,"Italia, Meran, Ortsgesamtansicht","Ansicht Merans, im Hintergrund die Zielspietze und den Tschigat",1911:05,Artur Wehrli,,Italy,Trentino-Alto Adige,Meran,46.66817,11.15953,3,True,0,0.53,https://www.openstreetmap.org/?mlat=46.66817&mlon=11.15953&zoom=14
"Italia, Meran, Ortsgesamtansicht","Ansicht Merans, im Hintergrund die Zielspietze und der Tschigat",46.6713536,11.1646348,Nein,Meran,lcmt-nabi-pctmp_ead_wehr_20419-B_pctmp.jpg,,1911-05,,Schweizerische Nationalbibliothek,Artur Wehrli,https://commons.wikimedia.org/entity/M145062004,"Italia, Meran, Ortsgesamtansicht","Ansicht Merans, im Hintergrund die Zielspietze und der Tschigat",1911:05,Artur Wehrli,,Italy,Trentino-Alto Adige,Meran,46.66817,11.15953,3,True,0,0.53,https://www.openstreetmap.org/?mlat=46.66817&mlon=11.15953&zoom=14
"Italia, Meran, Ortsteilansicht",Blick auf Meran vom Meranerhof aus,46.6713536,11.1646348,Nein,Meran,lcmt-nabi-pctmp_ead_wehr_20420-B_pctmp.jpg,,1911-05,,Schweizerische Nationalbibliothek,Artur Wehrli,https://commons.wikimedia.org/entity/M145061954,"Italia, Meran, Ortsteilansicht",Blick auf Meran vom Meranerhof aus,1911:05,Artur Wehrli,,Italy,Trentino-Alto Adige,Meran,46.66964,11.15971,5,False,0,0.42,https://www.openstreetmap.org/?mlat=46.66964&mlon=11.15971&zoom=14
"Italia, Meran, Ortsteilansicht",Blick auf Meran vom Tappeinerweg aus,46.6713536,11.1646348,Nein,Meran,lcmt-nabi-pctmp_ead_wehr_20421-B_pctmp.jpg,,1911-05,,Schweizerische Nationalbibliothek,Artur Wehrli,https://commons.wikimedia.org/entity/M145061920,"Italia, Meran, Ortsteilansicht",Blick auf Meran vom Tappeinerweg aus,1911:05,Artur Wehrli,,Italy,Trentino-Alto Adige,Meran,46.6734275,11.1635195,4,False,1,0.25,https://www.openstreetmap.org/?mlat=46.6734275&mlon=11.1635195&zoom=14
"Italia, Meran, Ortsteilansicht",Blick auf Meran vom Tappeinerweg aus,46.6713536,11.1646348,Nein,Meran,lcmt-nabi-pctmp_ead_wehr_20422-B_pctmp.jpg,,1911-05,,Schweizerische Nationalbibliothek,Artur Wehrli,https://commons.wikimedia.org/entity/M145061891,"Italia, Meran, Ortsteilansicht",Blick auf Meran vom Tappeinerweg aus,1911:05,Artur Wehrli,,Italy,Trentino-Alto Adige,Meran,46.6734275,11.1635195,4,False,1,0.25,https://www.openstreetmap.org/?mlat=46.6734275&mlon=11.1635195&zoom=14
"Italia, Meran, Ortsteilansicht",Blick von der Gilfpromenade auf Meran,46.6713536,11.1646348,Nein,Meran,lcmt-nabi-pctmp_ead_wehr_20423-B_pctmp.jpg,,1911-05,,Schweizerische Nationalbibliothek,Artur Wehrli,https://commons.wikimedia.org/entity/M145061837,"Italia, Meran, Ortsteilansicht",Blick von der Gilfpromenade auf Meran,1911:05,Artur Wehrli,,Italy,Trentino-Alto Adige,Meran,46.6730951,11.171081,4,False,1,0.53,https://www.openstreetmap.org/?mlat=46.6730951&mlon=11.171081&zoom=14
"Italia, Meran, Ortsteilansicht",Blick entlang der Passer auf die Promenade,46.6713536,11.1646348,Nein,Meran,lcmt-nabi-pctmp_ead_wehr_20424-B_pctmp.jpg,,1911-05,,Schweizerische Nationalbibliothek,Artur Wehrli,https://commons.wikimedia.org/entity/M145061814,"Italia, Meran, Ortsteilansicht",Blick entlang der Passer auf die Promenade,1911:05,Artur Wehrli,,Italy,Trentino-Alto Adige,Meran,46.66605,11.14683,5,False,0,1.48,https://www.openstreetmap.org/?mlat=46.66605&mlon=11.14683&zoom=14
"Italia, Meran, Ortsteilansicht",Blick auf die ehemalige Gisela-Promenadem heute Kurpromenade,46.6713536,11.1646348,Nein,Meran,lcmt-nabi-pctmp_ead_wehr_20425-B_pctmp.jpg,,1911-05,,Schweizerische Nationalbibliothek,Artur Wehrli,https://commons.wikimedia.org/entity/M145061800,"Italia, Meran, Ortsteilansicht",Blick auf die ehemalige Gisela-Promenadem heute Kurpromenade,1911:05,Artur Wehrli,,Italy,Trentino-Alto Adige,Meran,46.66817,11.15953,3,True,0,0.53,https://www.openstreetmap.org/?mlat=46.66817&mlon=11.15953&zoom=14
"Italia, Meran, Ortsteilansicht","Ansicht der Römerbrücke, die über die Passer führt",46.6713536,11.1646348,Nein,Meran,lcmt-nabi-pctmp_ead_wehr_20426-B_pctmp.jpg,,1911-05,,Schweizerische Nationalbibliothek,Artur Wehrli,https://commons.wikimedia.org/entity/M145061750,"Italia, Meran, Ortsteilansicht","Ansicht der Römerbrücke, die über die Passer führt",1911:05,Artur Wehrli,,Italy,Trentino-Alto Adige,Meran,46.66817,11.15953,3,True,0,0.53,https://www.openstreetmap.org/?mlat=46.66817&mlon=11.15953&zoom=14
"Italia, Meran, Ortsgesamtansicht","Blick auf Meran, im Vordergrund ist das Schloss Tirol und die Brunnenburg zu sehen",46.6713536,11.1646348,Nein,Meran,lcmt-nabi-pctmp_ead_wehr_20427-B_pctmp.jpg,,1911-05,,Schweizerische Nationalbibliothek,Artur Wehrli,https://commons.wikimedia.org/entity/M145061721,"Italia, Meran, Ortsgesamtansicht","Blick auf Meran, im Vordergrund ist das Schloss Tirol und die Brunnenburg zu sehen",1911:05,Artur Wehrli,,Italy,Trentino-Alto Adige,Meran,46.69418,11.14477,5,False,0,2.96,https://www.openstreetmap.org/?mlat=46.69418&mlon=11.14477&zoom=14
"Italia, Tirolo, Schloss Tirol, Gesamtaussenansicht",Blick auf Schloss Tirol und die danebenliegenden Erdpyramiden,47.223193,11.5261028,Nein,Tirolo,lcmt-nabi-pctmp_ead_wehr_20428-B_pctmp.jpg,,1911-05,,Schweizerische Nationalbibliothek,Artur Wehrli,https://commons.wikimedia.org/entity/M145061693,"Italia, Tirolo, Schloss Tirol, Gesamtaussenansicht",Blick auf Schloss Tirol und die danebenliegenden Erdpyramiden,1911:05,Artur Wehrli,,Italy,Trentino-Alto Adige,Tirolo,46.69418,11.14477,5,False,0,65.56,https://www.openstreetmap.org/?mlat=46.69418&mlon=11.14477&zoom=14
"Italia, Tirolo, Schloss Tirol, Gesamtaussenansicht",Blick auf Schloss Tirol und die umliegende Landschaft,47.223193,11.5261028,Nein,Tirolo,lcmt-nabi-pctmp_ead_wehr_20429-B_pctmp.jpg,,1911-05,,Schweizerische Nationalbibliothek,Artur Wehrli,https://commons.wikimedia.org/entity/M145061649,"Italia, Tirolo, Schloss Tirol, Gesamtaussenansicht",Blick auf Schloss Tirol und die umliegende Landschaft,1911:05,Artur Wehrli,,Italy,Trentino-Alto Adige,Tirolo,46.69418,11.14477,5,False,0,65.56,https://www.openstreetmap.org/?mlat=46.69418&mlon=11.14477&zoom=14
"Göschenen, Ortsteilansicht","Blick auf Göschenen, in der Mitte Brücke die über die Reuss führt; im Hintergrund der Dammagletscher",46.6676488,8.588703,Nein,Göschenen,lcmt-nabi-pctmp_ead_wehr_2043-B_pctmp.jpg,Uri,1906,,Schweizerische Nationalbibliothek,Artur Wehrli,https://commons.wikimedia.org/entity/M144122604,"Göschenen, Ortsteilansicht","Blick auf Göschenen, in der Mitte Brücke die über die Reuss führt; im Hintergrund der Dammagletscher",1906,Artur Wehrli,,Switzerland,Kanton Uri,Göschenen,46.66816,8.58709,3,True,0,0.14,https://www.openstreetmap.org/?mlat=46.66816&mlon=8.58709&zoom=14
"Italia, Tirolo, Schloss Tirol, Gesamtaussenansicht",Ansicht des Schlosses Tirol,47.223193,11.5261028,Nein,Tirolo,lcmt-nabi-pctmp_ead_wehr_20431-B_pctmp.jpg,,1911-05,,Schweizerische Nationalbibliothek,Artur Wehrli,https://commons.wikimedia.org/entity/M145061528,"Italia, Tirolo, Schloss Tirol, Gesamtaussenansicht",Ansicht des Schlosses Tirol,1911:05,Artur Wehrli,,Italy,Trentino-Alto Adige,Tirolo,46.69418,11.14477,5,False,0,65.56,https://www.openstreetmap.org/?mlat=46.69418&mlon=11.14477&zoom=14
"Italia, Bozen, Batzenhäusl, Teilaussenansicht",Ansicht einer Strasse in Bozen mit dem Batzenhäusl,46.6559455,11.2302129,Nein,Bozen,lcmt-nabi-pctmp_ead_wehr_20432-B_pctmp.jpg,,1911-05,,Schweizerische Nationalbibliothek,Artur Wehrli,https://commons.wikimedia.org/entity/M145061499,"Italia, Bozen, Batzenhäusl, Teilaussenansicht",Ansicht einer Strasse in Bozen mit dem Batzenhäusl,1911:05,Artur Wehrli,,Italy,Trentino-Alto Adige,Bozen,46.5013603,11.3574364,4,False,1,19.75,https://www.openstreetmap.org/?mlat=46.5013603&mlon=11.3574364&zoom=14
"Genève, Lunapark, Teilansicht","Ansicht Weiher, mit Badehaus und Steg im Lunapark",46.2017559,6.1466014,Nein,Genève,lcmt-nabi-pctmp_ead_wehr_20433-B_pctmp.jpg,Genève,1911,,Schweizerische Nationalbibliothek,Jean Gaberell,https://commons.wikimedia.org/entity/M145061485,"Genève, Lunapark, Teilansicht","Ansicht Weiher, mit Badehaus und Steg im Lunapark",1911,Jean Gaberell,,Switzerland,Canton de Genève,Genève,46.20222,6.14569,3,True,0,0.09,https://www.openstreetmap.org/?mlat=46.20222&mlon=6.14569&zoom=14
"Furka, Hotel Furka, Gesamtaussenansicht","Links Schnee, rechts das Hotel, rundherum Geröll",11.7829891,13.083551,Nein,Furka,lcmt-nabi-pctmp_ead_wehr_2046-B_pctmp.jpg,Uri,circa 1906,,Schweizerische Nationalbibliothek,unknown photographer,https://commons.wikimedia.org/entity/M144122695,"Furka, Hotel Furka, Gesamtaussenansicht","Links Schnee, rechts das Hotel, rundherum Geröll",1906,,,Switzerland,Kanton Uri,Furka,46.5928093,8.4618121,4,False,1,3895.02,https://www.openstreetmap.org/?mlat=46.5928093&mlon=8.4618121&zoom=14
"Italia, Arco, Ortsteilansicht",Blick auf Arco und die Ruine des Castollo di Arco,45.9181327,10.8860953,Nein,Arco,lcmt-nabi-pctmp_ead_wehr_20461-B_pctmp.jpg,,1911-05,,Schweizerische Nationalbibliothek,Artur Wehrli,https://commons.wikimedia.org/entity/M145060248,"Italia, Arco, Ortsteilansicht",Blick auf Arco und die Ruine des Castollo di Arco,1911:05,Artur Wehrli,,Italy,Trentino-Alto Adige,Arco,45.91772,10.88672,3,True,0,0.07,https://www.openstreetmap.org/?mlat=45.91772&mlon=10.88672&zoom=14
"Italia, Arco, Ortsteilansicht","Blick auf Arco und den Monte Brione, im Vordergrund eine Bank",45.9181327,10.8860953,Nein,Arco,lcmt-nabi-pctmp_ead_wehr_20462-B_pctmp.jpg,,1911-05,,Schweizerische Nationalbibliothek,Artur Wehrli,https://commons.wikimedia.org/entity/M145060226,"Italia, Arco, Ortsteilansicht","Blick auf Arco und den Monte Brione, im Vordergrund eine Bank",1911:05,Artur Wehrli,,Italy,Trentino-Alto Adige,Arco,45.91772,10.88672,3,True,0,0.07,https://www.openstreetmap.org/?mlat=45.91772&mlon=10.88672&zoom=14
"Italia, Arco, Ortsteilansicht","Blick auf Arco, im Vordergrund Zypressen und Olivenbäume",45.9181327,10.8860953,Nein,Arco,lcmt-nabi-pctmp_ead_wehr_20463-B_pctmp.jpg,,1911-05,,Schweizerische Nationalbibliothek,Artur Wehrli,https://commons.wikimedia.org/entity/M145060202,"Italia, Arco, Ortsteilansicht","Blick auf Arco, im Vordergrund Zypressen und Olivenbäume",1911:05,Artur Wehrli,,Italy,Trentino-Alto Adige,Arco,45.91772,10.88672,3,True,0,0.07,https://www.openstreetmap.org/?mlat=45.91772&mlon=10.88672&zoom=14
"Italia, Arco, Monumento a Giovanni Segantinim, Gesamtansicht",Segantini-Denkmal in Arco,45.9181327,10.8860953,Nein,Arco,lcmt-nabi-pctmp_ead_wehr_20464-B_pctmp.jpg,,1911-05,,Schweizerische Nationalbibliothek,Artur Wehrli,https://commons.wikimedia.org/entity/M145060184,"Italia, Arco, Monumento a Giovanni Segantinim",Segantini-Denkmal in Arco,1911:05,Artur Wehrli,,Italy,Trentino-Alto Adige,Arco,45.91772,10.88672,3,True,0,0.07,https://www.openstreetmap.org/?mlat=45.91772&mlon=10.88672&zoom=14
"Italia, Riva del Garda, Ortsteilansicht",Blick auf Riva del Garda und den Lago di Garda,45.8847708,10.8396942,Nein,Riva del Garda,lcmt-nabi-pctmp_ead_wehr_20465-B_pctmp.jpg,,1911-05,,Schweizerische Nationalbibliothek,Artur Wehrli,https://commons.wikimedia.org/entity/M145060169,"Italia, Riva del Garda, Ortsteilansicht",Blick auf Riva del Garda und den Lago di Garda,1911:05,Artur Wehrli,,Italy,Trentino-Alto Adige,Riva del Garda,45.88577,10.84117,3,True,0,0.16,https://www.openstreetmap.org/?mlat=45.88577&mlon=10.84117&zoom=14
"Italia, Riva del Garda, Ortsteilansicht","Bootssteg am Lago di Garda in RIva del Garda, im Hintergrund einige Häuser",45.8847708,10.8396942,Nein,Riva del Garda,lcmt-nabi-pctmp_ead_wehr_20466-B_pctmp.jpg,,1911-05,,Schweizerische Nationalbibliothek,Artur Wehrli,https://commons.wikimedia.org/entity/M145060122,"Italia, Riva del Garda, Ortsteilansicht","Bootssteg am Lago di Garda in RIva del Garda, im Hintergrund einige Häuser",1911:05,Artur Wehrli,,Italy,Trentino-Alto Adige,Riva del Garda,45.88577,10.84117,3,True,0,0.16,https://www.openstreetmap.org/?mlat=45.88577&mlon=10.84117&zoom=14
"Val di Ledro, Landschaft",Ansicht der Strada del Ponale im Val di Ledro,45.8883709,10.7264207,Nein,Val di Ledro,lcmt-nabi-pctmp_ead_wehr_20467-B_pctmp.jpg,,1911-05,,Schweizerische Nationalbibliothek,Artur Wehrli,https://commons.wikimedia.org/entity/M145060087,"Val di Ledro, Landschaft",Ansicht der Strada del Ponale im Val di Ledro,1911:05,Artur Wehrli,,Italy,Trentino-Alto Adige,Val di Ledro,45.88577,10.73373,3,True,0,0.64,https://www.openstreetmap.org/?mlat=45.88577&mlon=10.73373&zoom=14
"Gargnano, Ortsteilansicht",Friedhof von Gargnano,45.688138,10.6635006,Nein,Gargnano,lcmt-nabi-pctmp_ead_wehr_20468-B_pctmp.jpg,,1911-05,,Schweizerische Nationalbibliothek,Artur Wehrli,https://commons.wikimedia.org/entity/M145060069,"Gargnano, Ortsteilansicht",Friedhof von Gargnano,1911:05,Artur Wehrli,,Italy,Lombardia,Gargnano,45.68586,10.65869,3,True,0,0.45,https://www.openstreetmap.org/?mlat=45.68586&mlon=10.65869&zoom=14
"Italia, Maderno, Ortsteilansicht",Piazza San Marco in Maderno,46.0898035,11.1408947,Nein,Maderno,lcmt-nabi-pctmp_ead_wehr_20469-B_pctmp.jpg,,1911-05,,Schweizerische Nationalbibliothek,Artur Wehrli,https://commons.wikimedia.org/entity/M145060047,"Italia, Maderno, Piazza San Marco",Piazza San Marco in Maderno,1911:05,Artur Wehrli,,Italy,Lombardia,Maderno,45.6351736,10.5996464,4,False,1,65.67,https://www.openstreetmap.org/?mlat=45.6351736&mlon=10.5996464&zoom=14
"Italia, Maderno, Monumento Zanardelli, Gesamtansicht","Blick auf das Monumento Zanardelli, im Hintergrund Häuser",46.0898035,11.1408947,Nein,Maderno,lcmt-nabi-pctmp_ead_wehr_20470-B_pctmp.jpg,,1911-05,,Schweizerische Nationalbibliothek,Artur Wehrli,https://commons.wikimedia.org/entity/M145060001,"Italia, Maderno, Monumento Zanardelli","Blick auf das Monumento Zanardelli, im Hintergrund Häuser",1911:05,Artur Wehrli,,Italy,Lombardia,Maderno,45.63333,10.58333,3,True,0,66.64,https://www.openstreetmap.org/?mlat=45.63333&mlon=10.58333&zoom=14
"Italia, Maderno, Monumento Zanardelli, Gesamtansicht",Blick auf das Monumento Zanardelli,46.0898035,11.1408947,Nein,Maderno,lcmt-nabi-pctmp_ead_wehr_20470a-B_pctmp.jpg,,1911-05,,Schweizerische Nationalbibliothek,Artur Wehrli,https://commons.wikimedia.org/entity/M145060027,"Italia, Maderno, Monumento Zanardelli",Blick auf das Monumento Zanardelli,1911:05,Artur Wehrli,,Italy,Lombardia,Maderno,45.63333,10.58333,3,True,0,66.64,https://www.openstreetmap.org/?mlat=45.63333&mlon=10.58333&zoom=14
"Italia, Toscolano-Maderno, Gaino, Landschaft","Feldweg nach Gaino, im Hintergrund die Chiesa di San Michele Arcangelo",45.6543526,10.6142744,Nein,Gaino,lcmt-nabi-pctmp_ead_wehr_20471-B_pctmp.jpg,,1911-05,,Schweizerische Nationalbibliothek,Artur Wehrli,https://commons.wikimedia.org/entity/M145059975,"Italia, Toscolano-Maderno, Gaino, Landschaft","Feldweg nach Gaino, im Hintergrund die Chiesa di San Michele Arcangelo",1911:05,Artur Wehrli,,Italy,Lombardia,Gaino,45.65449,10.61382,3,True,0,0.04,https://www.openstreetmap.org/?mlat=45.65449&mlon=10.61382&zoom=14
"Italia, Toscolano-Maderno, Gaino, Landschaft","Feldweg nach Gaino, im Hintergrund der Lago di Garda",45.6345707,10.609815,Nein,Toscolano-Maderno,lcmt-nabi-pctmp_ead_wehr_20472-B_pctmp.jpg,,1911-05,,Schweizerische Nationalbibliothek,Artur Wehrli,https://commons.wikimedia.org/entity/M145059947,"Italia, Toscolano-Maderno, Gaino, Landschaft","Feldweg nach Gaino, im Hintergrund der Lago di Garda",1911:05,Artur Wehrli,,Italy,Lombardia,Toscolano-Maderno,45.63449,10.60838,3,True,0,0.11,https://www.openstreetmap.org/?mlat=45.63449&mlon=10.60838&zoom=14
"Italia, Toscolano-Maderno, Gaino, Ortsteilansicht","Zypressen an einem Weg in Gaino, rechts eine Häuserzeile",45.6345707,10.609815,Nein,Toscolano-Maderno,lcmt-nabi-pctmp_ead_wehr_20473-B_pctmp.jpg,,1911-05,,Schweizerische Nationalbibliothek,Artur Wehrli,https://commons.wikimedia.org/entity/M145059893,"Italia, Toscolano-Maderno, Gaino, Ortsteilansicht","Zypressen an einem Weg in Gaino, rechts eine Häuserzeile",1911:05,Artur Wehrli,,Italy,Lombardia,Toscolano-Maderno,45.63449,10.60838,3,True,0,0.11,https://www.openstreetmap.org/?mlat=45.63449&mlon=10.60838&zoom=14
"Fasano, Ortsteilansicht",Blick von einer Anhöhe auf Fasano und den Lago di Garda,40.834432,17.358399,Nein,Fasano,lcmt-nabi-pctmp_ead_wehr_20474-B_pctmp.jpg,,1911-05,,Schweizerische Nationalbibliothek,Artur Wehrli,https://commons.wikimedia.org/entity/M145059838,"Fasano, Ortsteilansicht",Blick von einer Anhöhe auf Fasano und den Lago di Garda,1911:05,Artur Wehrli,,Italy,Lombardia,Fasano,40.83443,17.3584,3,True,0,0.0,https://www.openstreetmap.org/?mlat=40.83443&mlon=17.3584&zoom=14
"Italia, Gardone, Ortsgesamtansicht","Blick auf Gardone und den Lago di Garda, im Hintergrund der Monte Baldo, im Vordergrund eine Wiese",45.6187853,10.5591005,Nein,Gardone,lcmt-nabi-pctmp_ead_wehr_20475-B_pctmp.jpg,,1911-05,,Schweizerische Nationalbibliothek,Artur Wehrli,https://commons.wikimedia.org/entity/M145059817,"Italia, Gardone, Ortsgesamtansicht","Blick auf Gardone und den Lago di Garda, im Hintergrund der Monte Baldo, im Vordergrund eine Wiese",1911:05,Artur Wehrli,,Italy,Lombardia,Gardone,,,0,False,0,,
"Gardone, Ortsgesamtansicht","Blick auf Gardone und den Lago di Garda, im Hintergrund der Monte Baldo, im Vordergrund Zypressen",45.6187853,10.5591005,Nein,Gardone,lcmt-nabi-pctmp_ead_wehr_20476-B_pctmp.jpg,,1911-05,,Schweizerische Nationalbibliothek,Artur Wehrli,https://commons.wikimedia.org/entity/M145059783,"Gardone, Ortsgesamtansicht","Blick auf Gardone und den Lago di Garda, im Hintergrund der Monte Baldo, im Vordergrund Zypressen",1911:05,Artur Wehrli,,Italy,Lombardia,Gardone,,,0,False,0,,
"Italia, Gardone, Ortsteilansicht",Blick vom Ufer des Lago di Garda auf Gardone,45.6187853,10.5591005,Nein,Gardone,lcmt-nabi-pctmp_ead_wehr_20477-B_pctmp.jpg,,1911-05,,Schweizerische Nationalbibliothek,Artur Wehrli,https://commons.wikimedia.org/entity/M145059739,"Italia, Gardone, Ortsteilansicht",Blick vom Ufer des Lago di Garda auf Gardone,1911,Artur Wehrli,,Italy,Lombardia,Gardone,,,0,False,0,,
"Italia, Gardone, Ortsteilansicht",Blick vom Lago di Garda auf Gardone,45.6187853,10.5591005,Nein,Gardone,lcmt-nabi-pctmp_ead_wehr_20478-B_pctmp.jpg,,1911-05,,Schweizerische Nationalbibliothek,Artur Wehrli,https://commons.wikimedia.org/entity/M145059689,"Italia, Gardone, Ortsteilansicht",Blick vom Lago di Garda auf Gardone,1911,Artur Wehrli,,Italy,Lombardia,Gardone,,,0,False,0,,
"Italia, Gardone Riviera, Grand Hotel, Gesamtaussenansicht",Blick auf das Grand Hotel in Gardone vom Lago di Garda aus,45.6187853,10.5591005,Nein,Gardone-Riviera,lcmt-nabi-pctmp_ead_wehr_20479-B_pctmp.jpg,,1911-05,,Schweizerische Nationalbibliothek,Artur Wehrli,https://commons.wikimedia.org/entity/M145059659,"Italia, Gardone Riviera, Grand Hotel",Blick auf das Grand Hotel in Gardone vom Lago di Garda aus,1911,Artur Wehrli,,Italy,Lombardia,Gardone-Riviera,45.434,10.9896,5,False,0,39.33,https://www.openstreetmap.org/?mlat=45.434&mlon=10.9896&zoom=14
"Furka, Blick gegen Gotthard, Teilaussenansicht","Unten das Hotel Furkablick, dahinter der Gotthard mit einigen Schneefelder",11.7829891,13.083551,Nein,Furka,lcmt-nabi-pctmp_ead_wehr_2048-B_pctmp.jpg,Uri,circa 1906,,Schweizerische Nationalbibliothek,unknown photographer,https://commons.wikimedia.org/entity/M144122811,"Furka, Blick gegen Gotthard","Unten das Hotel Furkablick, dahinter der Gotthard mit einigen Schneefelder",1906,,,Switzerland,Kanton Uri,Furka,46.5762416,8.4217321,4,False,1,3893.62,https://www.openstreetmap.org/?mlat=46.5762416&mlon=8.4217321&zoom=14
"Italia, Salò, Ortsgesamtansicht","Blick auf Salò und den Lago di Garda, im Vordergrund eine Wiese",45.6056775,10.520069,Nein,Salò,lcmt-nabi-pctmp_ead_wehr_20481-B_pctmp.jpg,,1911-05,,Schweizerische Nationalbibliothek,Artur Wehrli,https://commons.wikimedia.org/entity/M145059594,"Italia, Salò, Ortsgesamtansicht","Blick auf Salò und den Lago di Garda, im Vordergrund eine Wiese",1911,Artur Wehrli,,Italy,Lombardia,Salò,45.60685,10.5205,3,True,0,0.13,https://www.openstreetmap.org/?mlat=45.60685&mlon=10.5205&zoom=14
"Italia, Salò, Ortsteilansicht",Häuserreihe und Promenade entlang des Ufers des Lago di Garda in Salò,45.6056775,10.520069,Nein,Salò,lcmt-nabi-pctmp_ead_wehr_20482-B_pctmp.jpg,,1911-05,,Schweizerische Nationalbibliothek,Artur Wehrli,https://commons.wikimedia.org/entity/M145059577,"Italia, Salò, Ortsteilansicht",Häuserreihe und Promenade entlang des Ufers des Lago di Garda in Salò,1911,Artur Wehrli,,Italy,Lombardia,Salò,45.60685,10.5205,3,True,0,0.13,https://www.openstreetmap.org/?mlat=45.60685&mlon=10.5205&zoom=14
"Italia, Sirmione, Landschaft",Kleine Halbinsel bei Sirmione,45.4688494,10.6078237,Nein,Sirmione,lcmt-nabi-pctmp_ead_wehr_20483-B_pctmp.jpg,,1911-05,,Schweizerische Nationalbibliothek,Artur Wehrli,https://commons.wikimedia.org/entity/M145059522,"Italia, Sirmione, Landschaft",Kleine Halbinsel bei Sirmione,1911,Artur Wehrli,,Italy,Lombardia,Sirmione,45.49744,10.60507,3,True,0,3.19,https://www.openstreetmap.org/?mlat=45.49744&mlon=10.60507&zoom=14
"Italia, Salò, Landschaft",Zypressen entlang des Ufers des Lago di Garda bei Salò,45.6056775,10.520069,Nein,Salò,lcmt-nabi-pctmp_ead_wehr_20484-B_pctmp.jpg,,1911-05,,Schweizerische Nationalbibliothek,Artur Wehrli,https://commons.wikimedia.org/entity/M145059496,"Italia, Salò, Landschaft",Zypressen entlang des Ufers des Lago di Garda bei Salò,1911,Artur Wehrli,,Italy,Lombardia,Salò,45.60685,10.5205,3,True,0,0.13,https://www.openstreetmap.org/?mlat=45.60685&mlon=10.5205&zoom=14
"Italia, Isola di Garda, Landschaft",Blick auf die Isola di Garda und den Lago di Garda,45.5928053,10.5906933,Nein,Isola di Garda,lcmt-nabi-pctmp_ead_wehr_20485-B_pctmp.jpg,,1911-05,,Schweizerische Nationalbibliothek,Artur Wehrli,https://commons.wikimedia.org/entity/M145059464,"Italia, Isola di Garda, Landschaft",Blick auf die Isola di Garda und den Lago di Garda,1911,Artur Wehrli,,Italy,Lombardia,Isola di Garda,45.58333,10.58333,5,False,0,1.2,https://www.openstreetmap.org/?mlat=45.58333&mlon=10.58333&zoom=14
"Italia, Manerba del Garda, Landschaft",Blick auf das Cap Manerba und den Lago di Garda,45.549434,10.5512888,Nein,Manerba del Garda,lcmt-nabi-pctmp_ead_wehr_20486-B_pctmp.jpg,,1911-05,,Schweizerische Nationalbibliothek,Artur Wehrli,https://commons.wikimedia.org/entity/M145059437,"Italia, Manerba del Garda, Landschaft",Blick auf das Cap Manerba und den Lago di Garda,1911,Artur Wehrli,,Italy,Lombardia,Manerba del Garda,45.54988,10.55228,3,True,0,0.09,https://www.openstreetmap.org/?mlat=45.54988&mlon=10.55228&zoom=14
"Italia, Sirmione, Terme di Sirmione, Gesamtaussenansicht",Blick von einer Anhöhe auf die Terme di Sirmione,45.4688494,10.6078237,Nein,Sirmione,lcmt-nabi-pctmp_ead_wehr_20487-B_pctmp.jpg,,1911-05,,Schweizerische Nationalbibliothek,Artur Wehrli,https://commons.wikimedia.org/entity/M145059390,"Italia, Sirmione, Terme di Sirmione",Blick von einer Anhöhe auf die Terme di Sirmione,1911,Artur Wehrli,,Italy,Lombardia,Sirmione,45.49493,10.6046911,4,False,1,2.91,https://www.openstreetmap.org/?mlat=45.49493&mlon=10.6046911&zoom=14
"Italia, Sirmione, Castello scaligero, Teilaussenansicht","Brücke die zum Castello Scaligero in Sirmione führt, darauf mehrere Männer sitzend",45.4688494,10.6078237,Nein,Sirmione,lcmt-nabi-pctmp_ead_wehr_20488-B_pctmp.jpg,,1911-05,,Schweizerische Nationalbibliothek,Artur Wehrli,https://commons.wikimedia.org/entity/M145059368,"Italia, Sirmione, Castello Scaligero","Brücke die zum Castello Scaligero in Sirmione führt, darauf mehrere Männer sitzend",1911,Artur Wehrli,,Italy,Lombardia,Sirmione,45.49218,10.60821,5,False,0,2.59,https://www.openstreetmap.org/?mlat=45.49218&mlon=10.60821&zoom=14
"Italia, Sirmione, Castello scaligero, Teilaussenansicht","Castello Scaligero in Sirmione, im Vordergrund mehrere Boote",45.4688494,10.6078237,Nein,Sirmione,lcmt-nabi-pctmp_ead_wehr_20489-B_pctmp.jpg,,1911-05,,Schweizerische Nationalbibliothek,Artur Wehrli,https://commons.wikimedia.org/entity/M145059324,"Italia, Sirmione, Castello Scaligero","Castello Scaligero in Sirmione, im Vordergrund mehrere Boote",1911,Artur Wehrli,,Italy,Lombardia,Sirmione,45.49218,10.60821,5,False,0,2.59,https://www.openstreetmap.org/?mlat=45.49218&mlon=10.60821&zoom=14
"Furka, Blick gegen Gotthard, Teilaussenansicht","Unten das Hotel Furkablick, dahinter das Bergpanorama, vorne ein Schneefeld",11.7829891,13.083551,Nein,Furka,lcmt-nabi-pctmp_ead_wehr_2049-B_pctmp.jpg,Uri,circa 1906,,Schweizerische Nationalbibliothek,unknown photographer,https://commons.wikimedia.org/entity/M144122927,"Furka, Blick gegen Gotthard","Unten das Hotel Furkablick, dahinter das Bergpanorama, vorne ein Schneefeld",1906,,,Switzerland,Kanton Uri,Furka,46.5762416,8.4217321,4,False,1,3893.62,https://www.openstreetmap.org/?mlat=46.5762416&mlon=8.4217321&zoom=14
"Italia, Sirmione, Grotte di Catullo, Teilansicht",Mauerreste der Grotte di Catullo bei Sirmione,45.4688494,10.6078237,Nein,Sirmione,lcmt-nabi-pctmp_ead_wehr_20491-B_pctmp.jpg,,1911-05,,Schweizerische Nationalbibliothek,Artur Wehrli,https://commons.wikimedia.org/entity/M145059269,"Italia, Sirmione, Grotte di Catullo",Mauerreste der Grotte di Catullo bei Sirmione,1911,Artur Wehrli,,Italy,Lombardia,Sirmione,45.5009128,10.6067079,4,False,1,3.57,https://www.openstreetmap.org/?mlat=45.5009128&mlon=10.6067079&zoom=14
"Italia, Malcesine, Castello Scaligero, Gesamtaussenansicht",Blick von einer Anhöhe aus auf das Castello Scaligero in Malcesine,45.7643442,10.8100598,Nein,Malcesine,lcmt-nabi-pctmp_ead_wehr_20492-B_pctmp.jpg,,1911-05,,Schweizerische Nationalbibliothek,Artur Wehrli,https://commons.wikimedia.org/entity/M145059252,"Italia, Malcesine, Castello Scaligero",Blick von einer Anhöhe aus auf das Castello Scaligero in Malcesine,1911,Artur Wehrli,,Italy,Veneto,Malcesine,45.7663,10.80879,5,False,0,0.24,https://www.openstreetmap.org/?mlat=45.7663&mlon=10.80879&zoom=14
"Italia, Malcesine, Castello Scaligero, Gesamtaussenansicht",Blick von einer Anhöhe aus auf das Castello Scaligero in Malcesine,45.7643442,10.8100598,Nein,Malcesine,lcmt-nabi-pctmp_ead_wehr_20493-B_pctmp.jpg,,1911-05,,Schweizerische Nationalbibliothek,Artur Wehrli,https://commons.wikimedia.org/entity/M145059220,"Italia, Malcesine, Castello Scaligero",Blick von einer Anhöhe aus auf das Castello Scaligero in Malcesine,1911,Artur Wehrli,,Italy,Veneto,Malcesine,45.7663,10.80879,5,False,0,0.24,https://www.openstreetmap.org/?mlat=45.7663&mlon=10.80879&zoom=14
"Italia, Malcesine, Castello Scaligero, Gesamtaussenansicht",Blick vom Ufer des Lago di Garda aus auf das Castello Scaligero in Malcesine,45.7643442,10.8100598,Nein,Malcesine,lcmt-nabi-pctmp_ead_wehr_20494-B_pctmp.jpg,,1911-05,,Schweizerische Nationalbibliothek,Artur Wehrli,https://commons.wikimedia.org/entity/M145047364,"Italia, Malcesine, Castello Scaligero",Blick vom Ufer des Lago di Garda aus auf das Castello Scaligero in Malcesine,1911,Artur Wehrli,,Italy,Veneto,Malcesine,45.7663,10.80879,5,False,0,0.24,https://www.openstreetmap.org/?mlat=45.7663&mlon=10.80879&zoom=14
"Italia, Landschaft [Lokalisierung unsicher]",Zypresse-Bäume neben einem ansteigenden Weg,,,Nein,"Italien, [Lokalisierung unsicher]",lcmt-nabi-pctmp_ead_wehr_20495-B_pctmp.jpg,,1911-05,,Schweizerische Nationalbibliothek,Artur Wehrli,https://commons.wikimedia.org/entity/M145047332,"Italia, Landschaft [Lokalisierung unsicher]",Zypresse-Bäume neben einem ansteigenden Weg,1911,Artur Wehrli,,Italy,,"Italien, [Lokalisierung unsicher]",,,0,False,0,,
"Italia, Como, Ortsteilansicht",Blick auf einen grossen Teil der Stadt Como vom Castel Baradello aus,45.9394759,9.1494101,Nein,Como,lcmt-nabi-pctmp_ead_wehr_20497-B_pctmp.jpg,,1911-05,,Schweizerische Nationalbibliothek,Artur Wehrli,https://commons.wikimedia.org/entity/M145047306,"Italia, Como, Ortsteilansicht",Blick auf einen grossen Teil der Stadt Como vom Castel Baradello aus,1911,Artur Wehrli,,Italy,Lombardia,Como,45.80819,9.0832,3,True,0,15.47,https://www.openstreetmap.org/?mlat=45.80819&mlon=9.0832&zoom=14
"Italia, Como, Ortsteilansicht","Blick auf einen Teil der Stadt Como, rechts der Lago di Como",45.9394759,9.1494101,Nein,Como,lcmt-nabi-pctmp_ead_wehr_20498-B_pctmp.jpg,,1911-05,,Schweizerische Nationalbibliothek,Artur Wehrli,https://commons.wikimedia.org/entity/M145047267,"Italia, Como, Ortsteilansicht","Blick auf einen Teil der Stadt Como, rechts der Lago di Como",1911:05,Artur Wehrli,,Italy,Lombardia,Como,45.80819,9.0832,3,True,0,15.47,https://www.openstreetmap.org/?mlat=45.80819&mlon=9.0832&zoom=14
"Italia, Como, Piazza Cavour, Teilansicht",Piazza Cavour in Como,45.9394759,9.1494101,Nein,Como,lcmt-nabi-pctmp_ead_wehr_20499-B_pctmp.jpg,,1911-05,,Schweizerische Nationalbibliothek,Artur Wehrli,https://commons.wikimedia.org/entity/M145047245,"Italia, Como, Piazza Cavour, Teilansicht",Piazza Cavour in Como,1911:05,Artur Wehrli,,Italy,Lombardia,Como,45.8130357,9.0809691,4,False,1,15.02,https://www.openstreetmap.org/?mlat=45.8130357&mlon=9.0809691&zoom=14
"Gletsch und Grimselstrasse, Landschaft","Die Grimselstrasse mit Gletsch, Blick gegen den Aaregletscher",46.5613226,8.3614962,Nein,Gletsch,lcmt-nabi-pctmp_ead_wehr_2051-B_pctmp.jpg,Wallis,circa 1906,,Schweizerische Nationalbibliothek,unknown photographer,https://commons.wikimedia.org/entity/M144123081,"Gletsch und Grimselstrasse, Landschaft","Die Grimselstrasse mit Gletsch, Blick gegen den Aaregletscher",1906,,,Switzerland,Canton du Valais,Gletsch,46.56226,8.36196,3,True,0,0.11,https://www.openstreetmap.org/?mlat=46.56226&mlon=8.36196&zoom=14
"Furkapass, Panorama",Blick von der Furka-Passhöhe auf das Rhonetal mit Furka- und Grimselpasskehren,46.5726851,8.415184,Nein,Furkapass,lcmt-nabi-pctmp_ead_wehr_2066-B_pctmp.jpg,Wallis,circa 1906,,Schweizerische Nationalbibliothek,unknown photographer,https://commons.wikimedia.org/entity/M144124861,"Furkapass, Panorama",Blick von der Furka-Passhöhe auf das Rhonetal mit Furka- und Grimselpasskehren,1906,,,Switzerland,Canton du Valais,Furkapass,46.57191,8.41642,5,False,0,0.13,https://www.openstreetmap.org/?mlat=46.57191&mlon=8.41642&zoom=14
"Uri Rotstock, Landschaft","Blick auf den Uri Rotstock und den Urnersee, im Vordergrund eine Wiese",46.5748908,8.6322633,Nein,Uri Rotstock,lcmt-nabi-pctmp_ead_wehr_20661-B_pctmp.jpg,,1911-06,,Schweizerische Nationalbibliothek,Jean Gaberell,https://commons.wikimedia.org/entity/M145045906,"Uri Rotstock, Landschaft","Blick auf den Uri Rotstock und den Urnersee, im Vordergrund eine Wiese",1911:06,Jean Gaberell,,Switzerland,Kanton Uri,Uri Rotstock,46.86176,8.53521,5,False,0,32.75,https://www.openstreetmap.org/?mlat=46.86176&mlon=8.53521&zoom=14
"Flims, Ortsgesamtansicht",Ansicht von Flims,46.8332439,9.2834557,Nein,Flims,lcmt-nabi-pctmp_ead_wehr_20690-B_pctmp.jpg,,1911-07,,Schweizerische Nationalbibliothek,Jean Gaberell,https://commons.wikimedia.org/entity/M145044795,"Flims, Ortsgesamtansicht",Ansicht von Flims,1911:07,Jean Gaberell,,Switzerland,Kanton Graubünden,Flims,46.83705,9.28458,3,True,0,0.43,https://www.openstreetmap.org/?mlat=46.83705&mlon=9.28458&zoom=14
"Flims, Ortsteilansicht","Horizontal Flims-Dorf, dahinter verteilt einige Hotels vor dem Wald, dahinter ein Berg",46.8332439,9.2834557,Nein,Flims,lcmt-nabi-pctmp_ead_wehr_20691-B_pctmp.jpg,,1911,,Schweizerische Nationalbibliothek,Jean Gaberell,https://commons.wikimedia.org/entity/M145044703,"Flims, Ortsteilansicht","Horizontal Flims-Dorf, dahinter verteilt einige Hotels vor dem Wald, dahinter ein Berg",1911,Jean Gaberell,,Switzerland,Kanton Graubünden,Flims,46.83705,9.28458,3,True,0,0.43,https://www.openstreetmap.org/?mlat=46.83705&mlon=9.28458&zoom=14
"Flims, Ortsteilansicht",Blick auf einen Teil von Flims mit der Kirche St. Martin,46.8332439,9.2834557,Nein,Flims,lcmt-nabi-pctmp_ead_wehr_20692-B_pctmp.jpg,,1911-07,,Schweizerische Nationalbibliothek,Jean Gaberell,https://commons.wikimedia.org/entity/M145044676,"Flims, Ortsteilansicht mit Kirche St. Martin",Blick auf einen Teil von Flims mit der Kirche St. Martin,1911:07,Jean Gaberell,,Switzerland,Kanton Graubünden,Flims,46.83705,9.28458,3,True,0,0.43,https://www.openstreetmap.org/?mlat=46.83705&mlon=9.28458&zoom=14
"Flims, Ortsteilansicht","Horizontal Flims-Dorf, dahinter der Wald, am Horizont ein Berg",46.8332439,9.2834557,Nein,Flims,lcmt-nabi-pctmp_ead_wehr_20693-B_pctmp.jpg,,1911,,Schweizerische Nationalbibliothek,Jean Gaberell,https://commons.wikimedia.org/entity/M145044646,"Flims, Ortsteilansicht","Horizontal Flims-Dorf, dahinter der Wald, am Horizont ein Berg",1911,Jean Gaberell,,Switzerland,Kanton Graubünden,Flims,46.83705,9.28458,3,True,0,0.43,https://www.openstreetmap.org/?mlat=46.83705&mlon=9.28458&zoom=14
"Flims, Ortsgesamtansicht","Zentral die Häuser von Flims zu sehen, markant die Kirche, dahinter der BErghang, rechts ein Baum",46.8332439,9.2834557,Nein,Flims,lcmt-nabi-pctmp_ead_wehr_20694-B_pctmp.jpg,,1911,,Schweizerische Nationalbibliothek,Jean Gaberell,https://commons.wikimedia.org/entity/M145044606,"Flims, Ortsgesamtansicht","Zentral die Häuser von Flims zu sehen, markant die Kirche, dahinter der BErghang, rechts ein Baum",1911,Jean Gaberell,,Switzerland,Kanton Graubünden,Flims,46.83705,9.28458,3,True,0,0.43,https://www.openstreetmap.org/?mlat=46.83705&mlon=9.28458&zoom=14
"Flims, Casino/Speisesaal, Gesamtinnenansicht","Der Speisesaal des Casinos, viele Tische mit weissen Tischtüchern",46.8332439,9.2834557,Nein,Flims,lcmt-nabi-pctmp_ead_wehr_20695-B_pctmp.jpg,,1911,,Schweizerische Nationalbibliothek,Jean Gaberell,https://commons.wikimedia.org/entity/M145044567,"Flims, Casino Speisesaal, Gesamtinnenansicht","Der Speisesaal des Casinos, viele Tische mit weissen Tischtüchern",1911,Jean Gaberell,,Switzerland,Kanton Graubünden,Flims,46.83705,9.28458,3,True,0,0.43,https://www.openstreetmap.org/?mlat=46.83705&mlon=9.28458&zoom=14
"Fidaz, Ref. Kirche, Gesamtaussenansicht","Zentral die Rückwand der Kirche, vorne der Weg",46.8409607,9.3097167,Nein,Fidaz,lcmt-nabi-pctmp_ead_wehr_20696-B_pctmp.jpg,,1911,,Schweizerische Nationalbibliothek,Jean Gaberell,https://commons.wikimedia.org/entity/M145044538,"Fidaz, Ref. Kirche, Gesamtaussenansicht","Zentral die Rückwand der Kirche, vorne der Weg",1911,Jean Gaberell,,Switzerland,Kanton Graubünden,Fidaz,46.84038,9.30878,3,True,0,0.1,https://www.openstreetmap.org/?mlat=46.84038&mlon=9.30878&zoom=14
"Trin, Trin Digg, Ortsgesamtansicht",Ansicht des Ortsteils Trin Digg,46.8282084,9.3621614,Nein,Trin,lcmt-nabi-pctmp_ead_wehr_20697-B_pctmp.jpg,,1911-07,,Schweizerische Nationalbibliothek,Jean Gaberell,https://commons.wikimedia.org/entity/M145044459,"Trin, Trin Digg, Ortsgesamtansicht",Ansicht des Ortsteils Trin Digg,1911:07,Jean Gaberell,,Switzerland,Kanton Graubünden,Trin,46.8228147,9.354247,4,False,1,0.85,https://www.openstreetmap.org/?mlat=46.8228147&mlon=9.354247&zoom=14
"Flims, Hotel Segnes, Gesamtaussenansicht","Vorne ein Platz, dahinter rechts die Villa Erica, links das Hotel Segnes",46.8332439,9.2834557,Nein,Flims,lcmt-nabi-pctmp_ead_wehr_20698-B_pctmp.jpg,,1911,,Schweizerische Nationalbibliothek,Jean Gaberell,https://commons.wikimedia.org/entity/M145044425,"Flims, Hotel Segnes, Gesamtaussenansicht","Vorne ein Platz, dahinter rechts die Villa Erica, links das Hotel Segnes",1911,Jean Gaberell,,Switzerland,Kanton Graubünden,Flims,46.83705,9.28458,3,True,0,0.43,https://www.openstreetmap.org/?mlat=46.83705&mlon=9.28458&zoom=14
"Flims, Kurhaus-Grand Hôtel, Gesamtaussenansicht","Unten überdachte Wege, dahinter das Grand-Hotel, rechts einige Bäume",46.8332439,9.2834557,Nein,Flims,lcmt-nabi-pctmp_ead_wehr_20699-B_pctmp.jpg,,1911,,Schweizerische Nationalbibliothek,Jean Gaberell,https://commons.wikimedia.org/entity/M145044394,"Flims, Kurhaus-Grand Hôtel, Gesamtansicht","Unten überdachte Wege, dahinter das Grand-Hotel, rechts einige Bäume",1911,Jean Gaberell,,Switzerland,Kanton Graubünden,Flims,46.83705,9.28458,3,True,0,0.43,https://www.openstreetmap.org/?mlat=46.83705&mlon=9.28458&zoom=14
"Lötschental, Frau und Mann in Walliser Tracht, Gesamtansicht",Walliser Paar in Tracht aus dem Lötschental,46.4112449,7.8031048,Nein,Lötschental,lcmt-nabi-pctmp_ead_wehr_206T-B_pctmp.jpg,,circa 1905,,Schweizerische Nationalbibliothek,unknown photographer,https://commons.wikimedia.org/entity/M147402729,"Lötschental, Walliser Paar in Tracht",Walliser Paar in Tracht aus dem Lötschental,1905,,,Switzerland,Canton du Valais,Lötschental,46.40957,7.802,3,True,0,0.2,https://www.openstreetmap.org/?mlat=46.40957&mlon=7.802&zoom=14
"Flims, Kurhaus Adula, Gesamtaussenansicht","Zentral das Kurhaus Adula, links eine Tanne",46.8332439,9.2834557,Nein,Flims,lcmt-nabi-pctmp_ead_wehr_20700-B_pctmp.jpg,,1911,,Schweizerische Nationalbibliothek,Jean Gaberell,https://commons.wikimedia.org/entity/M145044347,"Flims, Kurhaus Adula, Gesamtaussenansicht","Zentral das Kurhaus Adula, links eine Tanne",1911,Jean Gaberell,,Switzerland,Kanton Graubünden,Flims,46.83705,9.28458,3,True,0,0.43,https://www.openstreetmap.org/?mlat=46.83705&mlon=9.28458&zoom=14
"Flims, Kurhaus Adula, Gesamtaussenansicht","Links das Kurhaus Adula, rechts die Strasse, parallel verlaufend eine Baumallee",46.8332439,9.2834557,Nein,Flims,lcmt-nabi-pctmp_ead_wehr_20701-B_pctmp.jpg,,1911,,Schweizerische Nationalbibliothek,Jean Gaberell,https://commons.wikimedia.org/entity/M145044319,"Flims, Kurhaus Adula, Gesamtaussenansicht","Links das Kurhaus Adula, rechts die Strasse, parallel verlaufend eine Baumallee",1911,Jean Gaberell,,Switzerland,Kanton Graubünden,Flims,46.83705,9.28458,3,True,0,0.43,https://www.openstreetmap.org/?mlat=46.83705&mlon=9.28458&zoom=14
"Flims, Lag la Cauma, Landschaft","Blick auf den Lag la Cauma, auf dem ein Mann in einem Boot über den See rudert, im Hintergrund die Berge",46.8332439,9.2834557,Nein,Flims,lcmt-nabi-pctmp_ead_wehr_20702-B_pctmp.jpg,,1911-07,,Schweizerische Nationalbibliothek,Jean Gaberell,https://commons.wikimedia.org/entity/M145044292,"Flims, Lag la Cauma, Landschaft","Blick auf den Lag la Cauma, auf dem ein Mann in einem Boot über den See rudert, im Hintergrund die Berge",1911:07,Jean Gaberell,,Switzerland,Kanton Graubünden,Flims,46.82019,9.29549,5,False,0,1.72,https://www.openstreetmap.org/?mlat=46.82019&mlon=9.29549&zoom=14
"Flims, Landschaft","Vorne See, links ein Boot, am gegenüber ein Haus, dahinter der Wald",46.8332439,9.2834557,Nein,Flims,lcmt-nabi-pctmp_ead_wehr_20703-B_pctmp.jpg,,1911,,Schweizerische Nationalbibliothek,Jean Gaberell,https://commons.wikimedia.org/entity/M145044267,"Flims, Landschaft","Vorne See, links ein Boot, am gegenüber ein Haus, dahinter der Wald",1911,Jean Gaberell,,Switzerland,Kanton Graubünden,Flims,46.83705,9.28458,3,True,0,0.43,https://www.openstreetmap.org/?mlat=46.83705&mlon=9.28458&zoom=14
"Wengen, Bahnhof, Gesamtaussenansicht",Aussenansicht Bahnhof Wengen,46.6577188,11.9243258,Nein,Wengen,lcmt-nabi-pctmp_ead_wehr_20721-B_pctmp.jpg,,circa 1911,,Schweizerische Nationalbibliothek,unknown photographer,https://commons.wikimedia.org/entity/M145044240,"Wengen, Bahnhof, Gesamtaussenansicht",Aussenansicht Bahnhof Wengen,1911,,,Switzerland,Canton de Berne,Wengen,46.6050081,7.920865,4,False,1,305.71,https://www.openstreetmap.org/?mlat=46.6050081&mlon=7.920865&zoom=14
"Meiringen, Ortsgesamtansicht",Blick von der Haslibergstrasse auf Meringen,46.7285518,8.1870934,Nein,Meiringen,lcmt-nabi-pctmp_ead_wehr_20742-B_pctmp.jpg,,1911-06,,Schweizerische Nationalbibliothek,Artur Wehrli,https://commons.wikimedia.org/entity/M145043917,"Meiringen, Ortsgesamtansicht",Blick von der Haslibergstrasse auf Meringen,1911:06,Artur Wehrli,,Switzerland,Canton de Berne,Meiringen,46.72709,8.1872,3,True,0,0.16,https://www.openstreetmap.org/?mlat=46.72709&mlon=8.1872&zoom=14
"Brig, Ortsgesamtansicht","Brig gegen den Simplontunnel, Blick auf das Dorf und die Rhône",46.3163457,7.9879473,Nein,Brig,lcmt-nabi-pctmp_ead_wehr_20764-B_pctmp.jpg,,1911,,Schweizerische Nationalbibliothek,Anton Krenn,https://commons.wikimedia.org/entity/M145042855,"Brig, Ortsgesamtansicht","Brig gegen den Simplontunnel, Blick auf das Dorf und die Rhône",1911,Anton Krenn,,Switzerland,Canton du Valais,Brig,46.31667,7.98333,3,True,0,0.36,https://www.openstreetmap.org/?mlat=46.31667&mlon=7.98333&zoom=14
"Interlaken, Ortsteilansicht","Blick auf Interlaken vom Brienzersee her, im Hintergrund die Jungfrau",46.6855231,7.8585139,Nein,Interlaken,lcmt-nabi-pctmp_ead_wehr_20796-B_pctmp.jpg,,1912,,Schweizerische Nationalbibliothek,Nickles,https://commons.wikimedia.org/entity/M145042007,"Interlaken, Ortsteilansicht","Blick auf Interlaken vom Brienzersee her, im Hintergrund die Jungfrau",1912,Nickles,,Switzerland,Canton de Berne,Interlaken,46.68387,7.86638,3,True,0,0.63,https://www.openstreetmap.org/?mlat=46.68387&mlon=7.86638&zoom=14
"Amsteg, Ortsgesamtansicht",Gotthardbahn in Amsteg,46.7710786,8.6703257,Nein,Amsteg,lcmt-nabi-pctmp_ead_wehr_2080-B_pctmp.jpg,Uri,1906,,Schweizerische Nationalbibliothek,Artur Wehrli,https://commons.wikimedia.org/entity/M144125593,"Amsteg, Ortsgesamtansicht",Gotthardbahn in Amsteg,1906,Artur Wehrli,,Switzerland,Kanton Uri,Amsteg,46.77132,8.66963,3,True,0,0.06,https://www.openstreetmap.org/?mlat=46.77132&mlon=8.66963&zoom=14
"Realp, Ortsgesamtansicht",Gesamtansicht von Realp mit Furkastrasse,46.5988457,8.5020509,Nein,Realp,lcmt-nabi-pctmp_ead_wehr_2090-B_pctmp.jpg,Uri,1906,,Schweizerische Nationalbibliothek,Artur Wehrli,https://commons.wikimedia.org/entity/M144126238,"Realp, Ortsgesamtansicht",Gesamtansicht von Realp mit Furkastrasse,1906,Artur Wehrli,,Switzerland,Kanton Uri,Realp,46.59821,8.50282,3,True,0,0.09,https://www.openstreetmap.org/?mlat=46.59821&mlon=8.50282&zoom=14
"Furka und Grimsel, Landschaft","Furka und Grimsel, Blick entlang des Rhonetals",46.5726851,8.415184,Nein,Furkapass,lcmt-nabi-pctmp_ead_wehr_2100-B_pctmp.jpg,Wallis,circa 1906,,Schweizerische Nationalbibliothek,unknown photographer,https://commons.wikimedia.org/entity/M144126819,"Furka und Grimsel, Landschaft","Furka und Grimsel, Blick entlang des Rhonetals",1906,,,Switzerland,Canton du Valais,Furkapass,46.57191,8.41642,3,True,0,0.13,https://www.openstreetmap.org/?mlat=46.57191&mlon=8.41642&zoom=14
"Küssnacht, Gesslerburg, Teilaussenansicht",Blick hinauf auf ein Waldstück hinter dem schemenhaft die Ruine der Gesslerburg zu erkennen ist,47.08385,8.4386308,Nein,Küssnacht,lcmt-nabi-pctmp_ead_wehr_21191-B_pctmp.jpg,Schwyz,circa 1911,,Schweizerische Nationalbibliothek,Anton Krenn,https://commons.wikimedia.org/entity/M145070595,"Küssnacht, Gesslerburg, Teilaussenansicht",Blick hinauf auf ein Waldstück hinter dem schemenhaft die Ruine der Gesslerburg zu erkennen ist,1911,Anton Krenn,,Switzerland,Kanton Schwyz,Küssnacht,47.0819975,8.4486301,4,False,1,0.78,https://www.openstreetmap.org/?mlat=47.0819975&mlon=8.4486301&zoom=14
"Grimselpass, Hospiz, Gesamtaussenansicht","Der Totensee mit dem Hospiz auf dem Grimselpass, die Brunberghörner im Hintergrund",46.655228,8.2904509,Nein,Guttannen,lcmt-nabi-pctmp_ead_wehr_2120-B_pctmp.jpg,Bern,circa 1906,,Schweizerische Nationalbibliothek,unknown photographer,https://commons.wikimedia.org/entity/M144129369,"Grimselpass, Hospiz, Gesamtaussenansicht","Der Totensee mit dem Hospiz auf dem Grimselpass, die Brunberghörner im Hintergrund",1906,,,Switzerland,Canton de Berne,Guttannen,46.65511,8.28951,3,True,0,0.07,https://www.openstreetmap.org/?mlat=46.65511&mlon=8.28951&zoom=14
"Arosa, Ortsteilansicht","Blick auf Arosa gegen das Klein Furkahorn, auch Chli Furkahorn genannt",46.7797248,9.6781356,Nein,Arosa,lcmt-nabi-pctmp_ead_wehr_21239-B_pctmp.jpg,Graubünden,1911-07,,Schweizerische Nationalbibliothek,Jean Gaberell,https://commons.wikimedia.org/entity/M145108663,"Arosa, Ortsteilansicht","Blick auf Arosa gegen das Klein Furkahorn, auch Chli Furkahorn genannt",1911:07,Jean Gaberell,,Switzerland,Kanton Graubünden,Arosa,46.77793,9.67621,3,True,0,0.25,https://www.openstreetmap.org/?mlat=46.77793&mlon=9.67621&zoom=14
"Engstlenalp, Panorama, Landschaft",Panorama der Engstlenalp,46.7763357,8.342931,Nein,Engstlenalp,lcmt-nabi-pctmp_ead_wehr_2130-B_pctmp.jpg,Bern,circa 1906,,Schweizerische Nationalbibliothek,unknown photographer,https://commons.wikimedia.org/entity/M144130814,"Engstlenalp, Panorama, Landschaft",Panorama der Engstlenalp,1906,,,Switzerland,Canton de Berne,Engstlenalp,46.77547,8.34445,3,True,0,0.15,https://www.openstreetmap.org/?mlat=46.77547&mlon=8.34445&zoom=14
"Kerns, Melchtal, Ortsgesamtansicht",Blick auf Melchtal runter,46.8342084,8.2892091,Nein,Melchtal,lcmt-nabi-pctmp_ead_wehr_2164-B_pctmp.jpg,Obwalden,circa 1905,,Schweizerische Nationalbibliothek,unknown photographer,https://commons.wikimedia.org/entity/M144133467,"Kerns, Melchtal, Ortsgesamtansicht",Blick auf Melchtal runter,1905,,,Switzerland,Kanton Obwalden,Melchtal,46.83436,8.28986,3,True,0,0.05,https://www.openstreetmap.org/?mlat=46.83436&mlon=8.28986&zoom=14
"Titlis, Panorama","Titlis, Panorama. Blick auf Sustenhorn und Dammakette",46.7720386,8.4377808,Nein,Titlis,lcmt-nabi-pctmp_ead_wehr_2170-B_pctmp.jpg,Uri,circa 1905,,Schweizerische Nationalbibliothek,unknown photographer,https://commons.wikimedia.org/entity/M144133766,"Titlis, Panorama","Titlis, Panorama. Blick auf Sustenhorn und Dammakette",1905,,,Switzerland,Kanton Uri,Titlis,46.7720386,8.4377808,2,True,1,0.0,https://www.openstreetmap.org/?mlat=46.7720386&mlon=8.4377808&zoom=14
"Weesen, Ortsteilansicht",Blick durch eine Pergola auf Weesen,47.1346737,9.0973561,Nein,Weesen,lcmt-nabi-pctmp_ead_wehr_21950-B_pctmp.jpg,St. Gallen,1911-07,,Schweizerische Nationalbibliothek,F. Bopp,https://commons.wikimedia.org/entity/M145111224,"Weesen, Ortsteilansicht",Blick durch eine Pergola auf Weesen,1911:07,F. Bopp,,Switzerland,Kanton St. Gallen,Weesen,47.13447,9.09644,3,True,0,0.07,https://www.openstreetmap.org/?mlat=47.13447&mlon=9.09644&zoom=14
"de Griante, Grand Hotel Cadenabbia, Gesamtaussenansicht.",de Griante. Blick auf das Grand Hotel Cadenabbia am Comersee.,,,Nein, depicted place=Griante,lcmt-nabi-pctmp_ead_wehr_21991-B_pctmp.jpg,,1911-11,,Schweizerische Nationalbibliothek,Anton Krenn,https://commons.wikimedia.org/entity/M145112502,"Grand Hotel Cadenabbia, Gesamtaussenansicht",de Griante. Blick auf das Grand Hotel Cadenabbia am Comersee.,1911,Anton Krenn,,Italy,Lombardia,Griante,45.9854,9.2301,5,False,0,,https://www.openstreetmap.org/?mlat=45.9854&mlon=9.2301&zoom=14
"Bern, Frau in Berner Tracht, Teilansicht","Sitzende Simmentalerin mit Berner Tracht, die ein aufgeschlagenes Buch in den Händen hält",46.8382351,7.6004502,Nein,Kanton Bern,lcmt-nabi-pctmp_ead_wehr_22-B_pctmp.jpg,Bern,circa 1905,,Schweizerische Nationalbibliothek,unknown photographer,https://commons.wikimedia.org/entity/M144149946,"Bern, Frau in Berner Tracht, Teilansicht","Sitzende Simmentalerin mit Berner Tracht, die ein aufgeschlagenes Buch in den Händen hält",1905,,,Switzerland,Canton de Berne,Bern,46.94809,7.44744,3,True,0,16.86,https://www.openstreetmap.org/?mlat=46.94809&mlon=7.44744&zoom=14
"Waadt, Frau und Mann in Waadtländer Tracht, Gesamtansicht",Waadtländer Weinbauern in Tracht,47.3493894,7.9036693,Nein,Kanton Waadt,lcmt-nabi-pctmp_ead_wehr_220-B_pctmp.jpg,Waadt,circa 1905,,Schweizerische Nationalbibliothek,unknown photographer,https://commons.wikimedia.org/entity/M144135964,"Waadt, Frau und Mann in Waadtländer Tracht",Waadtländer Weinbauern in Tracht,1905,,,Switzerland,Canton de Vaud,Waadt,,,0,False,0,,
"Engelberg, Ortsgesamtansicht",Sicht auf Engelberg Richtung Huetstock und Juchlipass,46.8223497,8.4043996,Nein,Engelberg,lcmt-nabi-pctmp_ead_wehr_2200-B_pctmp.jpg,Obwalden,circa 1905,,Schweizerische Nationalbibliothek,unknown photographer,https://commons.wikimedia.org/entity/M144135182,"Engelberg, Ortsgesamtansicht",Sicht auf Engelberg Richtung Huetstock und Juchlipass,1905,,,Switzerland,Kanton Obwalden,Engelberg,46.81971,8.43409,3,True,0,2.28,https://www.openstreetmap.org/?mlat=46.81971&mlon=8.43409&zoom=14
"Basel, Strassburgerdenkmal, Relief, Gesamtansicht",Relief am Sockel des Strassburgerdenkmals,47.5581077,7.5878261,Nein,Basel,lcmt-nabi-pctmp_ead_wehr_22101-B_pctmp.jpg,Basel-Stadt,1912,,Schweizerische Nationalbibliothek,Riffel,https://commons.wikimedia.org/entity/M145113206,"Basel, Strassburgerdenkmal, Relief",Relief am Sockel des Strassburgerdenkmals,1912,Riffel,,Switzerland,Basel-Stadt,Basel,47.548982,7.590903,4,False,1,1.04,https://www.openstreetmap.org/?mlat=47.548982&mlon=7.590903&zoom=14
"Luzern, Hofkirche St. Leodegar und Mauritius, Teilinnenansicht","Blick vom Mittelschiff gegen den Chor und den Hochaltar, seitlich Kanzel und Nikolausaltar",47.0505452,8.3054682,Nein,Luzern,lcmt-nabi-pctmp_ead_wehr_22200-B_pctmp.jpg,Luzern,1912-04,,Schweizerische Nationalbibliothek,F. Bopp,https://commons.wikimedia.org/entity/M145115106,"Luzern, Hofkirche St. Leodegar und Mauritius","Blick vom Mittelschiff gegen den Chor und den Hochaltar, seitlich Kanzel und Nikolausaltar",1912:04,F. Bopp,,Switzerland,Kanton Luzern,Luzern,47.05048,8.30635,3,True,0,0.07,https://www.openstreetmap.org/?mlat=47.05048&mlon=8.30635&zoom=14
"Engelberg, Umgebung/Flühmatt, Landschaft","Umgebung auf der Flühmatt, vis-à-vis die Titlisggruppe, mehrere Alphütten sind zu sehen",47.1423292,7.8850848,Nein,Flühmatt,lcmt-nabi-pctmp_ead_wehr_2227-B_pctmp.jpg,Obwalden,1905,,Schweizerische Nationalbibliothek,unknown photographer,https://commons.wikimedia.org/entity/M144140773,"Engelberg, Umgebung/Flühmatt, Landschaft","Umgebung auf der Flühmatt, vis-à-vis die Titlisggruppe, mehrere Alphütten sind zu sehen",1905,,,Switzerland,Kanton Obwalden,Flühmatt,,,0,False,0,,
"Stresa, Ortsteilansicht","Gesamtaussenansicht des Grand Hotel des Iles Borromées, vom Lago Maggiore aus betrachtet",45.8837277,8.5390268,Nein,Stresa,lcmt-nabi-pctmp_ead_wehr_22398-B_pctmp.jpg,,1912,,Schweizerische Nationalbibliothek,Artur Wehrli,https://commons.wikimedia.org/entity/M145118013,"Stresa, Ortsteilansicht","Gesamtaussenansicht des Grand Hotel des Iles Borromées, vom Lago Maggiore aus betrachtet",1912,Artur Wehrli,,Italy,Piemonte,Stresa,45.8839,8.5415,5,False,0,0.19,https://www.openstreetmap.org/?mlat=45.8839&mlon=8.5415&zoom=14
"Lago Maggiore, Isola Bella, Landschaft","Blick auf die Isola Bella, vom Lago Maggiore aus betrachtet",45.8953977,8.5273053,Nein,Isola Bella,lcmt-nabi-pctmp_ead_wehr_22399-B_pctmp.jpg,,1912,,Schweizerische Nationalbibliothek,Artur Wehrli,https://commons.wikimedia.org/entity/M145118057,"Lago Maggiore, Isola Bella, Landschaft","Blick auf die Isola Bella, vom Lago Maggiore aus betrachtet",1912,Artur Wehrli,,Italy,Piemonte,Isola Bella,45.89556,8.52676,5,False,0,0.05,https://www.openstreetmap.org/?mlat=45.89556&mlon=8.52676&zoom=14
"Bern, Mädchen und Junge in Berner Tracht, Gesamtansicht",Mädchen und Junge in alter Berner Kindertracht,,,Nein,Bern [Lokalisierung unsicher],lcmt-nabi-pctmp_ead_wehr_223T-B_pctmp.jpg,,circa 1905,,Schweizerische Nationalbibliothek,unknown photographer,https://commons.wikimedia.org/entity/M147403075,"Bern, Mädchen und Junge in Berner Tracht",Mädchen und Junge in alter Berner Kindertracht,1905,,,Switzerland,Canton de Berne,Bern,,,0,False,0,,
"Spannorthütte, Teilaussenansicht",Die Spannorthütte mit Blick gegen Schlossberglücke und Gross Spannort,46.7998126,8.5097965,Nein,Spannorthütte,lcmt-nabi-pctmp_ead_wehr_2241-B_pctmp.jpg,Uri,circa 1905,,Schweizerische Nationalbibliothek,Hans Brun,https://commons.wikimedia.org/entity/M144141701,"Spannorthütte, Teilaussenansicht",Die Spannorthütte mit Blick gegen Schlossberglücke und Gross Spannort,1905,Hans Brun,,Switzerland,Kanton Uri,Spannorthütte,46.7998126,8.5097965,4,False,1,0.0,https://www.openstreetmap.org/?mlat=46.7998126&mlon=8.5097965&zoom=14
"Evian-les-Bains, Ortsteilansicht",Blick auf die Rue Centrale in Evian-les-Bains,46.400979,6.5897931,Nein,Evian-les-Bains,lcmt-nabi-pctmp_ead_wehr_22715-B_pctmp.jpg,,circa 1912,,Schweizerische Nationalbibliothek,Jean Gaberell,https://commons.wikimedia.org/entity/M145118714,"Evian-les-Bains, Ortsteilansicht",Blick auf die Rue Centrale in Evian-les-Bains,1912,Jean Gaberell,,France,Auvergne-Rhône-Alpes,Evian-les-Bains,46.4004,6.5906,3,True,0,0.09,https://www.openstreetmap.org/?mlat=46.4004&mlon=6.5906&zoom=14
"France, Évian-les-Bains, Église Notre-Dame de l'Assomption, Teilaussenansicht","Ansicht einer Strasse in Évian-les-Bains, am Ende der Kirchturm der Église Notre-Dame de l'Assomption",46.400979,6.5897931,Nein,Évian-les-Bains,lcmt-nabi-pctmp_ead_wehr_22716-B_pctmp.jpg,,1912,,Schweizerische Nationalbibliothek,Jean Gaberell,https://commons.wikimedia.org/entity/M145118752,"Évian-les-Bains, Église Notre-Dame de l'Assomption","Ansicht einer Strasse in Évian-les-Bains, am Ende der Kirchturm der Église Notre-Dame de l'Assomption",1912,Jean Gaberell,,France,Auvergne-Rhône-Alpes,Évian-les-Bains,46.42398,-1.48984,5,False,0,619.16,https://www.openstreetmap.org/?mlat=46.42398&mlon=-1.48984&zoom=14
"France, Évian-les-Bains, Port, Ortsteilansicht",Blick entlang des Seeufers auf den Dampfers 'General Dufour' im Hafen von Évian-les-Bains,46.400979,6.5897931,Nein,Évian-les-Bains,lcmt-nabi-pctmp_ead_wehr_22717-B_pctmp.jpg,,1912-06,,Schweizerische Nationalbibliothek,Jean Gaberell,https://commons.wikimedia.org/entity/M145118781,"Évian-les-Bains, Port, Ortsteilansicht",Blick entlang des Seeufers auf den Dampfers 'General Dufour' im Hafen von Évian-les-Bains,1912:06,Jean Gaberell,,France,Auvergne-Rhône-Alpes,Évian-les-Bains,46.4012528,6.5936251,4,False,1,0.3,https://www.openstreetmap.org/?mlat=46.4012528&mlon=6.5936251&zoom=14
"Montreux, Ortsgesamtansicht",Ortsgesamtansicht von Montreux aus der Höhe gesehen mit Blick über Genfersee,46.4310831,6.9129921,Nein,Montreux,lcmt-nabi-pctmp_ead_wehr_22718-B_pctmp.jpg,Waadt,1912-06,,Schweizerische Nationalbibliothek,Jean Gaberell,https://commons.wikimedia.org/entity/M145118830,"Montreux, Ortsgesamtansicht",Ortsgesamtansicht von Montreux aus der Höhe gesehen mit Blick über Genfersee,1912:06,Jean Gaberell,,Switzerland,Canton de Vaud,Montreux,46.43301,6.91143,3,True,0,0.25,https://www.openstreetmap.org/?mlat=46.43301&mlon=6.91143&zoom=14
"Griechenland, Athen, Piräus Hafen, Ortsteilansicht","Ansicht des Piräus Hafens bei Athen, im Hintergrund die Stadt Athen zu sehen",37.9755648,23.7348324,Nein,Athen,lcmt-nabi-pctmp_ead_wehr_22839-B_pctmp.jpg,,circa 1912,,Schweizerische Nationalbibliothek,Heller,https://commons.wikimedia.org/entity/M145129093,"Athen, Piräus Hafen, Ortsteilansicht","Ansicht des Piräus Hafens bei Athen, im Hintergrund die Stadt Athen zu sehen",1912,Heller,,Greece,Attica,Athens,37.9614,23.6389,5,False,0,8.56,https://www.openstreetmap.org/?mlat=37.9614&mlon=23.6389&zoom=14
"Engelberg, Ober Arni, Panorama","Aussicht von der Ober Arni, links das Engelbergerthal, rechts ein Schneeberg",46.8223497,8.4043996,Nein,Engelberg,lcmt-nabi-pctmp_ead_wehr_2284-B_pctmp.jpg,Obwalden,circa 1905,,Schweizerische Nationalbibliothek,unknown photographer,https://commons.wikimedia.org/entity/M144148346,"Engelberg, Ober Arni, Panorama","Aussicht von der Ober Arni, links das Engelbergerthal, rechts ein Schneeberg",1905,,,Switzerland,Kanton Obwalden,Engelberg,46.82107,8.40133,3,True,0,0.27,https://www.openstreetmap.org/?mlat=46.82107&mlon=8.40133&zoom=14
"Griechenland, Athen, Nationales Observatorium, Gesamtaussenansicht","Blick über Athen, links das Nationale Observatorium",37.9755648,23.7348324,Nein,Athen,lcmt-nabi-pctmp_ead_wehr_22841-B_pctmp.jpg,,1912,,Schweizerische Nationalbibliothek,Heller,https://commons.wikimedia.org/entity/M145129172,"Athen, Nationales Observatorium","Blick über Athen, links das Nationale Observatorium",1912,Heller,,Greece,Attica,Athens,37.9723192,23.718125,4,False,1,1.51,https://www.openstreetmap.org/?mlat=37.9723192&mlon=23.718125&zoom=14
"Griechenland, Athen, Lykabettus, Panorama",Panorama von Athen vom Lykabettus aus,37.9755648,23.7348324,Nein,Athen,lcmt-nabi-pctmp_ead_wehr_22842-B_pctmp.jpg,,1912,,Schweizerische Nationalbibliothek,Heller,https://commons.wikimedia.org/entity/M145129189,"Athen, Lykabettus, Panorama",Panorama von Athen vom Lykabettus aus,1912,Heller,,Greece,Attica,Athens,37.9819,23.7431,5,False,0,1.01,https://www.openstreetmap.org/?mlat=37.9819&mlon=23.7431&zoom=14
"Griechenland, Akropolis, Gesamtansicht","Blick über Athen, rechts die Akropolis",37.9755648,23.7348324,Nein,Athen,lcmt-nabi-pctmp_ead_wehr_22843-B_pctmp.jpg,,1912,,Schweizerische Nationalbibliothek,Heller,https://commons.wikimedia.org/entity/M145129212,"Akropolis, Gesamtansicht","Blick über Athen, rechts die Akropolis",1912,Heller,,Greece,Attica,Athens,37.97172,23.72564,5,False,0,0.91,https://www.openstreetmap.org/?mlat=37.97172&mlon=23.72564&zoom=14
"Griechenland, Athen, Lykabettus, Panorama",Panorama von Athen vom Lykabettus aus,37.9755648,23.7348324,Nein,Athen,lcmt-nabi-pctmp_ead_wehr_22844-B_pctmp.jpg,,1912,,Schweizerische Nationalbibliothek,Heller,https://commons.wikimedia.org/entity/M145129240,"Athen, Lykabettus, Panorama",Panorama von Athen vom Lykabettus aus,1912,Heller,,Greece,Attica,Athens,37.9819,23.7431,5,False,0,1.01,https://www.openstreetmap.org/?mlat=37.9819&mlon=23.7431&zoom=14
"Griechenland, Athen, Olympieion, Teilansicht","Ansicht des Olympieion in Athen, im Hintergrund die Akropolis zu sehen",37.9755648,23.7348324,Nein,Athen,lcmt-nabi-pctmp_ead_wehr_22845-B_pctmp.jpg,,circa 1912,,Schweizerische Nationalbibliothek,Heller,https://commons.wikimedia.org/entity/M145129273,"Athen, Olympieion, Teilansicht","Ansicht des Olympieion in Athen, im Hintergrund die Akropolis zu sehen",1912,Heller,,Greece,Attica,Athens,37.9692,23.7336,5,False,0,0.72,https://www.openstreetmap.org/?mlat=37.9692&mlon=23.7336&zoom=14
"Warth-Weiningen, Kartause Ittingen, Teilaussenansicht",Blick auf einen Gebäudeteil der Kartause Ittingen,47.2581667,10.1833481,Nein,Warth,lcmt-nabi-pctmp_ead_wehr_22846-B_pctmp.jpg,Thurgau,1912,,Schweizerische Nationalbibliothek,unknown photographer,https://commons.wikimedia.org/entity/M145129315,"Kartause Ittingen, Teilaussenansicht",Blick auf einen Gebäudeteil der Kartause Ittingen,1912,,,Switzerland,Kanton Thurgau,Warth-Weiningen,47.58288,8.86436,5,False,0,105.6,https://www.openstreetmap.org/?mlat=47.58288&mlon=8.86436&zoom=14
"Engelberg, Ortsgesamtansicht","Engelberg mit Titlis, Titlis und Gebirgskette dominieren",46.8223497,8.4043996,Nein,Engelberg,lcmt-nabi-pctmp_ead_wehr_2300-B_pctmp.jpg,Obwalden,circa 1905,,Schweizerische Nationalbibliothek,unknown photographer,https://commons.wikimedia.org/entity/M144150149,"Engelberg, Ortsgesamtansicht","Engelberg mit Titlis, Titlis und Gebirgskette dominieren",1905,,,Switzerland,Kanton Obwalden,Engelberg,46.81971,8.43409,3,True,0,2.28,https://www.openstreetmap.org/?mlat=46.81971&mlon=8.43409&zoom=14
"Deutschland, Bingen am Rhein, Ortsgesamtansicht",Blick auf Bingen am Rhein,49.9675456,7.8944,Nein,Bingen am Rhein,lcmt-nabi-pctmp_ead_wehr_23448-B_pctmp.jpg,,circa 1912,,Schweizerische Nationalbibliothek,unknown photographer,https://commons.wikimedia.org/entity/M145131579,"Bingen am Rhein, Ortsgesamtansicht",Blick auf Bingen am Rhein,1912,,,Germany,Rhineland-Palatinate,Bingen am Rhein,49.96675,7.8992,3,True,0,0.35,https://www.openstreetmap.org/?mlat=49.96675&mlon=7.8992&zoom=14
"Deutschland, Freiburg im Breisgau, Ortsgesamtansicht",Blick gegen Süden auf Freiburg im Breisgau runter,47.9960901,7.8494005,Nein,Freiburg im Breisgau,lcmt-nabi-pctmp_ead_wehr_23449-B_crop_pctmp.jpg,,circa 1912,,Schweizerische Nationalbibliothek,unknown photographer,https://commons.wikimedia.org/entity/M164237092,"Deutschland, Freiburg im Breisgau, Ortsgesamtansicht",Blick gegen Süden auf Freiburg im Breisgau runter,1912,,,Germany,Baden-Württemberg,Freiburg im Breisgau,47.9959,7.85222,3,True,0,0.21,https://www.openstreetmap.org/?mlat=47.9959&mlon=7.85222&zoom=14
"Deutschland, Freiburg im Breisgau, Ortsgesamtansicht",Blick gegen Süden auf Freiburg im Breisgau runter,47.9960901,7.8494005,Nein,Freiburg im Breisgau,lcmt-nabi-pctmp_ead_wehr_23449-B_crop_pctmp.jpg,,circa 1912,,Schweizerische Nationalbibliothek,unknown photographer,https://commons.wikimedia.org/entity/M164301702,"Deutschland, Freiburg im Breisgau, Ortsgesamtansicht",Blick gegen Süden auf Freiburg im Breisgau runter,1912,,,Germany,Baden-Württemberg,Freiburg im Breisgau,47.9959,7.85222,3,True,0,0.21,https://www.openstreetmap.org/?mlat=47.9959&mlon=7.85222&zoom=14
"Deutschland, Freiburg im Breisgau, Ortsgesamtansicht",Blick gegen Süden auf Freiburg im Breisgau runter,47.9960901,7.8494005,Nein,Freiburg im Breisgau,lcmt-nabi-pctmp_ead_wehr_23449-B_pctmp.jpg,,circa 1912,,Schweizerische Nationalbibliothek,unknown photographer,https://commons.wikimedia.org/entity/M145131641,"Deutschland, Freiburg im Breisgau, Ortsgesamtansicht",Blick gegen Süden auf Freiburg im Breisgau runter,1912,,,Germany,Baden-Württemberg,Freiburg im Breisgau,47.9959,7.85222,3,True,0,0.21,https://www.openstreetmap.org/?mlat=47.9959&mlon=7.85222&zoom=14
"Brunnen (SZ), Bahnhof, Gotthardbahn","Gotthard-Express. Ansicht einer stehenden Zugkomposition mit Dampflokomotive, im Hintergrund Mythen",47.0298982,8.6887811,Nein,Mythen,lcmt-nabi-pctmp_ead_wehr_2346-B_pctmp.jpg,Uri,1905,,Schweizerische Nationalbibliothek,unknown photographer,https://commons.wikimedia.org/entity/M144154223,"Brunnen (SZ), Bahnhof, Gotthardbahn","Gotthard-Express. Ansicht einer stehenden Zugkomposition mit Dampflokomotive, im Hintergrund Mythen",1905,,,Switzerland,Kanton Uri,Mythen,47.0298982,8.6887811,2,True,1,0.0,https://www.openstreetmap.org/?mlat=47.0298982&mlon=8.6887811&zoom=14
"Wettingen, Kloster, Teilinnenansicht",Ansicht des Kreuzgangs des Kosters Wettingen,47.465839,8.3266114,Nein,Wettingen,lcmt-nabi-pctmp_ead_wehr_23709-B_pctmp.jpg,Aargau,circa 1912,,Schweizerische Nationalbibliothek,Anton Krenn,https://commons.wikimedia.org/entity/M145132512,"Wettingen, Kloster, Teilinnenansicht",Ansicht des Kreuzgangs des Kosters Wettingen,1912,Anton Krenn,,Switzerland,Kanton Aargau,Wettingen,47.45798,8.31735,5,False,0,1.12,https://www.openstreetmap.org/?mlat=47.45798&mlon=8.31735&zoom=14
"Brunnen, Ortsgesamtansicht",Blick auf Brunnen gegen Urnersee und Muottamündung,46.9940439,8.6054085,Nein,Brunnen,lcmt-nabi-pctmp_ead_wehr_23713-B_pctmp.jpg,Schwyz,circa 1912,,Schweizerische Nationalbibliothek,F.B.,https://commons.wikimedia.org/entity/M145156670,"Brunnen, Ortsgesamtansicht",Blick auf Brunnen gegen Urnersee und Muottamündung,1912,F.B.,,Switzerland,Kanton Schwyz,Brunnen,46.9936,8.60538,3,True,0,0.05,https://www.openstreetmap.org/?mlat=46.9936&mlon=8.60538&zoom=14
"Deutschland, Freiburg im Breisgau, Ortsteilansicht","Blick auf Freiburg im Breisgau runter, im Vordergrund sind Kronen von Bäumen zu sehen",47.9960901,7.8494005,Nein,Freiburg im Breisgau,lcmt-nabi-pctmp_ead_wehr_23716-B_pctmp.jpg,,circa 1912,,Schweizerische Nationalbibliothek,Artur Wehrli,https://commons.wikimedia.org/entity/M145132707,"Deutschland, Freiburg im Breisgau, Ortsteilansicht","Blick auf Freiburg im Breisgau runter, im Vordergrund sind Kronen von Bäumen zu sehen",1912,Artur Wehrli,,Germany,Baden-Württemberg,Freiburg im Breisgau,47.9959,7.85222,3,True,0,0.21,https://www.openstreetmap.org/?mlat=47.9959&mlon=7.85222&zoom=14
"Deutschland, Freiburg im Breisgau, Freiburger Münster, Teilaussenansicht",Blick auf das Freiburger Münster mit den umliegenden Häusern,47.9960901,7.8494005,Nein,Freiburg im Breisgau,lcmt-nabi-pctmp_ead_wehr_23717-B_pctmp.jpg,,circa 1912,,Schweizerische Nationalbibliothek,Artur Wehrli,https://commons.wikimedia.org/entity/M145132769,"Deutschland, Freiburg im Breisgau, Freiburger Münster",Blick auf das Freiburger Münster mit den umliegenden Häusern,1912,Artur Wehrli,,Germany,Baden-Württemberg,Freiburg im Breisgau,47.99555,7.8532,5,False,0,0.29,https://www.openstreetmap.org/?mlat=47.99555&mlon=7.8532&zoom=14
"Deutschland, Freiburg im Breisgau, Freiburger Münster, Gesamtaussenansicht",Blick auf das Freiburger Münster,47.9960901,7.8494005,Nein,Freiburg im Breisgau,lcmt-nabi-pctmp_ead_wehr_23718-B_pctmp.jpg,,1912,,Schweizerische Nationalbibliothek,Artur Wehrli,https://commons.wikimedia.org/entity/M145132795,"Deutschland, Freiburg im Breisgau, Freiburger Münster",Blick auf das Freiburger Münster,1912,Artur Wehrli,,Germany,Baden-Württemberg,Freiburg im Breisgau,47.99555,7.8532,5,False,0,0.29,https://www.openstreetmap.org/?mlat=47.99555&mlon=7.8532&zoom=14
"Deutschland, Freiburg im Breisgau, Freiburger Münster, Teilaussenansicht",Blick auf das Münsterportal des Freiburger Münsters,47.9960901,7.8494005,Nein,Freiburg im Breisgau,lcmt-nabi-pctmp_ead_wehr_23719-B_pctmp.jpg,,circa 1912,,Schweizerische Nationalbibliothek,Artur Wehrli,https://commons.wikimedia.org/entity/M145132834,"Deutschland, Freiburg im Breisgau, Freiburger Münster",Blick auf das Münsterportal des Freiburger Münsters,1912,Artur Wehrli,,Germany,Baden-Württemberg,Freiburg im Breisgau,47.99555,7.8532,5,False,0,0.29,https://www.openstreetmap.org/?mlat=47.99555&mlon=7.8532&zoom=14
"Fleckistock, Landschaft",Zwei Bergsteiger an einer Gratpartie des Fleckistocks.,46.7074487,8.4975599,Nein,Fleckistock,lcmt-nabi-pctmp_ead_wehr_2372-B_pctmp.jpg,Uri,circa 1905,,Schweizerische Nationalbibliothek,unknown photographer,https://commons.wikimedia.org/entity/M144157228,"Fleckistock, Landschaft",Zwei Bergsteiger an einer Gratpartie des Fleckistocks.,1905,,,Switzerland,Kanton Uri,Fleckistock,46.70744,8.49756,5,False,0,0.0,https://www.openstreetmap.org/?mlat=46.70744&mlon=8.49756&zoom=14
"Deutschland, Kirchzarten, Himmelreich, Gasthaus zum Himmelreich, Teilaussenansicht",Blick auf das Gasthaus zum Himmelreich,50.1971239,12.2287616,Nein,Himmelreich,lcmt-nabi-pctmp_ead_wehr_23721-B_pctmp.jpg,,circa 1912,,Schweizerische Nationalbibliothek,Artur Wehrli,https://commons.wikimedia.org/entity/M145156777,"Deutschland, Kirchzarten, Gasthaus zum Himmelreich",Blick auf das Gasthaus zum Himmelreich,1912,Artur Wehrli,,Germany,Baden-Württemberg,Himmelreich,53.75,9.08333,3,True,0,449.89,https://www.openstreetmap.org/?mlat=53.75&mlon=9.08333&zoom=14
"Deutschland, Schwarzwald, Landschaft [Lokalisierung unsicher]","Blick auf ein Teilabschnitt einer Strasse, die durch ein Tal im Schwarzwald führt, auf einem Felsvprsprung ist ein Hirsch zu sehen",,,Nein,"Deutschland, [Lokalisierung unsicher]",lcmt-nabi-pctmp_ead_wehr_23722-B_pctmp.jpg,,circa 1912,,Schweizerische Nationalbibliothek,Artur Wehrli,https://commons.wikimedia.org/entity/M145132920,"Deutschland, Schwarzwald, Landschaft","Blick auf ein Teilabschnitt einer Strasse, die durch ein Tal im Schwarzwald führt, auf einem Felsvprsprung ist ein Hirsch zu sehen",1912,Artur Wehrli,,Germany,Baden-Württemberg,"Deutschland, [Lokalisierung unsicher]",,,0,False,0,,
"Deutschland, Titisee, Landschaft",Blick auf den Titisee und die umliegenden Häuser,47.8932083,8.1462357,Nein,Titisee,lcmt-nabi-pctmp_ead_wehr_23723-B_pctmp.jpg,,circa 1912,,Schweizerische Nationalbibliothek,Artur Wehrli,https://commons.wikimedia.org/entity/M145132957,"Deutschland, Titisee, Landschaft",Blick auf den Titisee und die umliegenden Häuser,1912,Artur Wehrli,,Germany,Baden-Württemberg,Titisee-Neustadt,47.89425,8.1461,5,False,0,0.12,https://www.openstreetmap.org/?mlat=47.89425&mlon=8.1461&zoom=14
"Deutschland, Feldberg, Feldberger Hof, Teilaussenansicht",Blick auf das Hotel Feldberger Hof,47.8620963,8.1019449,Nein,Feldberg,lcmt-nabi-pctmp_ead_wehr_23724-B_pctmp.jpg,,circa 1912,,Schweizerische Nationalbibliothek,Artur Wehrli,https://commons.wikimedia.org/entity/M145133006,"Deutschland, Feldberg, Feldberger Hof",Blick auf das Hotel Feldberger Hof,1912,Artur Wehrli,,Germany,Baden-Württemberg,Feldberg,53.3435949,13.4552677,4,False,1,716.65,https://www.openstreetmap.org/?mlat=53.3435949&mlon=13.4552677&zoom=14
"Deutschland, Triberg im Schwarzwald, Landschaft",Blick auf einige Häuser in Triberg im Schwarzwald und die umliegende Landschaft,48.1298016,8.232271,Nein,Triberg im Schwarzwald,lcmt-nabi-pctmp_ead_wehr_23725-B_pctmp.jpg,,circa 1912,,Schweizerische Nationalbibliothek,Artur Wehrli,https://commons.wikimedia.org/entity/M145133060,"Deutschland, Triberg im Schwarzwald, Landschaft",Blick auf einige Häuser in Triberg im Schwarzwald und die umliegende Landschaft,1912,Artur Wehrli,,Germany,Baden-Württemberg,Triberg im Schwarzwald,48.13175,8.23317,3,True,0,0.23,https://www.openstreetmap.org/?mlat=48.13175&mlon=8.23317&zoom=14
"Deutschland, Triberg im Schwarzwald, Ortsteilansicht",Blick über einige Tannenwipfel hinweg auf Triberg im Schwarzwald runter von der Bahnlinie aus,48.1298016,8.232271,Nein,Triberg im Schwarzwald,lcmt-nabi-pctmp_ead_wehr_23726-B_pctmp.jpg,,circa 1912,,Schweizerische Nationalbibliothek,Artur Wehrli,https://commons.wikimedia.org/entity/M145133152,"Deutschland, Triberg im Schwarzwald, Ortsteilansicht",Blick über einige Tannenwipfel hinweg auf Triberg im Schwarzwald runter von der Bahnlinie aus,1912,Artur Wehrli,,Germany,Baden-Württemberg,Triberg im Schwarzwald,48.13175,8.23317,3,True,0,0.23,https://www.openstreetmap.org/?mlat=48.13175&mlon=8.23317&zoom=14
"Deutschland, Schwarzwald, Bauernhaus, Teilaussenansicht [Lokalisierung unsicher]",Ansicht eines Bauernhauses im Schwarzwald,,,Nein,"Deutschland, [Lokalisierung unsicher]",lcmt-nabi-pctmp_ead_wehr_23727-B_pctmp.jpg,,circa 1912,,Schweizerische Nationalbibliothek,Artur Wehrli,https://commons.wikimedia.org/entity/M145133200,"Deutschland, Schwarzwald, Bauernhaus",Ansicht eines Bauernhauses im Schwarzwald,1912,Artur Wehrli,,Germany,Baden-Württemberg,"Deutschland, [Lokalisierung unsicher]",,,0,False,0,,
"Deutschland, St. Blasien, Ortsteilansicht","Blick auf St. Blasien runter, im vorderen Teil rechts ist der Dom St. Blasius zu sehen",47.7602106,8.131426,Nein,St. Blasien,lcmt-nabi-pctmp_ead_wehr_23728-B_pctmp.jpg,,circa 1912,,Schweizerische Nationalbibliothek,Artur Wehrli,https://commons.wikimedia.org/entity/M145133240,"Deutschland, St. Blasien, Ortsteilansicht","Blick auf St. Blasien runter, im vorderen Teil rechts ist der Dom St. Blasius zu sehen",1912,Artur Wehrli,,Germany,Baden-Württemberg,St. Blasien,47.76252,8.12714,3,True,0,0.41,https://www.openstreetmap.org/?mlat=47.76252&mlon=8.12714&zoom=14
"Deutschland, St. Blasien, Ortsteilansicht",Blick auf St. Blasien runter über die Wipfel einiger Tannen hinweg,47.7602106,8.131426,Nein,St. Blasien,lcmt-nabi-pctmp_ead_wehr_23729-B_pctmp.jpg,,circa 1912,,Schweizerische Nationalbibliothek,Artur Wehrli,https://commons.wikimedia.org/entity/M145133289,"Deutschland, St. Blasien, Ortsteilansicht",Blick auf St. Blasien runter über die Wipfel einiger Tannen hinweg,1912,Artur Wehrli,,Germany,Baden-Württemberg,St. Blasien,47.76252,8.12714,3,True,0,0.41,https://www.openstreetmap.org/?mlat=47.76252&mlon=8.12714&zoom=14
"Deutschland, St. Blasien, Landschaft","Ansicht eines dichten Tannenwaldes und die nähere Umgebung, im Hintergrund ist ein Teil von St. Blasien udn der Dom St. Blasius zu sehen",47.7602106,8.131426,Nein,St. Blasien,lcmt-nabi-pctmp_ead_wehr_23730-B_pctmp.jpg,,circa 1912,,Schweizerische Nationalbibliothek,Artur Wehrli,https://commons.wikimedia.org/entity/M145133388,"Deutschland, St. Blasien, Landschaft","Ansicht eines dichten Tannenwaldes und die nähere Umgebung, im Hintergrund ist ein Teil von St. Blasien udn der Dom St. Blasius zu sehen",1912,Artur Wehrli,,Germany,Baden-Württemberg,St. Blasien,47.76252,8.12714,3,True,0,0.41,https://www.openstreetmap.org/?mlat=47.76252&mlon=8.12714&zoom=14
"Deutschland, St. Blasien, Ortsteilansicht",Blick auf St. Blasien runter gegen den Feldberg,47.7602106,8.131426,Nein,St. Blasien,lcmt-nabi-pctmp_ead_wehr_23731-B_pctmp.jpg,,circa 1912,,Schweizerische Nationalbibliothek,Artur Wehrli,https://commons.wikimedia.org/entity/M145133449,"Deutschland, St. Blasien, Ortsteilansicht",Blick auf St. Blasien runter gegen den Feldberg,1912,Artur Wehrli,,Germany,Baden-Württemberg,St. Blasien,47.76252,8.12714,3,True,0,0.41,https://www.openstreetmap.org/?mlat=47.76252&mlon=8.12714&zoom=14
"Deutschland, St. Blasien, Ortsteilansicht",Ansicht von St. Blasien,47.7602106,8.131426,Nein,St. Blasien,lcmt-nabi-pctmp_ead_wehr_23732-B_pctmp.jpg,,circa 1912,,Schweizerische Nationalbibliothek,Artur Wehrli,https://commons.wikimedia.org/entity/M145133510,"Deutschland, St. Blasien, Ortsteilansicht",Ansicht von St. Blasien,1912,Artur Wehrli,,Germany,Baden-Württemberg,St. Blasien,47.76252,8.12714,3,True,0,0.41,https://www.openstreetmap.org/?mlat=47.76252&mlon=8.12714&zoom=14
"Deutschland, St. Blasien, Landschaft",Blick über einen dichten Tannenwald und Wiesen hinweg auf St. Blasien,47.7602106,8.131426,Nein,St. Blasien,lcmt-nabi-pctmp_ead_wehr_23733-B_pctmp.jpg,,circa 1912,,Schweizerische Nationalbibliothek,Artur Wehrli,https://commons.wikimedia.org/entity/M145133567,"Deutschland, St. Blasien, Landschaft",Blick über einen dichten Tannenwald und Wiesen hinweg auf St. Blasien,1912,Artur Wehrli,,Germany,Baden-Württemberg,St. Blasien,47.76252,8.12714,3,True,0,0.41,https://www.openstreetmap.org/?mlat=47.76252&mlon=8.12714&zoom=14
"Deutschland, Villingen, Ortsteilansicht","Blick auf eine Strasse in Villingen, mit dem Münster Unserer Lieben Frau",48.0596619,8.4598995,Nein,Villingen,lcmt-nabi-pctmp_ead_wehr_23734-B_pctmp.jpg,,circa 1912,,Schweizerische Nationalbibliothek,Artur Wehrli,https://commons.wikimedia.org/entity/M145156823,"Deutschland, Villingen, Ortsteilansicht","Blick auf eine Strasse in Villingen, mit dem Münster Unserer Lieben Frau",1912,Artur Wehrli,,Germany,Baden-Württemberg,Villingen,50.50447,8.93609,3,True,0,274.03,https://www.openstreetmap.org/?mlat=50.50447&mlon=8.93609&zoom=14
"Deutschland, Villingen, Ortsteilansicht","Zentrum des Dorfes (ehemalige Riedstrasse), viele Menschen stehen auf der Strasse",48.063152,8.4929618,Nein,Villingen-Schwenningen,lcmt-nabi-pctmp_ead_wehr_23735-B_pctmp.jpg,,circa 1912,,Schweizerische Nationalbibliothek,Artur Wehrli,https://commons.wikimedia.org/entity/M145156859,"Deutschland, Villingen-Schwenningen, Ortsteilansicht","Zentrum des Dorfes (ehemalige Riedstrasse), viele Menschen stehen auf der Strasse",1912,Artur Wehrli,,Germany,Baden-Württemberg,Villingen-Schwenningen,48.0667,8.45,3,True,0,3.22,https://www.openstreetmap.org/?mlat=48.0667&mlon=8.45&zoom=14
"Deutschland, Baden-Baden, Ortsteilansicht",Blick vom Bergschloss auf Baden-Baden gegen den Fremersberg,48.7610716,8.239959,Nein,Baden-Baden,lcmt-nabi-pctmp_ead_wehr_23736-B_pctmp.jpg,,circa 1912,,Schweizerische Nationalbibliothek,Artur Wehrli,https://commons.wikimedia.org/entity/M145133716,"Deutschland, Baden-Baden, Ortsteilansicht",Blick vom Bergschloss auf Baden-Baden gegen den Fremersberg,1912,Artur Wehrli,,Germany,Baden-Württemberg,Baden-Baden,48.7606,8.23975,3,True,0,0.05,https://www.openstreetmap.org/?mlat=48.7606&mlon=8.23975&zoom=14
"Deutschland, Baden-Baden, Ortsteilansicht",Blick auf Baden-Baden gegen den Merkur,48.7610716,8.239959,Nein,Baden-Baden,lcmt-nabi-pctmp_ead_wehr_23737-B_pctmp.jpg,,circa 1912,,Schweizerische Nationalbibliothek,Artur Wehrli,https://commons.wikimedia.org/entity/M145133759,"Deutschland, Baden-Baden, Ortsteilansicht",Blick auf Baden-Baden gegen den Merkur,1912,Artur Wehrli,,Germany,Baden-Württemberg,Baden-Baden,48.7606,8.23975,3,True,0,0.05,https://www.openstreetmap.org/?mlat=48.7606&mlon=8.23975&zoom=14
"Deutschland, Baden-Baden, Ortsteilansicht",Blick auf einige Häuser von Baden-Baden,48.7610716,8.239959,Nein,Baden-Baden,lcmt-nabi-pctmp_ead_wehr_23738-B_pctmp.jpg,,circa 1912,,Schweizerische Nationalbibliothek,Artur Wehrli,https://commons.wikimedia.org/entity/M145133814,"Deutschland, Baden-Baden, Ortsteilansicht",Blick auf einige Häuser von Baden-Baden,1912,Artur Wehrli,,Germany,Baden-Württemberg,Baden-Baden,48.7606,8.23975,3,True,0,0.05,https://www.openstreetmap.org/?mlat=48.7606&mlon=8.23975&zoom=14
"Deutschland, Baden-Baden, Ortsteilansicht",Blick auf Baden-Baden gegen das Schloss,48.7610716,8.239959,Nein,Baden-Baden,lcmt-nabi-pctmp_ead_wehr_23739-B_pctmp.jpg,,circa 1912,,Schweizerische Nationalbibliothek,Artur Wehrli,https://commons.wikimedia.org/entity/M145133906,"Deutschland, Baden-Baden, Ortsteilansicht",Blick auf Baden-Baden gegen das Schloss,1912,Artur Wehrli,,Germany,Baden-Württemberg,Baden-Baden,48.7606,8.23975,3,True,0,0.05,https://www.openstreetmap.org/?mlat=48.7606&mlon=8.23975&zoom=14
"Deutschland, Baden-Baden, Altes Schloss Hohenbaden, Teilaussenansicht","Blick auf das Alte Schloss Hohenbaden, im Hintergrund ist Baden-Baden zu sehen",48.7610716,8.239959,Nein,Baden-Baden,lcmt-nabi-pctmp_ead_wehr_23740-B_pctmp.jpg,,circa 1912,,Schweizerische Nationalbibliothek,Artur Wehrli,https://commons.wikimedia.org/entity/M145133977,"Deutschland, Baden-Baden, Altes Schloss Hohenbaden","Blick auf das Alte Schloss Hohenbaden, im Hintergrund ist Baden-Baden zu sehen",1912,Artur Wehrli,,Germany,Baden-Württemberg,Baden-Baden,48.7765619,8.2442195,4,False,1,1.75,https://www.openstreetmap.org/?mlat=48.7765619&mlon=8.2442195&zoom=14
"Deutschland, Baden-Baden, Trinkhalle, Teilaussenansicht",Ansicht der Trinkhalle mit dem Denkmal Kaiser Wilhelms I.,48.7610716,8.239959,Nein,Baden-Baden,lcmt-nabi-pctmp_ead_wehr_23741-B_pctmp.jpg,,circa 1912,,Schweizerische Nationalbibliothek,Artur Wehrli,https://commons.wikimedia.org/entity/M145134011,"Deutschland, Baden-Baden, Trinkhalle",Ansicht der Trinkhalle mit dem Denkmal Kaiser Wilhelms I.,1912,Artur Wehrli,,Germany,Baden-Württemberg,Baden-Baden,48.7617867,8.2367369,4,False,1,0.25,https://www.openstreetmap.org/?mlat=48.7617867&mlon=8.2367369&zoom=14
"Deutschland, Baden-Baden, Ortsteilansicht",Blick auf einen Brunnen in einem Park der Kuranlagen,48.7610716,8.239959,Nein,Baden-Baden,lcmt-nabi-pctmp_ead_wehr_23742-B_pctmp.jpg,,circa 1912,,Schweizerische Nationalbibliothek,Artur Wehrli,https://commons.wikimedia.org/entity/M145134062,"Deutschland, Baden-Baden, Kuranlagen, Brunnen",Blick auf einen Brunnen in einem Park der Kuranlagen,1912,Artur Wehrli,,Germany,Baden-Württemberg,Baden-Baden,48.7606,8.23975,3,True,0,0.05,https://www.openstreetmap.org/?mlat=48.7606&mlon=8.23975&zoom=14
"Deutschland, Baden-Baden, Schloss Hohenbaden, Teilansicht",Blick auf die Galerie im Schloss Hohenbaden,48.7610716,8.239959,Nein,Baden-Baden,lcmt-nabi-pctmp_ead_wehr_23743-B_pctmp.jpg,,1912,,Schweizerische Nationalbibliothek,Artur Wehrli,https://commons.wikimedia.org/entity/M145134101,"Deutschland, Baden-Baden, Schloss Hohenbaden",Blick auf die Galerie im Schloss Hohenbaden,1912,Artur Wehrli,,Germany,Baden-Württemberg,Baden-Baden,48.7765619,8.2442195,4,False,1,1.75,https://www.openstreetmap.org/?mlat=48.7765619&mlon=8.2442195&zoom=14
"Deutschland, Baden-Baden, Ortsgesamtansicht",Blick auf Baden-Baden runter vom Alten Schloss Hohenbaden aus,48.7610716,8.239959,Nein,Baden-Baden,lcmt-nabi-pctmp_ead_wehr_23744-B_pctmp.jpg,,circa 1912,,Schweizerische Nationalbibliothek,Artur Wehrli,https://commons.wikimedia.org/entity/M145134145,"Deutschland, Baden-Baden, Ortsgesamtansicht",Blick auf Baden-Baden runter vom Alten Schloss Hohenbaden aus,1912,Artur Wehrli,,Germany,Baden-Württemberg,Baden-Baden,48.7606,8.23975,3,True,0,0.05,https://www.openstreetmap.org/?mlat=48.7606&mlon=8.23975&zoom=14
"Deutschland, Weisenbach, Ortsansicht",Ansicht einiger Häuser und der Kirche von Weisenbach und der umliegenden Landschaft,48.729678,8.353855,Nein,Weisenbach,lcmt-nabi-pctmp_ead_wehr_23745-B_pctmp.jpg,,circa 1912,,Schweizerische Nationalbibliothek,Artur Wehrli,https://commons.wikimedia.org/entity/M145134238,"Deutschland, Weisenbach, Ortsansicht",Ansicht einiger Häuser und der Kirche von Weisenbach und der umliegenden Landschaft,1912,Artur Wehrli,,Germany,Baden-Württemberg,Weisenbach,48.72757,8.35378,3,True,0,0.23,https://www.openstreetmap.org/?mlat=48.72757&mlon=8.35378&zoom=14
"Deutschland, Karlsruhe, Ortsteilansicht",Blick auf Karlsruhe vom Schloss aus,49.0068705,8.4034195,Nein,Karlsruhe,lcmt-nabi-pctmp_ead_wehr_23746-B_pctmp.jpg,,circa 1912,,Schweizerische Nationalbibliothek,Artur Wehrli,https://commons.wikimedia.org/entity/M145134333,"Deutschland, Karlsruhe, Ortsteilansicht",Blick auf Karlsruhe vom Schloss aus,1912,Artur Wehrli,,Germany,Baden-Württemberg,Karlsruhe,49.00937,8.40444,3,True,0,0.29,https://www.openstreetmap.org/?mlat=49.00937&mlon=8.40444&zoom=14
"Deutschland, Karlsruhe, Ortsteilansicht",de Blick auf die Kaiserstraße in Karlsruhe,49.0068705,8.4034195,Nein,Karlsruhe,lcmt-nabi-pctmp_ead_wehr_23747-B_pctmp.jpg,,1912,,Schweizerische Nationalbibliothek,Artur Wehrli,https://commons.wikimedia.org/entity/M145134387,"Deutschland, Karlsruhe, Kaiserstraße",de Blick auf die Kaiserstraße in Karlsruhe,1912,Artur Wehrli,,Germany,Baden-Württemberg,Karlsruhe,49.0095911,8.4004136,4,False,1,0.37,https://www.openstreetmap.org/?mlat=49.0095911&mlon=8.4004136&zoom=14
"Deutschland, Karlsruhe, Ortsteilansicht",Blick in den Stadtgarten von Karlsruhe,49.0068705,8.4034195,Nein,Karlsruhe,lcmt-nabi-pctmp_ead_wehr_23748-B_pctmp.jpg,,Taken in 1912 location=Germany,,Schweizerische Nationalbibliothek,Artur Wehrli,https://commons.wikimedia.org/entity/M145134428,"Deutschland, Karlsruhe, Stadtgarten",Blick in den Stadtgarten von Karlsruhe,1912,Artur Wehrli,,Germany,Baden-Württemberg,Karlsruhe,49.00937,8.40444,3,True,0,0.29,https://www.openstreetmap.org/?mlat=49.00937&mlon=8.40444&zoom=14
"Deutschland, Karlsruhe, Schloss Karlsruhe, Teilaussenansicht",Aussenansicht des Karlsruher Schlosses,49.0068705,8.4034195,Nein,Karlsruhe,lcmt-nabi-pctmp_ead_wehr_23749-B_pctmp.jpg,,circa 1912,,Schweizerische Nationalbibliothek,Artur Wehrli,https://commons.wikimedia.org/entity/M145134482,"Deutschland, Karlsruhe, Schloss Karlsruhe",Aussenansicht des Karlsruher Schlosses,1912,Artur Wehrli,,Germany,Baden-Württemberg,Karlsruhe,49.0135248,8.4043592,4,False,1,0.74,https://www.openstreetmap.org/?mlat=49.0135248&mlon=8.4043592&zoom=14
"Deutschland, Karlsruhe, Ortsteilansicht",Ansicht eines Seerosenteiches im Stadtgarten von Karlsruhe,49.0068705,8.4034195,Nein,Karlsruhe,lcmt-nabi-pctmp_ead_wehr_23750-B_pctmp.jpg,,1912,,Schweizerische Nationalbibliothek,Artur Wehrli,https://commons.wikimedia.org/entity/M145134552,"Deutschland, Karlsruhe, Stadtgarten, Seerose",Ansicht eines Seerosenteiches im Stadtgarten von Karlsruhe,1912,Artur Wehrli,,Germany,Baden-Württemberg,Karlsruhe,49.00937,8.40444,3,True,0,0.29,https://www.openstreetmap.org/?mlat=49.00937&mlon=8.40444&zoom=14
"Deutschland, Karlsruhe, Ortsteilansicht",Teilansicht des Stadtgartens beim Schwarzwälderhaus,49.0068705,8.4034195,Nein,Karlsruhe,lcmt-nabi-pctmp_ead_wehr_23751-B_pctmp.jpg,,circa 1912,,Schweizerische Nationalbibliothek,Artur Wehrli,https://commons.wikimedia.org/entity/M145134597,"Deutschland, Karlsruhe, Stadtgarten",Teilansicht des Stadtgartens beim Schwarzwälderhaus,1912,Artur Wehrli,,Germany,Baden-Württemberg,Karlsruhe,49.00937,8.40444,3,True,0,0.29,https://www.openstreetmap.org/?mlat=49.00937&mlon=8.40444&zoom=14
"Deutschland, Heidelberg, Ortsteilansicht",Blick auf Heidelberg,49.4093582,8.694724,Nein,Heidelberg,lcmt-nabi-pctmp_ead_wehr_23752-B_pctmp.jpg,,1912,,Schweizerische Nationalbibliothek,Artur Wehrli,https://commons.wikimedia.org/entity/M145134625,"Heidelberg, Ortsteilansicht",Blick auf Heidelberg,1912,Artur Wehrli,,Germany,Baden-Württemberg,Heidelberg,49.40768,8.69079,3,True,0,0.34,https://www.openstreetmap.org/?mlat=49.40768&mlon=8.69079&zoom=14
"Deutschland, Heidelberg, Ortsteilansicht",Ansicht von Heidelberg,49.4093582,8.694724,Nein,Heidelberg,lcmt-nabi-pctmp_ead_wehr_23753-B_pctmp.jpg,,1912,,Schweizerische Nationalbibliothek,Artur Wehrli,https://commons.wikimedia.org/entity/M145134663,"Heidelberg, Ortsteilansicht",Ansicht von Heidelberg,1912,Artur Wehrli,,Germany,Baden-Württemberg,Heidelberg,49.40768,8.69079,3,True,0,0.34,https://www.openstreetmap.org/?mlat=49.40768&mlon=8.69079&zoom=14
"Deutschland, Heidelberg, Ortsteilansicht",Ansicht von Heidelberg,49.4093582,8.694724,Nein,Heidelberg,lcmt-nabi-pctmp_ead_wehr_23754-B_pctmp.jpg,,1912,,Schweizerische Nationalbibliothek,Artur Wehrli,https://commons.wikimedia.org/entity/M145134704,"Heidelberg, Ortsteilansicht",Ansicht von Heidelberg,1912,Artur Wehrli,,Germany,Baden-Württemberg,Heidelberg,49.40768,8.69079,3,True,0,0.34,https://www.openstreetmap.org/?mlat=49.40768&mlon=8.69079&zoom=14
"Deutschland, Heidelberg, Heidelberger Schloss, Teilaussenansicht",Blick in den Schlosshof des Heidelberger Schlosses,49.4093582,8.694724,Nein,Heidelberg,lcmt-nabi-pctmp_ead_wehr_23755-B_pctmp.jpg,,circa 1912,,Schweizerische Nationalbibliothek,Artur Wehrli,https://commons.wikimedia.org/entity/M145134755,"Heidelberg, Heidelberger Schloss",Blick in den Schlosshof des Heidelberger Schlosses,1912,Artur Wehrli,,Germany,Baden-Württemberg,Heidelberg,49.4105,8.71602,5,False,0,1.55,https://www.openstreetmap.org/?mlat=49.4105&mlon=8.71602&zoom=14
"Deutschland, Mannheim, Ortsteilansicht",Blick über den dichtbefahrenen Rhein auf die Rheinbrücke,49.4892913,8.4673098,Nein,Mannheim,lcmt-nabi-pctmp_ead_wehr_23756-B_pctmp.jpg,,circa 1912,,Schweizerische Nationalbibliothek,Artur Wehrli,https://commons.wikimedia.org/entity/M145134810,"Mannheim, Ortsteilansicht",Blick über den dichtbefahrenen Rhein auf die Rheinbrücke,1912,Artur Wehrli,,Germany,Baden-Württemberg,Mannheim,49.4891,8.46694,3,True,0,0.03,https://www.openstreetmap.org/?mlat=49.4891&mlon=8.46694&zoom=14
"Deutschland, Mainz, Mainzer Dom, Gesamtaussenansicht","Blick auf den Mainzer Dom, im Vordergrund Strassenbahnschienen",49.9995205,8.2736253,Nein,Mainz,lcmt-nabi-pctmp_ead_wehr_23757-B_pctmp.jpg,,1912,,Schweizerische Nationalbibliothek,Artur Wehrli,https://commons.wikimedia.org/entity/M145134874,"Mainz, Mainzer Dom","Blick auf den Mainzer Dom, im Vordergrund Strassenbahnschienen",1912,Artur Wehrli,,Germany,Rhineland-Palatinate,Mainz,49.99885,8.27357,5,False,0,0.07,https://www.openstreetmap.org/?mlat=49.99885&mlon=8.27357&zoom=14
"Deutschland, Mainz, Christuskirche, Teilaussenansicht","Blick auf die Christuskirche, im Vordergrund spazieren Leute über den Platz",49.9995205,8.2736253,Nein,Mainz,lcmt-nabi-pctmp_ead_wehr_23758-B_pctmp.jpg,,circa 1912,,Schweizerische Nationalbibliothek,Artur Wehrli,https://commons.wikimedia.org/entity/M145134939,"Mainz, Christuskirche","Blick auf die Christuskirche, im Vordergrund spazieren Leute über den Platz",1912,Artur Wehrli,,Germany,Rhineland-Palatinate,Mainz,50.0073363,8.2665675,4,False,1,1.0,https://www.openstreetmap.org/?mlat=50.0073363&mlon=8.2665675&zoom=14
"Deutschland, Mainz, Ortsteilansicht",Blick entlang der Kaiserstrasse in Mainz,49.9995205,8.2736253,Nein,Mainz,lcmt-nabi-pctmp_ead_wehr_23759-B_pctmp.jpg,,circa 1912,,Schweizerische Nationalbibliothek,Artur Wehrli,https://commons.wikimedia.org/entity/M145135028,"Mainz, Ortsteilansicht",Blick entlang der Kaiserstrasse in Mainz,1912,Artur Wehrli,,Germany,Rhineland-Palatinate,Mainz,49.98185,8.28008,3,True,0,2.02,https://www.openstreetmap.org/?mlat=49.98185&mlon=8.28008&zoom=14
"Deutschland, Mainz, Ortsteilansicht",Ansicht der Rheinstrasse in Mainz mit dem Holzturm,49.9995205,8.2736253,Nein,Mainz,lcmt-nabi-pctmp_ead_wehr_23760-B_pctmp.jpg,,1912,,Schweizerische Nationalbibliothek,Artur Wehrli,https://commons.wikimedia.org/entity/M145135062,"Mainz, Ortsteilansicht",Ansicht der Rheinstrasse in Mainz mit dem Holzturm,1912,Artur Wehrli,,Germany,Rhineland-Palatinate,Mainz,49.98185,8.28008,3,True,0,2.02,https://www.openstreetmap.org/?mlat=49.98185&mlon=8.28008&zoom=14
"Deutschland, Mainz, Südbrücke, Teilansicht",Ansicht der Südbrücke mit einem der Brückentürme,49.9995205,8.2736253,Nein,Mainz,lcmt-nabi-pctmp_ead_wehr_23761-B_pctmp.jpg,,1912,,Schweizerische Nationalbibliothek,Artur Wehrli,https://commons.wikimedia.org/entity/M145156893,"Mainz, Südbrücke",Ansicht der Südbrücke mit einem der Brückentürme,1912,Artur Wehrli,,Germany,Rhineland-Palatinate,Mainz,49.9922732,8.2965881,4,False,1,1.83,https://www.openstreetmap.org/?mlat=49.9922732&mlon=8.2965881&zoom=14
"Deutschland, Ludwigsgafen, Ortsteilansicht",Ansicht des dicht befahrenen Rheins bei Ludwigshafen; die Beschriftung im Negativ ist falsch.,49.4704113,8.4381568,Nein,Ludwigshafen,lcmt-nabi-pctmp_ead_wehr_23762-B_pctmp.jpg,,before 1905,,Schweizerische Nationalbibliothek,Artur Wehrli,https://commons.wikimedia.org/entity/M145135146,"Ludwigshafen, Ortsteilansicht",Ansicht des dicht befahrenen Rheins bei Ludwigshafen; die Beschriftung im Negativ ist falsch.,,Artur Wehrli,,Germany,Rhineland-Palatinate,Ludwigshafen,49.48121,8.44641,3,True,0,1.34,https://www.openstreetmap.org/?mlat=49.48121&mlon=8.44641&zoom=14
"Deutschland, Assmannshausen, Ortsteilansicht",Blick auf Assmannshausen über den Rhein hinweg,49.9889929,7.8651115,Nein,Assmannshausen,lcmt-nabi-pctmp_ead_wehr_23763-B_pctmp.jpg,,circa 1912,,Schweizerische Nationalbibliothek,Artur Wehrli,https://commons.wikimedia.org/entity/M145135192,"Assmannshausen, Ortsteilansicht",Blick auf Assmannshausen über den Rhein hinweg,1912,Artur Wehrli,,Germany,Hessen,Assmannshausen,49.98986,7.86716,3,True,0,0.18,https://www.openstreetmap.org/?mlat=49.98986&mlon=7.86716&zoom=14
"Deutschland, Bacharach, Ortsgesamtansicht",Blick auf Bacharach am Rhein,50.0597943,7.7683997,Nein,Bacharach,lcmt-nabi-pctmp_ead_wehr_23764-B_pctmp.jpg,,circa 1912,,Schweizerische Nationalbibliothek,Artur Wehrli,https://commons.wikimedia.org/entity/M145135334,"Bacharach, Ortsgesamtansicht",Blick auf Bacharach am Rhein,1912,Artur Wehrli,,Germany,Rhineland-Palatinate,Bacharach,50.05725,7.76948,3,True,0,0.29,https://www.openstreetmap.org/?mlat=50.05725&mlon=7.76948&zoom=14
"Deutschland, Bacharach, Ortsteilansicht","Blick über die Weinreben auf einige Häuser, die Kirche und die Wernerkapelle",50.0597943,7.7683997,Nein,Bacharach,lcmt-nabi-pctmp_ead_wehr_23765-B_pctmp.jpg,,circa 1912,,Schweizerische Nationalbibliothek,Artur Wehrli,https://commons.wikimedia.org/entity/M145156937,"Bacharach, Ortsteilansicht","Blick über die Weinreben auf einige Häuser, die Kirche und die Wernerkapelle",1912,Artur Wehrli,,Germany,Rhineland-Palatinate,Bacharach,50.05725,7.76948,3,True,0,0.29,https://www.openstreetmap.org/?mlat=50.05725&mlon=7.76948&zoom=14
"Deutschland, Bacharach, Ortsteilansicht","Blick auf Bacharach mit der Kirche und der Wernerkapelle, oberhalb des Ortes erhebt sich die Burg Stahleck",50.0597943,7.7683997,Nein,Bacharach,lcmt-nabi-pctmp_ead_wehr_23766-B_pctmp.jpg,,circa 1912,,Schweizerische Nationalbibliothek,Artur Wehrli,https://commons.wikimedia.org/entity/M145156970,"Bacharach, Ortsteilansicht","Blick auf Bacharach mit der Kirche und der Wernerkapelle, oberhalb des Ortes erhebt sich die Burg Stahleck",1912,Artur Wehrli,,Germany,Rhineland-Palatinate,Bacharach,50.05725,7.76948,3,True,0,0.29,https://www.openstreetmap.org/?mlat=50.05725&mlon=7.76948&zoom=14
"Deutschland, Bacharach, Ortsteilansicht","Blick auf eine Strasse, auf der zwei Kinder entlang gehen, die zum Steeger Tor führt, neben einigen Häusern sind auch weitere Türme der Stadtmauer zu sehen",50.0597943,7.7683997,Nein,Bacharach,lcmt-nabi-pctmp_ead_wehr_23767-B_pctmp.jpg,,circa 1912,,Schweizerische Nationalbibliothek,Artur Wehrli,https://commons.wikimedia.org/entity/M145135438,"Bacharach, Ortsteilansicht","Blick auf eine Strasse, auf der zwei Kinder entlang gehen, die zum Steeger Tor führt, neben einigen Häusern sind auch weitere Türme der Stadtmauer zu sehen",1912,Artur Wehrli,,Germany,Rhineland-Palatinate,Bacharach,50.05725,7.76948,3,True,0,0.29,https://www.openstreetmap.org/?mlat=50.05725&mlon=7.76948&zoom=14
"Deutschland, Trechtingshausen, Burg Rheinstein, Teilaussenansicht",Blick auf die Burg Rheinstein von Süden,50.0112841,7.847867,Nein,Trechtingshausen,lcmt-nabi-pctmp_ead_wehr_23768-B_pctmp.jpg,,circa 1912,,Schweizerische Nationalbibliothek,Artur Wehrli,https://commons.wikimedia.org/entity/M145135484,"Trechtingshausen, Burg Rheinstein",Blick auf die Burg Rheinstein von Süden,1912,Artur Wehrli,,Germany,Rhineland-Palatinate,Trechtingshausen,49.9937,7.85843,5,False,0,2.1,https://www.openstreetmap.org/?mlat=49.9937&mlon=7.85843&zoom=14
"Deutschland, Koblenz, Schloss Stolzenfels, Teilaussenansicht","Blick auf Schloss Stolzenfels von Norden, den Rhein und das am gegenüberliegenden Ufer gelegene Lahnstein",50.3533278,7.5943951,Nein,Koblenz,lcmt-nabi-pctmp_ead_wehr_23769-B_pctmp.jpg,,circa 1912,,Schweizerische Nationalbibliothek,Artur Wehrli,https://commons.wikimedia.org/entity/M145135540,"Koblenz, Schloss Stolzenfels","Blick auf Schloss Stolzenfels von Norden, den Rhein und das am gegenüberliegenden Ufer gelegene Lahnstein",1912,Artur Wehrli,,Germany,Rhineland-Palatinate,Koblenz,50.3032,7.59242,5,False,0,5.58,https://www.openstreetmap.org/?mlat=50.3032&mlon=7.59242&zoom=14
"Göschenen, Tunneleingang Gotthardbahn, Gesamtansicht",Ansicht des Tunneleingangs der Gotthardbahn bei Göschenen.,46.6676488,8.588703,Nein,Göschenen,lcmt-nabi-pctmp_ead_wehr_2377-B_pctmp.jpg,Uri,1905,,Schweizerische Nationalbibliothek,unknown photographer,https://commons.wikimedia.org/entity/M144157473,"Göschenen, Gotthardbahn Tunneleingang",Ansicht des Tunneleingangs der Gotthardbahn bei Göschenen.,1905,,,Switzerland,Kanton Uri,Göschenen,46.66816,8.58709,3,True,0,0.14,https://www.openstreetmap.org/?mlat=46.66816&mlon=8.58709&zoom=14
"Deutschland, Koblenz, Kaiser-Wilhelm-Denkmal, Gesamtansicht",Blick auf das Kaiser-Wilhelm-Denkmal am Deutschen Eck,50.3533278,7.5943951,Nein,Koblenz,lcmt-nabi-pctmp_ead_wehr_23771-B_pctmp.jpg,,circa 1912,,Schweizerische Nationalbibliothek,Artur Wehrli,https://commons.wikimedia.org/entity/M145135649,"Koblenz, Kaiser-Wilhelm-Denkmal",Blick auf das Kaiser-Wilhelm-Denkmal am Deutschen Eck,1912,Artur Wehrli,,Germany,Rhineland-Palatinate,Koblenz,50.3640999,7.6055997,4,False,1,1.44,https://www.openstreetmap.org/?mlat=50.3640999&mlon=7.6055997&zoom=14
"Deutschland, Schwarzwald, Bauernhaus, Teilaussenansicht, [Lokalisierung unsicher]",Ansicht eines Bauernhauses im Schwarzwald,48.2634439,8.1647488,Nein,Schwarzwald,lcmt-nabi-pctmp_ead_wehr_23772-B_pctmp.jpg,,circa 1912,,Schweizerische Nationalbibliothek,Artur Wehrli,https://commons.wikimedia.org/entity/M145135737,"Deutschland, Schwarzwald, Bauernhaus",Ansicht eines Bauernhauses im Schwarzwald,1912,Artur Wehrli,,Germany,Baden-Württemberg,Schwarzwald,,,0,False,0,,
"Deutschland, Wiesbaden, Ortsteilansicht",Blick auf Wiesbaden von Süden aus,50.0820384,8.2416556,Nein,Wiesbaden,lcmt-nabi-pctmp_ead_wehr_23773-B_pctmp.jpg,,circa 1912,,Schweizerische Nationalbibliothek,Artur Wehrli,https://commons.wikimedia.org/entity/M145135928,"Deutschland, Wiesbaden, Ortsteilansicht",Blick auf Wiesbaden von Süden aus,1912,Artur Wehrli,,Germany,Hessen,Wiesbaden,50.08601,8.24435,3,True,0,0.48,https://www.openstreetmap.org/?mlat=50.08601&mlon=8.24435&zoom=14
"Deutschland, Wiesbaden, Ortsteilansicht",Ansicht der Wilhelmstrasse in Wiesbaden,50.0820384,8.2416556,Nein,Wiesbaden,lcmt-nabi-pctmp_ead_wehr_23774-B_pctmp.jpg,,1912,,Schweizerische Nationalbibliothek,Artur Wehrli,https://commons.wikimedia.org/entity/M145135985,"Deutschland, Wiesbaden, Wilhelmstrasse",Ansicht der Wilhelmstrasse in Wiesbaden,1912,Artur Wehrli,,Germany,Hessen,Wiesbaden,50.0010448,8.3039209,4,False,1,10.04,https://www.openstreetmap.org/?mlat=50.0010448&mlon=8.3039209&zoom=14
"Deutschland, Wiesbaden, Ortsteilansicht",Ansicht des Kocherbrunnenplatzes mit dem Pavillon des historischen Kochbrunnens,50.0820384,8.2416556,Nein,Wiesbaden,lcmt-nabi-pctmp_ead_wehr_23775-B_pctmp.jpg,,circa 1912,,Schweizerische Nationalbibliothek,Artur Wehrli,https://commons.wikimedia.org/entity/M147898598,"Deutschland, Wiesbaden, Kocherbrunnenplatz",Ansicht des Kocherbrunnenplatzes mit dem Pavillon des historischen Kochbrunnens,1912,Artur Wehrli,,Germany,Hessen,Wiesbaden,50.08601,8.24435,3,True,0,0.48,https://www.openstreetmap.org/?mlat=50.08601&mlon=8.24435&zoom=14
"Deutschland, Wiesbaden, Ortsteilansicht",Ansicht des Kocherbrunnenplatzes mit dem Pavillon des historischen Kochbrunnens,50.0820384,8.2416556,Nein,Wiesbaden,lcmt-nabi-pctmp_ead_wehr_23775-B_pctmp.jpg,,circa 1912,,Schweizerische Nationalbibliothek,Artur Wehrli,https://commons.wikimedia.org/entity/M145136045,"Deutschland, Wiesbaden, Kocherbrunnenplatz",Ansicht des Kocherbrunnenplatzes mit dem Pavillon des historischen Kochbrunnens,1912,Artur Wehrli,,Germany,Hessen,Wiesbaden,50.08601,8.24435,3,True,0,0.48,https://www.openstreetmap.org/?mlat=50.08601&mlon=8.24435&zoom=14
"Deutschland, Wiesbaden, Ortsteilansicht","Blick auf Wiesbaden, im Vordergrund ist der Nerobergtempel auf dem Neroberg zu sehen",50.0820384,8.2416556,Nein,Wiesbaden,lcmt-nabi-pctmp_ead_wehr_23776-B_pctmp.jpg,,circa 1912,,Schweizerische Nationalbibliothek,Artur Wehrli,https://commons.wikimedia.org/entity/M147898590,"Deutschland, Wiesbaden, Neroberg","Blick auf Wiesbaden, im Vordergrund ist der Nerobergtempel auf dem Neroberg zu sehen",1912,Artur Wehrli,,Germany,Hessen,Wiesbaden,50.10196,8.23028,5,False,0,2.36,https://www.openstreetmap.org/?mlat=50.10196&mlon=8.23028&zoom=14
"Deutschland, Wiesbaden, Ortsteilansicht","Blick auf Wiesbaden, im Vordergrund ist der Nerobergtempel auf dem Neroberg zu sehen",50.0820384,8.2416556,Nein,Wiesbaden,lcmt-nabi-pctmp_ead_wehr_23776-B_pctmp.jpg,,circa 1912,,Schweizerische Nationalbibliothek,Artur Wehrli,https://commons.wikimedia.org/entity/M145136100,"Deutschland, Wiesbaden, Neroberg","Blick auf Wiesbaden, im Vordergrund ist der Nerobergtempel auf dem Neroberg zu sehen",1912,Artur Wehrli,,Germany,Hessen,Wiesbaden,50.10196,8.23028,5,False,0,2.36,https://www.openstreetmap.org/?mlat=50.10196&mlon=8.23028&zoom=14
"Deutschland, Wiesbaden, Rathaus, Teilaussenansicht",Blick auf das Rathaus in Wiesbaden,50.0820384,8.2416556,Nein,Wiesbaden,lcmt-nabi-pctmp_ead_wehr_23777-B_pctmp.jpg,,1912,,Schweizerische Nationalbibliothek,Artur Wehrli,https://commons.wikimedia.org/entity/M147898745,"Deutschland, Wiesbaden, Rathaus",Blick auf das Rathaus in Wiesbaden,1912,Artur Wehrli,,Germany,Hessen,Wiesbaden,50.0009065,8.2768566,4,False,1,9.37,https://www.openstreetmap.org/?mlat=50.0009065&mlon=8.2768566&zoom=14
"Deutschland, Wiesbaden, Rathaus, Teilaussenansicht",Blick auf das Rathaus in Wiesbaden,50.0820384,8.2416556,Nein,Wiesbaden,lcmt-nabi-pctmp_ead_wehr_23777-B_pctmp.jpg,,1912,,Schweizerische Nationalbibliothek,Artur Wehrli,https://commons.wikimedia.org/entity/M145157012,"Deutschland, Wiesbaden, Rathaus",Blick auf das Rathaus in Wiesbaden,1912,Artur Wehrli,,Germany,Hessen,Wiesbaden,50.0009065,8.2768566,4,False,1,9.37,https://www.openstreetmap.org/?mlat=50.0009065&mlon=8.2768566&zoom=14
"Deutschland, Bad Schwalbach, Ortsteilansicht","Blick auf den unteren Teil von Bad Schwalbach, das bis 1927 Langenschwalbach hiess",50.13355,8.04872,Nein,Bad Schwalbach,lcmt-nabi-pctmp_ead_wehr_23778-B_pctmp.jpg,,circa 1912,,Schweizerische Nationalbibliothek,Artur Wehrli,https://commons.wikimedia.org/entity/M145157071,"Deutschland, Bad Schwalbach, Ortsteilansicht","Blick auf den unteren Teil von Bad Schwalbach, das bis 1927 Langenschwalbach hiess",1912,Artur Wehrli,,Germany,Hessen,Bad Schwalbach,50.14196,8.06964,3,True,0,1.76,https://www.openstreetmap.org/?mlat=50.14196&mlon=8.06964&zoom=14
"Deutschland, Bad Schwalbach, Ortsteilansicht",Blick auf Bad Schwalbach mit der Burg,50.13355,8.04872,Nein,Bad Schwalbach,lcmt-nabi-pctmp_ead_wehr_23779-B_pctmp.jpg,,circa 1912,,Schweizerische Nationalbibliothek,Artur Wehrli,https://commons.wikimedia.org/entity/M145136198,"Deutschland, Bad Schwalbach, Ortsteilansicht",Blick auf Bad Schwalbach mit der Burg,1912,Artur Wehrli,,Germany,Hessen,Bad Schwalbach,50.14196,8.06964,3,True,0,1.76,https://www.openstreetmap.org/?mlat=50.14196&mlon=8.06964&zoom=14
"Deutschland, Hohenstein, Ortsteilansicht",Blick auf einige Häuser in Hohenstein in Richtung Burg Hohenstein,53.5834201,20.2816198,Nein,Hohenstein,lcmt-nabi-pctmp_ead_wehr_23780-B_pctmp.jpg,,circa 1912,,Schweizerische Nationalbibliothek,Artur Wehrli,https://commons.wikimedia.org/entity/M145157118,"Deutschland, Hohenstein, Ortsteilansicht",Blick auf einige Häuser in Hohenstein in Richtung Burg Hohenstein,1912,Artur Wehrli,,Germany,Hessen,Hohenstein,50.19399,8.09675,3,True,0,915.69,https://www.openstreetmap.org/?mlat=50.19399&mlon=8.09675&zoom=14
"Deutschland, Hohenstein, Landschaft",Blick von der Burg Hohenstein auf die umliegende Landschaft,53.5834201,20.2816198,Nein,Hohenstein,lcmt-nabi-pctmp_ead_wehr_23781-B_pctmp.jpg,,circa 1912,,Schweizerische Nationalbibliothek,Artur Wehrli,https://commons.wikimedia.org/entity/M145157162,"Deutschland, Burg Hohenstein, Landschaft",Blick von der Burg Hohenstein auf die umliegende Landschaft,1912,Artur Wehrli,,Germany,Hessen,Hohenstein,50.1833,8.05,5,False,0,919.18,https://www.openstreetmap.org/?mlat=50.1833&mlon=8.05&zoom=14
"Deutschland, Bad Schwalbach, Ortsteilansicht","Blick auf Adolfseck, früher Adolphseck, einem Stadtteil von Bad Schwalbach",50.13355,8.04872,Nein,Bad Schwalbach,lcmt-nabi-pctmp_ead_wehr_23782-B_pctmp.jpg,,circa 1912,,Schweizerische Nationalbibliothek,Artur Wehrli,https://commons.wikimedia.org/entity/M145157186,"Deutschland, Bad Schwalbach, Adolfseck","Blick auf Adolfseck, früher Adolphseck, einem Stadtteil von Bad Schwalbach",1912,Artur Wehrli,,Germany,Hessen,Bad Schwalbach,50.14196,8.06964,3,True,0,1.76,https://www.openstreetmap.org/?mlat=50.14196&mlon=8.06964&zoom=14
"Deutschland, Diez, Ortsteilansicht",Blick auf Diez an der Lahn,50.3694175,8.0174521,Nein,Diez,lcmt-nabi-pctmp_ead_wehr_23783-B_pctmp.jpg,,circa 1912,,Schweizerische Nationalbibliothek,Artur Wehrli,https://commons.wikimedia.org/entity/M145157228,"Deutschland, Diez, Ortsteilansicht",Blick auf Diez an der Lahn,1912,Artur Wehrli,,Germany,Hessen,Diez,50.37007,8.0223,3,True,0,0.35,https://www.openstreetmap.org/?mlat=50.37007&mlon=8.0223&zoom=14
"Deutschland, Diez, Ortsteilansicht",Blick auf Diez an der Lahn,50.3694175,8.0174521,Nein,Diez,lcmt-nabi-pctmp_ead_wehr_23784-B_pctmp.jpg,,circa 1912,,Schweizerische Nationalbibliothek,Artur Wehrli,https://commons.wikimedia.org/entity/M145157284,"Deutschland, Diez, Ortsteilansicht",Blick auf Diez an der Lahn,1912,Artur Wehrli,,Germany,Hessen,Diez,50.37007,8.0223,3,True,0,0.35,https://www.openstreetmap.org/?mlat=50.37007&mlon=8.0223&zoom=14
"Deutschland, Balduinstein, Schloss Schaumburg, Teilaussenansicht",Blick hinauf zum Schloss Schaumburg und die umliegende Landschaft,50.3438634,7.9733401,Nein,Balduinstein,lcmt-nabi-pctmp_ead_wehr_23785-B_pctmp.jpg,,circa 1912,,Schweizerische Nationalbibliothek,Artur Wehrli,https://commons.wikimedia.org/entity/M145157333,"Deutschland, Balduinstein, Schloss Schaumburg",Blick hinauf zum Schloss Schaumburg und die umliegende Landschaft,1912,Artur Wehrli,,Germany,Hessen,Balduinstein,50.3392511,7.9771917,4,False,1,0.58,https://www.openstreetmap.org/?mlat=50.3392511&mlon=7.9771917&zoom=14
"Deutschland, Balduinstein, Ortsteilansicht",Blick auf Balduinstein gegen das Schloss Schaumburg,50.3438634,7.9733401,Nein,Balduinstein,lcmt-nabi-pctmp_ead_wehr_23786-B_pctmp.jpg,,circa 1912,,Schweizerische Nationalbibliothek,Artur Wehrli,https://commons.wikimedia.org/entity/M145157420,"Deutschland, Balduinstein, Ortsteilansicht",Blick auf Balduinstein gegen das Schloss Schaumburg,1912,Artur Wehrli,,Germany,Hessen,Balduinstein,50.35,7.96667,3,True,0,0.83,https://www.openstreetmap.org/?mlat=50.35&mlon=7.96667&zoom=14
"Deutschland, Neu-Eichenberg, Kloster Arnstein, Teilaussenansicht",Blick zum Kloster Arnstein empor und die umliegende Landschaft,51.3819199,9.9058655,Nein,Neu-Eichenberg,lcmt-nabi-pctmp_ead_wehr_23787-B_pctmp.jpg,,circa 1912,,Schweizerische Nationalbibliothek,Artur Wehrli,https://commons.wikimedia.org/entity/M145157451,"Deutschland, Neu-Eichenberg, Kloster Arnstein",Blick zum Kloster Arnstein empor und die umliegende Landschaft,1912,Artur Wehrli,,Germany,Hessen,Neu-Eichenberg,50.3,7.85,5,False,0,187.9,https://www.openstreetmap.org/?mlat=50.3&mlon=7.85&zoom=14
"Deutschland, Nassau, Ortsteilansicht","Blick auf Nassau an der Lahn mit dem Burgberg, auf dem sich die Ruine der Burg Nassau erhebt",25.0782266,-77.3383438,Nein,Nassau,lcmt-nabi-pctmp_ead_wehr_23788-B_pctmp.jpg,,circa 1912,,Schweizerische Nationalbibliothek,Artur Wehrli,https://commons.wikimedia.org/entity/M145157469,"Deutschland, Nassau, Burg Nassau","Blick auf Nassau an der Lahn mit dem Burgberg, auf dem sich die Ruine der Burg Nassau erhebt",1912,Artur Wehrli,,Germany,Hessen,Nassau,50.3107895,7.7925153,4,False,1,7556.75,https://www.openstreetmap.org/?mlat=50.3107895&mlon=7.7925153&zoom=14
"Deutschland, Bad Ems, Ortsteilansicht","Blick entlang einer Strasse und die daran liegenden Häuser in Bad Ems , die an der Lahn entlang führt",50.3352062,7.7128538,Nein,Bad Ems,lcmt-nabi-pctmp_ead_wehr_23789-B_pctmp.jpg,,circa 1912,,Schweizerische Nationalbibliothek,Artur Wehrli,https://commons.wikimedia.org/entity/M145157520,"Bad Ems, Ortsteilansicht","Blick entlang einer Strasse und die daran liegenden Häuser in Bad Ems , die an der Lahn entlang führt",1912,Artur Wehrli,,Germany,Rhineland-Palatinate,Bad Ems,50.33544,7.71369,3,True,0,0.06,https://www.openstreetmap.org/?mlat=50.33544&mlon=7.71369&zoom=14
"Andermatt, Kirche St. Kolumban, Gesamtaussenansicht",Gesamtansicht der Alten Kirche St. Kolumban in Andermatt.,46.6340499,8.5948148,Nein,Andermatt,lcmt-nabi-pctmp_ead_wehr_2379-B_pctmp.jpg,Uri,1905,,Schweizerische Nationalbibliothek,unknown photographer,https://commons.wikimedia.org/entity/M144157563,"Andermatt, Kirche St. Kolumban",Gesamtansicht der Alten Kirche St. Kolumban in Andermatt.,1905,,,Switzerland,Kanton Uri,Andermatt,46.63565,8.59388,3,True,0,0.19,https://www.openstreetmap.org/?mlat=46.63565&mlon=8.59388&zoom=14
"Deutschland, Bad Ems, Ortsteilansicht",Blick vom Malberg auf Bad Ems,50.3352062,7.7128538,Nein,Bad Ems,lcmt-nabi-pctmp_ead_wehr_23791-B_pctmp.jpg,,circa 1912,,Schweizerische Nationalbibliothek,Artur Wehrli,https://commons.wikimedia.org/entity/M145157591,"Bad Ems, Blick vom Malberg",Blick vom Malberg auf Bad Ems,1912,Artur Wehrli,,Germany,Rhineland-Palatinate,Bad Ems,50.33544,7.71369,3,True,0,0.06,https://www.openstreetmap.org/?mlat=50.33544&mlon=7.71369&zoom=14
"Deutschland, Bad Ems, Ortsteilansicht",Blick auf Bad Ems und die Lahn,50.3352062,7.7128538,Nein,Bad Ems,lcmt-nabi-pctmp_ead_wehr_23792-B_pctmp.jpg,,circa 1912,,Schweizerische Nationalbibliothek,Artur Wehrli,https://commons.wikimedia.org/entity/M145157616,"Bad Ems, Blick auf Stadt und Lahn",Blick auf Bad Ems und die Lahn,1912,Artur Wehrli,,Germany,Rhineland-Palatinate,Bad Ems,50.33544,7.71369,3,True,0,0.06,https://www.openstreetmap.org/?mlat=50.33544&mlon=7.71369&zoom=14
"Deutschland, Bad Ems, Ortsteilansicht",Blick auf Bad Ems mit dem Lahnufer und der oberen Brücke,50.3352062,7.7128538,Nein,Bad Ems,lcmt-nabi-pctmp_ead_wehr_23793-B_pctmp.jpg,,circa 1912,,Schweizerische Nationalbibliothek,Artur Wehrli,https://commons.wikimedia.org/entity/M145157654,Bad Ems mit Lahnufer und Brücke,Blick auf Bad Ems mit dem Lahnufer und der oberen Brücke,1912,Artur Wehrli,,Germany,Rhineland-Palatinate,Bad Ems,50.33544,7.71369,3,True,0,0.06,https://www.openstreetmap.org/?mlat=50.33544&mlon=7.71369&zoom=14
"Deutschland, Heidelberg, Heidelberger Schloss, Teilaussenansicht",Blick auf die Ruinie des Heidelberger Schlosses,49.4093582,8.694724,Nein,Heidelberg,lcmt-nabi-pctmp_ead_wehr_23794-B_pctmp.jpg,,circa 1912,,Schweizerische Nationalbibliothek,Artur Wehrli,https://commons.wikimedia.org/entity/M145157687,"Heidelberg, Heidelberger Schloss",Blick auf die Ruinie des Heidelberger Schlosses,1912,Artur Wehrli,,Germany,Baden-Württemberg,Heidelberg,49.4105,8.71602,5,False,0,1.55,https://www.openstreetmap.org/?mlat=49.4105&mlon=8.71602&zoom=14
"Deutschland, Mannheim, Festhalle, Gesamtaussenansicht",Ansicht der Festhalle von Mannheim,49.4892913,8.4673098,Nein,Mannheim,lcmt-nabi-pctmp_ead_wehr_23795-B_pctmp.jpg,,1912,,Schweizerische Nationalbibliothek,Artur Wehrli,https://commons.wikimedia.org/entity/M145157755,"Mannheim, Festhalle",Ansicht der Festhalle von Mannheim,1912,Artur Wehrli,,Germany,Baden-Württemberg,Mannheim,49.4810662,8.4978296,4,False,1,2.39,https://www.openstreetmap.org/?mlat=49.4810662&mlon=8.4978296&zoom=14
"Deutschland, Mannheim, Ortsteilansicht","Blick auf den Rhein in Mannheim, am Ufer sind einige Schiffe angelegt",49.4892913,8.4673098,Nein,Mannheim,lcmt-nabi-pctmp_ead_wehr_23796-B_pctmp.jpg,,circa 1912,,Schweizerische Nationalbibliothek,Artur Wehrli,https://commons.wikimedia.org/entity/M145157793,"Mannheim, Blick auf den Rhein","Blick auf den Rhein in Mannheim, am Ufer sind einige Schiffe angelegt",1912,Artur Wehrli,,Germany,Baden-Württemberg,Mannheim,49.4891,8.46694,3,True,0,0.03,https://www.openstreetmap.org/?mlat=49.4891&mlon=8.46694&zoom=14
"Deutschland, Heidelberg, Ortsgesamtansicht",Ansicht von Heidelberg,49.4093582,8.694724,Nein,Heidelberg,lcmt-nabi-pctmp_ead_wehr_23797-B_pctmp.jpg,,circa 1912,,Schweizerische Nationalbibliothek,Artur Wehrli,https://commons.wikimedia.org/entity/M145157831,"Heidelberg, Ortsgesamtansicht",Ansicht von Heidelberg,1912,Artur Wehrli,,Germany,Baden-Württemberg,Heidelberg,49.40768,8.69079,3,True,0,0.34,https://www.openstreetmap.org/?mlat=49.40768&mlon=8.69079&zoom=14
"Deutschland, Bingen am Rhein, Ortsteilansicht","Ansicht von Bingen am Rhein mit der Drususbrücke, die über die Nahe führt",49.9675456,7.8944,Nein,Bingen am Rhein,lcmt-nabi-pctmp_ead_wehr_23798-B_pctmp.jpg,,circa 1912,,Schweizerische Nationalbibliothek,Artur Wehrli,https://commons.wikimedia.org/entity/M145157890,Bingen am Rhein mit Drususbrücke,"Ansicht von Bingen am Rhein mit der Drususbrücke, die über die Nahe führt",1912,Artur Wehrli,,Germany,Rhineland-Palatinate,Bingen am Rhein,49.96675,7.8992,3,True,0,0.35,https://www.openstreetmap.org/?mlat=49.96675&mlon=7.8992&zoom=14
"Deutschland, Bingen am Rhein, Ortsteilansicht","Ansicht von Bingerbrück, einem Stadtteil von Bingen am Rhein",49.9675456,7.8944,Nein,Bingen am Rhein,lcmt-nabi-pctmp_ead_wehr_23799-B_pctmp.jpg,,circa 1912,,Schweizerische Nationalbibliothek,Artur Wehrli,https://commons.wikimedia.org/entity/M145157939,"Bingerbrück, Stadtteil von Bingen","Ansicht von Bingerbrück, einem Stadtteil von Bingen am Rhein",1912,Artur Wehrli,,Germany,Rhineland-Palatinate,Bingen am Rhein,49.96675,7.8992,3,True,0,0.35,https://www.openstreetmap.org/?mlat=49.96675&mlon=7.8992&zoom=14
"Calmut, Militärbaracke, Gesamtaussenansicht","Ansicht einer Militärbaracke auf dem Calmut, davor eine Gruppe Soldaten. Blick ins Val Curnera",46.659097,8.6842925,Nein,Calmut,lcmt-nabi-pctmp_ead_wehr_2380-B_pctmp.jpg,Graubünden,circa 1905,,Schweizerische Nationalbibliothek,unknown photographer,https://commons.wikimedia.org/entity/M144157646,"Calmut, Militärbaracke","Ansicht einer Militärbaracke auf dem Calmut, davor eine Gruppe Soldaten. Blick ins Val Curnera",1905,,,Switzerland,Kanton Graubünden,Calmut,46.6591,8.68433,3,True,0,0.0,https://www.openstreetmap.org/?mlat=46.6591&mlon=8.68433&zoom=14
"Deutschland, Koblenz, Ortsteilansicht",Blick auf Koblenz,50.3533278,7.5943951,Nein,Koblenz,lcmt-nabi-pctmp_ead_wehr_23852-B_pctmp.jpg,,circa 1912,,Schweizerische Nationalbibliothek,Artur Wehrli,https://commons.wikimedia.org/entity/M145158090,"Koblenz, Ortsteilansicht",Blick auf Koblenz,1912,Artur Wehrli,,Germany,Rhineland-Palatinate,Koblenz,50.35357,7.57883,3,True,0,1.1,https://www.openstreetmap.org/?mlat=50.35357&mlon=7.57883&zoom=14
"Deutschland, Freiburg im Breisgau, Ortsteilansicht","Blick auf Freiburg im Breisgau, zentral im Bild ist das Freiburger Münster zu sehen",47.9960901,7.8494005,Nein,Freiburg im Breisgau,lcmt-nabi-pctmp_ead_wehr_23853-B_pctmp.jpg,,circa 1912,,Schweizerische Nationalbibliothek,Artur Wehrli,https://commons.wikimedia.org/entity/M145158171,Freiburg im Breisgau mit Münster,"Blick auf Freiburg im Breisgau, zentral im Bild ist das Freiburger Münster zu sehen",1912,Artur Wehrli,,Germany,Baden-Württemberg,Freiburg im Breisgau,47.9959,7.85222,3,True,0,0.21,https://www.openstreetmap.org/?mlat=47.9959&mlon=7.85222&zoom=14
"Deutschland, Freiburg im Breisgau, Ortsteilansicht",Blick auf den südlichen Stadtteil von Freiburg im Breisgau,47.9960901,7.8494005,Nein,Freiburg im Breisgau,lcmt-nabi-pctmp_ead_wehr_23854-B_pctmp.jpg,,circa 1912,,Schweizerische Nationalbibliothek,Artur Wehrli,https://commons.wikimedia.org/entity/M145158209,"Freiburg im Breisgau, Südstadt",Blick auf den südlichen Stadtteil von Freiburg im Breisgau,1912,Artur Wehrli,,Germany,Baden-Württemberg,Freiburg im Breisgau,47.9959,7.85222,3,True,0,0.21,https://www.openstreetmap.org/?mlat=47.9959&mlon=7.85222&zoom=14
"Deutschland, Triberg im Schwarzwald, Ortsteilansicht",Blick auf Triberg im Schwarzwald,48.1298016,8.232271,Nein,Triberg im Schwarzwald,lcmt-nabi-pctmp_ead_wehr_23855-B_pctmp.jpg,,circa 1912,,Schweizerische Nationalbibliothek,Artur Wehrli,https://commons.wikimedia.org/entity/M145158292,"Triberg im Schwarzwald, Ortsteilansicht",Blick auf Triberg im Schwarzwald,1912,Artur Wehrli,,Germany,Baden-Württemberg,Triberg im Schwarzwald,48.13175,8.23317,3,True,0,0.23,https://www.openstreetmap.org/?mlat=48.13175&mlon=8.23317&zoom=14
"Deutschland, Koblenz, Kaiser-Wilhelm-Denkmal, Gesamtansicht",Ansicht des Kaiser-Wilhelm-Denkmals am Deutschen Eck,50.3533278,7.5943951,Nein,Koblenz,lcmt-nabi-pctmp_ead_wehr_23856-B_pctmp.jpg,,circa 1912,,Schweizerische Nationalbibliothek,Artur Wehrli,https://commons.wikimedia.org/entity/M145158349,"Koblenz, Kaiser-Wilhelm-Denkmal",Ansicht des Kaiser-Wilhelm-Denkmals am Deutschen Eck,1912,Artur Wehrli,,Germany,Rhineland-Palatinate,Koblenz,50.3640999,7.6055997,4,False,1,1.44,https://www.openstreetmap.org/?mlat=50.3640999&mlon=7.6055997&zoom=14
"Deutschland, Triberg im Schwarzwald, Ortsteilansicht",Blick auf Triberg im Schwarzwald und die umliegende Landschaft über die Bahnlinien der Schwarzwaldbahn hinweg,48.1298016,8.232271,Nein,Triberg im Schwarzwald,lcmt-nabi-pctmp_ead_wehr_23857-B_pctmp.jpg,,circa 1912,,Schweizerische Nationalbibliothek,Artur Wehrli,https://commons.wikimedia.org/entity/M145158386,"Triberg im Schwarzwald, Bahnblick",Blick auf Triberg im Schwarzwald und die umliegende Landschaft über die Bahnlinien der Schwarzwaldbahn hinweg,1912,Artur Wehrli,,Germany,Baden-Württemberg,Triberg im Schwarzwald,48.13175,8.23317,3,True,0,0.23,https://www.openstreetmap.org/?mlat=48.13175&mlon=8.23317&zoom=14
"Deutschland, Heidelberg, Ortsgesamtansicht",Ansicht von Heidelberg,49.4093582,8.694724,Nein,Heidelberg,lcmt-nabi-pctmp_ead_wehr_23858-B_pctmp.jpg,,1912,,Schweizerische Nationalbibliothek,Artur Wehrli,https://commons.wikimedia.org/entity/M145158424,"Heidelberg, Ortsgesamtansicht",Ansicht von Heidelberg,1912,Artur Wehrli,,Germany,Baden-Württemberg,Heidelberg,49.40768,8.69079,3,True,0,0.34,https://www.openstreetmap.org/?mlat=49.40768&mlon=8.69079&zoom=14
"Deutschland, Heidelberg, Schloss, Teilaussenansicht",Blick auf den Schlosshof des Schlosses Heidelberg,49.4093582,8.694724,Nein,Heidelberg,lcmt-nabi-pctmp_ead_wehr_23859-B_pctmp.jpg,,1912,,Schweizerische Nationalbibliothek,Artur Wehrli,https://commons.wikimedia.org/entity/M145158467,"Heidelberg, Schloss Schlosshof",Blick auf den Schlosshof des Schlosses Heidelberg,1912,Artur Wehrli,,Germany,Baden-Württemberg,Heidelberg,49.4105,8.71602,5,False,0,1.55,https://www.openstreetmap.org/?mlat=49.4105&mlon=8.71602&zoom=14
"Airolo, Lago di Lucendro, Landschaft",Blick auf den Lago di Lucendro und das Val Lucendro,46.5290309,8.6086045,Nein,Airolo,lcmt-nabi-pctmp_ead_wehr_2386-B_pctmp.jpg,Tessin,circa 1905,,Schweizerische Nationalbibliothek,unknown photographer,https://commons.wikimedia.org/entity/M144158123,"Airolo, Lago di Lucendro, Landschaft",Blick auf den Lago di Lucendro und das Val Lucendro,1905,,,Switzerland,Cantone Ticino,Airolo,46.56205,8.54147,5,False,0,6.31,https://www.openstreetmap.org/?mlat=46.56205&mlon=8.54147&zoom=14
"Deutschland, Mainz, Ortsteilansicht",Blick auf Mainz von der katholische Pfarrkirche Sankt Stephan runter,49.9995205,8.2736253,Nein,Mainz,lcmt-nabi-pctmp_ead_wehr_23861-B_pctmp.jpg,,circa 1912,,Schweizerische Nationalbibliothek,Artur Wehrli,https://commons.wikimedia.org/entity/M145158562,"Deutschland, Mainz, Ortsteilansicht",Blick auf Mainz von der katholische Pfarrkirche Sankt Stephan runter,1912,Artur Wehrli,,Germany,Rhineland-Palatinate,Mainz,49.98185,8.28008,3,True,0,2.02,https://www.openstreetmap.org/?mlat=49.98185&mlon=8.28008&zoom=14
"Deutschland, Mainz, Ortsteilansicht",Blick auf Mainz von der katholische Pfarrkirche Sankt Stephan runter,49.9995205,8.2736253,Nein,Mainz,lcmt-nabi-pctmp_ead_wehr_23862-B_pctmp.jpg,,circa 1912,,Schweizerische Nationalbibliothek,Artur Wehrli,https://commons.wikimedia.org/entity/M145158602,"Deutschland, Mainz, Ortsteilansicht",Blick auf Mainz von der katholische Pfarrkirche Sankt Stephan runter,1912,Artur Wehrli,,Germany,Rhineland-Palatinate,Mainz,49.98185,8.28008,3,True,0,2.02,https://www.openstreetmap.org/?mlat=49.98185&mlon=8.28008&zoom=14
"Deutschland, Mainz, Dom, Teilaussenansicht",Blick auf den Mainzer Dom die davor stehenden Häuser,49.9995205,8.2736253,Nein,Mainz,lcmt-nabi-pctmp_ead_wehr_23863-B_pctmp.jpg,,circa 1912,,Schweizerische Nationalbibliothek,Artur Wehrli,https://commons.wikimedia.org/entity/M145158671,"Deutschland, Mainz, Dom, Teilaussenansicht",Blick auf den Mainzer Dom die davor stehenden Häuser,1912,Artur Wehrli,,Germany,Rhineland-Palatinate,Mainz,49.99885,8.27357,5,False,0,0.07,https://www.openstreetmap.org/?mlat=49.99885&mlon=8.27357&zoom=14
"Deutschland, Mainz, Ortsteilansicht","Blick auf den Gutenbergplatz, dahinter ragen die Kirchtürme der katholische Pfarrkirche Sankt Stephan in den Himmel",49.9995205,8.2736253,Nein,Mainz,lcmt-nabi-pctmp_ead_wehr_23864-B_pctmp.jpg,,circa 1912,,Schweizerische Nationalbibliothek,Artur Wehrli,https://commons.wikimedia.org/entity/M145158705,"Deutschland, Mainz, Ortsteilansicht","Blick auf den Gutenbergplatz, dahinter ragen die Kirchtürme der katholische Pfarrkirche Sankt Stephan in den Himmel",1912,Artur Wehrli,,Germany,Rhineland-Palatinate,Mainz,49.9990665,8.2714381,4,False,1,0.16,https://www.openstreetmap.org/?mlat=49.9990665&mlon=8.2714381&zoom=14
"Deutschland, Mainz, Ortsteilansicht","Blick von der Rheinbrücke auf Mainz, im Vordergrund ist der Rhein und einige Dampfschiffe zu sehen",49.9995205,8.2736253,Nein,Mainz,lcmt-nabi-pctmp_ead_wehr_23865-B_pctmp.jpg,,circa 1912,,Schweizerische Nationalbibliothek,Artur Wehrli,https://commons.wikimedia.org/entity/M145158773,"Deutschland, Mainz, Ortsteilansicht","Blick von der Rheinbrücke auf Mainz, im Vordergrund ist der Rhein und einige Dampfschiffe zu sehen",1912,Artur Wehrli,,Germany,Rhineland-Palatinate,Mainz,49.98185,8.28008,3,True,0,2.02,https://www.openstreetmap.org/?mlat=49.98185&mlon=8.28008&zoom=14
"Deutschland, Mainz, Ortsteilansicht",Blick auf die Rheinbrücke und den Rhein in Mainz,49.9995205,8.2736253,Nein,Mainz,lcmt-nabi-pctmp_ead_wehr_23866-B_pctmp.jpg,,circa 1912,,Schweizerische Nationalbibliothek,Artur Wehrli,https://commons.wikimedia.org/entity/M145158829,"Deutschland, Mainz, Ortsteilansicht",Blick auf die Rheinbrücke und den Rhein in Mainz,1912,Artur Wehrli,,Germany,Rhineland-Palatinate,Mainz,49.98185,8.28008,3,True,0,2.02,https://www.openstreetmap.org/?mlat=49.98185&mlon=8.28008&zoom=14
"Deutschland, Mainz, Dom, Teilaussenansicht",Blick auf den Mainzer Dom und die davor stehenden Häuser,49.9995205,8.2736253,Nein,Mainz,lcmt-nabi-pctmp_ead_wehr_23867-B_pctmp.jpg,,circa 1912,,Schweizerische Nationalbibliothek,Artur Wehrli,https://commons.wikimedia.org/entity/M145158882,"Deutschland, Mainz, Dom, Teilaussenansicht",Blick auf den Mainzer Dom und die davor stehenden Häuser,1912,Artur Wehrli,,Germany,Rhineland-Palatinate,Mainz,49.99885,8.27357,5,False,0,0.07,https://www.openstreetmap.org/?mlat=49.99885&mlon=8.27357&zoom=14
"Zürich, Kreis 1, Fraumünster, Teilaussenansicht","Zürich, Aussenansicht des Fraumünster vom Münsterhof aus",47.3744489,8.5410422,Nein,Zürich,lcmt-nabi-pctmp_ead_wehr_23868-B_pctmp.jpg,Zürich,1912,,Schweizerische Nationalbibliothek,H. Lavater,https://commons.wikimedia.org/entity/M145158920,"Zürich, Kreis 1, Fraumünster, Teilaussenansicht","Zürich, Aussenansicht des Fraumünster vom Münsterhof aus",1912,H. Lavater,,Switzerland,Kanton Zürich,Müstair,47.36966,8.54145,5,False,0,0.53,https://www.openstreetmap.org/?mlat=47.36966&mlon=8.54145&zoom=14
"St. Moritz, Landschaft",Eine Gruppe Wintersportler mit Schlitten und Pferden auf einer Strasse bei St. Moritz,46.4978958,9.8392428,Nein,St. Moritz,lcmt-nabi-pctmp_ead_wehr_24200-B_pctmp.jpg,Graubünden,1913-03,,Schweizerische Nationalbibliothek,H. Lavater,https://commons.wikimedia.org/entity/M145159453,"St. Moritz, Landschaft",Eine Gruppe Wintersportler mit Schlitten und Pferden auf einer Strasse bei St. Moritz,1913:03,H. Lavater,,Switzerland,Kanton Graubünden,St. Moritz,46.49937,9.84327,3,True,0,0.35,https://www.openstreetmap.org/?mlat=46.49937&mlon=9.84327&zoom=14
"Deutschland, Konstanz, Konzilsspeicher, Gesamtaussenansicht",Blick auf den Konzilsspeicher in Konstanz,47.659216,9.1750718,Nein,Konstanz,lcmt-nabi-pctmp_ead_wehr_24922-B_pctmp.jpg,,1913-10,,Schweizerische Nationalbibliothek,H. Lavater,https://commons.wikimedia.org/entity/M145257879,"Deutschland, Konstanz, Konzilsspeicher",Blick auf den Konzilsspeicher in Konstanz,1913:10,H. Lavater,,Germany,Baden-Württemberg,Konstanz,47.66033,9.17582,3,True,0,0.14,https://www.openstreetmap.org/?mlat=47.66033&mlon=9.17582&zoom=14
"Deutschland, Konstanz, Dominikanerinsel, Teilansicht","Blick auf die Dominikanierinsel, im Vordergrund Schwäne und Enten",47.659216,9.1750718,Nein,Konstanz,lcmt-nabi-pctmp_ead_wehr_24925-B_pctmp.jpg,,1913-10,,Schweizerische Nationalbibliothek,H. Lavater,https://commons.wikimedia.org/entity/M145257946,"Deutschland, Konstanz, Dominikanerinsel","Blick auf die Dominikanierinsel, im Vordergrund Schwäne und Enten",1913:10,H. Lavater,,Germany,Baden-Württemberg,Konstanz,47.6642,9.17833,5,False,0,0.61,https://www.openstreetmap.org/?mlat=47.6642&mlon=9.17833&zoom=14
"Lausanne, Ortsteilansicht","Lausanne, le grand pont",46.5218269,6.6327025,Nein,Lausanne,lcmt-nabi-pctmp_ead_wehr_24930-B_pctmp.jpg,Waadt,1913-10,,Schweizerische Nationalbibliothek,H. Lavater,https://commons.wikimedia.org/entity/M145258007,"Lausanne, Ortsteilansicht","Lausanne, le grand pont",1913:10,H. Lavater,,Switzerland,Canton de Vaud,Lausanne,46.516,6.63282,3,True,0,0.65,https://www.openstreetmap.org/?mlat=46.516&mlon=6.63282&zoom=14
"France, Évian-les-Bains, Ortsteilansicht","Blick auf Évian-les-Bains, im Vordergrund eine Birke und das Ufer des Lac Léman",46.400979,6.5897931,Nein,Évian-les-Bains,lcmt-nabi-pctmp_ead_wehr_24946-B_pctmp.jpg,,1913-09,,Schweizerische Nationalbibliothek,H. Lavater,https://commons.wikimedia.org/entity/M145258877,"France, Évian-les-Bains, Ortsteilansicht","Blick auf Évian-les-Bains, im Vordergrund eine Birke und das Ufer des Lac Léman",1913:09,H. Lavater,,France,Auvergne-Rhône-Alpes,Évian-les-Bains,46.4004,6.5906,3,True,0,0.09,https://www.openstreetmap.org/?mlat=46.4004&mlon=6.5906&zoom=14
"Vevey, Ortsteilansicht",Blick auf Vevey vom Genfersee aus,46.4602978,6.8418655,Nein,Vevey,lcmt-nabi-pctmp_ead_wehr_24950-B_pctmp.jpg,Waadt,1913-09,,Schweizerische Nationalbibliothek,H. Lavater,https://commons.wikimedia.org/entity/M145258946,"Vevey, Ortsteilansicht",Blick auf Vevey vom Genfersee aus,1913:09,H. Lavater,,Switzerland,Canton de Vaud,Vevey,46.46299,6.84345,3,True,0,0.32,https://www.openstreetmap.org/?mlat=46.46299&mlon=6.84345&zoom=14
"St. Moritz Dorf, Ortsteilansicht",Sicht auf St. Moritz Dorf im Winter,46.4978958,9.8392428,Nein,St. Moritz,lcmt-nabi-pctmp_ead_wehr_25000-B_pctmp.jpg,Graubünden,circa 1914,,Schweizerische Nationalbibliothek,unknown photographer,https://commons.wikimedia.org/entity/M145264968,"St. Moritz Dorf, Ortsteilansicht",Sicht auf St. Moritz Dorf im Winter,1914,,,Switzerland,Kanton Graubünden,St. Moritz,46.49937,9.84327,3,True,0,0.35,https://www.openstreetmap.org/?mlat=46.49937&mlon=9.84327&zoom=14
"Zürich, Bahnhofplatz, Ortsteilansicht","Zürich, Bahnhofplatz, Blick gegen die Universität",47.3744489,8.5410422,Nein,Zürich,lcmt-nabi-pctmp_ead_wehr_26000-B_pctmp.jpg,Zürich,1914,,Schweizerische Nationalbibliothek,H. Lavater,https://commons.wikimedia.org/entity/M145262198,"Zürich, Bahnhofplatz, Ortsteilansicht","Zürich, Bahnhofplatz, Blick gegen die Universität",1914,H. Lavater,,Switzerland,Kanton Zürich,Zürich,47.377182,8.5400101,4,False,1,0.31,https://www.openstreetmap.org/?mlat=47.377182&mlon=8.5400101&zoom=14
"Davos, Ortsteilansicht",Davos gegen die Schiahörner,46.796198,9.8236892,Nein,Davos,lcmt-nabi-pctmp_ead_wehr_26122-B_pctmp.jpg,Graubünden,1914-07,,Schweizerische Nationalbibliothek,H.L.,https://commons.wikimedia.org/entity/M145257127,"Davos, Ortsteilansicht",Davos gegen die Schiahörner,1914:07,H.L.,,Switzerland,Kanton Graubünden,Davos,46.80429,9.83723,3,True,0,1.37,https://www.openstreetmap.org/?mlat=46.80429&mlon=9.83723&zoom=14
"Wassen, Ortsgesamtansicht",Blick von einer Anhöhe auf Wassen,46.7068488,8.5995804,Nein,Wassen,lcmt-nabi-pctmp_ead_wehr_26134-B_pctmp.jpg,Uri,1914-06,,Schweizerische Nationalbibliothek,Riffel,https://commons.wikimedia.org/entity/M145256236,"Wassen, Ortsgesamtansicht",Blick von einer Anhöhe auf Wassen,1914:06,Riffel,,Switzerland,Kanton Uri,Wassen,46.70651,8.59881,3,True,0,0.07,https://www.openstreetmap.org/?mlat=46.70651&mlon=8.59881&zoom=14
"Italia, Lago di Garda, Landschaft",Ansicht des Lago di Garda bei Tremosine,45.6624314,10.6861569,Nein,Lago di Garda,lcmt-nabi-pctmp_ead_wehr_26181-B_pctmp.jpg,,1914-07,,Schweizerische Nationalbibliothek,F.L.,https://commons.wikimedia.org/entity/M145254030,"Italia, Lago di Garda, Landschaft",Ansicht des Lago di Garda bei Tremosine,1914:07,F.L.,,Italy,Lombardia,Lago di Garda,45.6667,10.6833,5,False,0,0.52,https://www.openstreetmap.org/?mlat=45.6667&mlon=10.6833&zoom=14
"Italia, Lago di Garda, Landschaft",Felsen am Lago di Garda,45.6624314,10.6861569,Nein,Lago di Garda,lcmt-nabi-pctmp_ead_wehr_26182-B_pctmp.jpg,,1914-07,,Schweizerische Nationalbibliothek,F.L.,https://commons.wikimedia.org/entity/M145253965,"Italia, Lago di Garda, Landschaft",Felsen am Lago di Garda,1914:07,F.L.,,Italy,Lombardia,Lago di Garda,45.6667,10.6833,5,False,0,0.52,https://www.openstreetmap.org/?mlat=45.6667&mlon=10.6833&zoom=14
"Italia, Lago di Garda, Landschaft",Felsen am Lago di Garda,45.6624314,10.6861569,Nein,Lago di Garda,lcmt-nabi-pctmp_ead_wehr_26183-B_pctmp.jpg,,1914-07,,Schweizerische Nationalbibliothek,F.L.,https://commons.wikimedia.org/entity/M145253868,"Italia, Lago di Garda, Landschaft",Felsen am Lago di Garda,1914:07,F.L.,,Italy,Lombardia,Lago di Garda,45.6667,10.6833,5,False,0,0.52,https://www.openstreetmap.org/?mlat=45.6667&mlon=10.6833&zoom=14
"Italia, Gargnano, Ortsteilansicht",Ansicht von Gargnano am Lago di Garda,45.688138,10.6635006,Nein,Gargnano,lcmt-nabi-pctmp_ead_wehr_26184-B_pctmp.jpg,,1914-07,,Schweizerische Nationalbibliothek,F.L.,https://commons.wikimedia.org/entity/M145253845,"Italia, Gargnano, Ortsteilansicht",Ansicht von Gargnano am Lago di Garda,1914:07,F.L.,,Italy,Lombardia,Gargnano,45.68586,10.65869,3,True,0,0.45,https://www.openstreetmap.org/?mlat=45.68586&mlon=10.65869&zoom=14
"Italia, Gargnano, Ortsteilansicht",Blick vom Lago di Garda auf Gargnano,45.688138,10.6635006,Nein,Gargnano,lcmt-nabi-pctmp_ead_wehr_26185-B_pctmp.jpg,,1914-07,,Schweizerische Nationalbibliothek,F.L.,https://commons.wikimedia.org/entity/M145253821,"Italia, Gargnano, Ortsteilansicht",Blick vom Lago di Garda auf Gargnano,1914:07,F.L.,,Italy,Lombardia,Gargnano,45.68586,10.65869,3,True,0,0.45,https://www.openstreetmap.org/?mlat=45.68586&mlon=10.65869&zoom=14
"Italia, Lago di Garda, Landschaft",Ansicht des Lago di Garda bei Limone,45.6624314,10.6861569,Nein,Lago di Garda,lcmt-nabi-pctmp_ead_wehr_26186-B_pctmp.jpg,,1914-07,,Schweizerische Nationalbibliothek,F.L.,https://commons.wikimedia.org/entity/M145253792,"Italia, Lago di Garda, Landschaft",Ansicht des Lago di Garda bei Limone,1914:07,F.L.,,Italy,Lombardia,Lago di Garda,45.6667,10.6833,5,False,0,0.52,https://www.openstreetmap.org/?mlat=45.6667&mlon=10.6833&zoom=14
"Italia, Lago di Garda, Landschaft",Ansicht des Lago di Garda bei Limone,45.6624314,10.6861569,Nein,Lago di Garda,lcmt-nabi-pctmp_ead_wehr_26187-B_pctmp.jpg,,1914-07,,Schweizerische Nationalbibliothek,F.L.,https://commons.wikimedia.org/entity/M145253760,"Italia, Lago di Garda, Landschaft",Ansicht des Lago di Garda bei Limone,1914:07,F.L.,,Italy,Lombardia,Lago di Garda,45.6667,10.6833,5,False,0,0.52,https://www.openstreetmap.org/?mlat=45.6667&mlon=10.6833&zoom=14
"Italia, Limone sul Garda, Ortsteilansicht",Ufer des Lago di Garda in Limone sul Garda,45.8141083,10.7915342,Nein,Limone sul Garda,lcmt-nabi-pctmp_ead_wehr_26188-B_pctmp.jpg,,1914-07,,Schweizerische Nationalbibliothek,F.L.,https://commons.wikimedia.org/entity/M145253713,"Italia, Limone sul Garda, Ortsteilansicht",Ufer des Lago di Garda in Limone sul Garda,1914:07,F.L.,,Italy,Lombardia,Limone sul Garda,45.8145,10.79278,3,True,0,0.11,https://www.openstreetmap.org/?mlat=45.8145&mlon=10.79278&zoom=14
"Italia, Lago di Garda, Landschaft",Ansicht des Lago di Garda bei Limone,45.6624314,10.6861569,Nein,Lago di Garda,lcmt-nabi-pctmp_ead_wehr_26189-B_pctmp.jpg,,1914-07,,Schweizerische Nationalbibliothek,F.L.,https://commons.wikimedia.org/entity/M145253686,"Italia, Lago di Garda, Landschaft",Ansicht des Lago di Garda bei Limone,1914:07,F.L.,,Italy,Lombardia,Lago di Garda,45.6667,10.6833,5,False,0,0.52,https://www.openstreetmap.org/?mlat=45.6667&mlon=10.6833&zoom=14
"Italia, Limone sul Garda, Ortsteilansicht",Blick auf Limone sul Garda vom Lago di Garda aus,45.8141083,10.7915342,Nein,Limone sul Garda,lcmt-nabi-pctmp_ead_wehr_26190-B_pctmp.jpg,,1914-07,,Schweizerische Nationalbibliothek,F.L.,https://commons.wikimedia.org/entity/M145253652,"Italia, Limone sul Garda, Ortsteilansicht",Blick auf Limone sul Garda vom Lago di Garda aus,1914:07,F.L.,,Italy,Lombardia,Limone sul Garda,45.8145,10.79278,3,True,0,0.11,https://www.openstreetmap.org/?mlat=45.8145&mlon=10.79278&zoom=14
"Italia, Maderno, Ortsteilansicht",Ansicht eines Platzes in Maderno,46.0898035,11.1408947,Nein,Maderno,lcmt-nabi-pctmp_ead_wehr_26191-B_pctmp.jpg,,1914-07,,Schweizerische Nationalbibliothek,F.L.,https://commons.wikimedia.org/entity/M145253631,"Italia, Maderno, Ortsteilansicht",Ansicht eines Platzes in Maderno,1914:07,F.L.,,Italy,Lombardia,Maderno,45.63333,10.58333,3,True,0,66.64,https://www.openstreetmap.org/?mlat=45.63333&mlon=10.58333&zoom=14
"Italia, Maderno, Gaino, Ortsgesamtansicht",Blick auf Gaino von einer Anhöhe aus,46.0898035,11.1408947,Nein,Maderno,lcmt-nabi-pctmp_ead_wehr_26192-B_pctmp.jpg,,1914-07,,Schweizerische Nationalbibliothek,F.L.,https://commons.wikimedia.org/entity/M145253596,"Italia, Maderno, Gaino, Ortsgesamtansicht",Blick auf Gaino von einer Anhöhe aus,1914:07,F.L.,,Italy,Lombardia,Maderno,45.63333,10.58333,3,True,0,66.64,https://www.openstreetmap.org/?mlat=45.63333&mlon=10.58333&zoom=14
"Italia, Maderno, Gaino, Ortsteilansicht","Ansicht von Gaino, im Hintergrund der Lago di Garda",46.0898035,11.1408947,Nein,Maderno,lcmt-nabi-pctmp_ead_wehr_26193-B_pctmp.jpg,,1914-07,,Schweizerische Nationalbibliothek,F.L.,https://commons.wikimedia.org/entity/M145253576,"Italia, Maderno, Gaino, Ortsteilansicht","Ansicht von Gaino, im Hintergrund der Lago di Garda",1914:07,F.L.,,Italy,Lombardia,Maderno,45.63333,10.58333,3,True,0,66.64,https://www.openstreetmap.org/?mlat=45.63333&mlon=10.58333&zoom=14
"Italia, Maderno, Gaino, Ortsteilansicht","Ansicht von Gaino, im Hintergrund der Lago di Garda",46.0898035,11.1408947,Nein,Maderno,lcmt-nabi-pctmp_ead_wehr_26194-B_pctmp.jpg,,1914-07,,Schweizerische Nationalbibliothek,F.L.,https://commons.wikimedia.org/entity/M145253559,"Italia, Maderno, Gaino, Ortsteilansicht","Ansicht von Gaino, im Hintergrund der Lago di Garda",1914:07,F.L.,,Italy,Lombardia,Maderno,45.63333,10.58333,3,True,0,66.64,https://www.openstreetmap.org/?mlat=45.63333&mlon=10.58333&zoom=14
"Italia, Fasano, Ortsgesamtansicht",Blick auf Fasano vom Lago di Garda aus,40.834432,17.358399,Nein,Fasano,lcmt-nabi-pctmp_ead_wehr_26195-B_pctmp.jpg,,1914-07,,Schweizerische Nationalbibliothek,F.L.,https://commons.wikimedia.org/entity/M145253545,"Italia, Fasano, Ortsgesamtansicht",Blick auf Fasano vom Lago di Garda aus,1914:07,F.L.,,Italy,Lombardia,Fasano,40.83443,17.3584,3,True,0,0.0,https://www.openstreetmap.org/?mlat=40.83443&mlon=17.3584&zoom=14
"Italia, Toscolano-Maderno, Landschaft",Schlucht bei Toscolano-Maderno,45.6345707,10.609815,Nein,Toscolano-Maderno,lcmt-nabi-pctmp_ead_wehr_26196-B_pctmp.jpg,,1914-07,,Schweizerische Nationalbibliothek,F.L.,https://commons.wikimedia.org/entity/M145253522,"Italia, Toscolano-Maderno, Landschaft",Schlucht bei Toscolano-Maderno,1914:07,F.L.,,Italy,Lombardia,Toscolano-Maderno,45.63449,10.60838,3,True,0,0.11,https://www.openstreetmap.org/?mlat=45.63449&mlon=10.60838&zoom=14
"Italia, Gardone Riviera, Ortsteilansicht",Blick auf Gardone Riviera vom Lago di Garda aus,45.6187853,10.5591005,Nein,Gardone Riviera,lcmt-nabi-pctmp_ead_wehr_26197-B_pctmp.jpg,,1914-07,,Schweizerische Nationalbibliothek,F.L.,https://commons.wikimedia.org/entity/M145253506,"Italia, Gardone Riviera, Ortsteilansicht",Blick auf Gardone Riviera vom Lago di Garda aus,1914:07,F.L.,,Italy,Lombardia,Gardone Riviera,45.62396,10.56682,3,True,0,0.83,https://www.openstreetmap.org/?mlat=45.62396&mlon=10.56682&zoom=14
"Italia, Gardone Riviera, Ortsteilansicht",Blick auf Gardone Riviera vom Lago di Garda aus,45.6187853,10.5591005,Nein,Gardone Riviera,lcmt-nabi-pctmp_ead_wehr_26198-B_pctmp.jpg,,1914-07,,Schweizerische Nationalbibliothek,F.L.,https://commons.wikimedia.org/entity/M145253476,"Italia, Gardone Riviera, Ortsteilansicht",Blick auf Gardone Riviera vom Lago di Garda aus,1914:07,F.L.,,Italy,Lombardia,Gardone Riviera,45.62396,10.56682,3,True,0,0.83,https://www.openstreetmap.org/?mlat=45.62396&mlon=10.56682&zoom=14
"Italia, Gardone Riviera, Ortsteilansicht","Blick auf Gardone Riviera, im Hintergrund der Lago di Garda",45.6187853,10.5591005,Nein,Gardone Riviera,lcmt-nabi-pctmp_ead_wehr_26199-B_pctmp.jpg,,1914-07,,Schweizerische Nationalbibliothek,F.L.,https://commons.wikimedia.org/entity/M145253452,"Italia, Gardone Riviera, Ortsteilansicht","Blick auf Gardone Riviera, im Hintergrund der Lago di Garda",1914:07,F.L.,,Italy,Lombardia,Gardone Riviera,45.62396,10.56682,3,True,0,0.83,https://www.openstreetmap.org/?mlat=45.62396&mlon=10.56682&zoom=14
"Italia, Gardone Riviera, Ortsteilansicht","Blick vom Lago di Garda auf Gardone-Riviera, im Vordergrund ein Segelboot",45.6187853,10.5591005,Nein,Gardone-Riviera,lcmt-nabi-pctmp_ead_wehr_26200-B_pctmp.jpg,,1914-07,,Schweizerische Nationalbibliothek,F.L.,https://commons.wikimedia.org/entity/M145253431,"Italia, Gardone Riviera, Ortsteilansicht","Blick vom Lago di Garda auf Gardone-Riviera, im Vordergrund ein Segelboot",1914:07,F.L.,,Italy,Lombardia,Gardone-Riviera,45.62499,10.56527,3,True,0,0.84,https://www.openstreetmap.org/?mlat=45.62499&mlon=10.56527&zoom=14
"Italia, Gardone Riviera, Ortsteilansicht",Blick auf Gardone-Riviera von einer Anhöhe aus,45.6187853,10.5591005,Nein,Gardone-Riviera,lcmt-nabi-pctmp_ead_wehr_26201-B_pctmp.jpg,,1914-07,,Schweizerische Nationalbibliothek,F.L.,https://commons.wikimedia.org/entity/M145253384,"Italia, Gardone Riviera, Ortsteilansicht",Blick auf Gardone-Riviera von einer Anhöhe aus,1914,F.L.,,Italy,Lombardia,Gardone-Riviera,45.62499,10.56527,3,True,0,0.84,https://www.openstreetmap.org/?mlat=45.62499&mlon=10.56527&zoom=14
"Italia, Gardone Riviera, Morgnaga, Ortsgesamtansicht","Blick auf Morgnaga, im Hintergrund der Lago di Garda",45.6200659,10.5528265,Nein,Morgnaga,lcmt-nabi-pctmp_ead_wehr_26202-B_pctmp.jpg,,1914-07,,Schweizerische Nationalbibliothek,F.L.,https://commons.wikimedia.org/entity/M145253357,"Italia, Gardone Riviera, Morgnaga, Ortsgesamtansicht","Blick auf Morgnaga, im Hintergrund der Lago di Garda",1914,F.L.,,Italy,Lombardia,Morgnaga,45.6200659,10.5528265,2,True,1,0.0,https://www.openstreetmap.org/?mlat=45.6200659&mlon=10.5528265&zoom=14
"Italia, Salò, Ortsteilansicht","Strasse in Salò, links eine Frau mit zwei Kindern",45.6056775,10.520069,Nein,Salò,lcmt-nabi-pctmp_ead_wehr_26203-B_pctmp.jpg,,1914-07,,Schweizerische Nationalbibliothek,F.L.,https://commons.wikimedia.org/entity/M145253321,"Italia, Salò, Ortsteilansicht","Strasse in Salò, links eine Frau mit zwei Kindern",1914,F.L.,,Italy,Lombardia,Salò,45.60685,10.5205,3,True,0,0.13,https://www.openstreetmap.org/?mlat=45.60685&mlon=10.5205&zoom=14
"Italia, Salò, Landschaft",Ufer des Lago di Garda bei Salò,45.6056775,10.520069,Nein,Salò,lcmt-nabi-pctmp_ead_wehr_26204-B_pctmp.jpg,,1914-07,,Schweizerische Nationalbibliothek,F.L.,https://commons.wikimedia.org/entity/M145253304,"Italia, Salò, Landschaft",Ufer des Lago di Garda bei Salò,1914,F.L.,,Italy,Lombardia,Salò,45.60685,10.5205,3,True,0,0.13,https://www.openstreetmap.org/?mlat=45.60685&mlon=10.5205&zoom=14
"Italia, Salò, Campo Santo, Teilaussenansicht",Campo Santo bei Salò,45.6056775,10.520069,Nein,Salò,lcmt-nabi-pctmp_ead_wehr_26205-B_pctmp.jpg,,1914-07,,Schweizerische Nationalbibliothek,F.L.,https://commons.wikimedia.org/entity/M145253279,"Italia, Salò, Campo Santo, Teilaussenansicht",Campo Santo bei Salò,1914,F.L.,,Italy,Lombardia,Salò,45.60685,10.5205,3,True,0,0.13,https://www.openstreetmap.org/?mlat=45.60685&mlon=10.5205&zoom=14
"Italia, Luino, Ortsgesamtansicht",Blick auf Luino vom Lago Maggiore aus,45.9989084,8.739907,Nein,Luino,lcmt-nabi-pctmp_ead_wehr_26206-B_pctmp.jpg,,1914-07,,Schweizerische Nationalbibliothek,F.L.,https://commons.wikimedia.org/entity/M145253241,"Italia, Luino, Ortsgesamtansicht",Blick auf Luino vom Lago Maggiore aus,1914,F.L.,,Italy,Lombardia,Luino,46.00185,8.74512,3,True,0,0.52,https://www.openstreetmap.org/?mlat=46.00185&mlon=8.74512&zoom=14
"Italia, Verbania, Pallanza, Ortsteilansicht",Piazza Giuseppe Garibaldi in Pallanza,45.9230169,8.5497586,Nein,Pallanza,lcmt-nabi-pctmp_ead_wehr_26207-B_pctmp.jpg,,1914-07,,Schweizerische Nationalbibliothek,F.L.,https://commons.wikimedia.org/entity/M145253198,"Italia, Verbania, Pallanza, Ortsteilansicht",Piazza Giuseppe Garibaldi in Pallanza,1914,F.L.,,Italy,Piemonte,Pallanza,45.9214292,8.552505,4,False,1,0.28,https://www.openstreetmap.org/?mlat=45.9214292&mlon=8.552505&zoom=14
"Italia, Verbania, Pallanza, Landschaft",Boote am Ufer des Lago Maggiore bei Pallanza,45.9230169,8.5497586,Nein,Pallanza,lcmt-nabi-pctmp_ead_wehr_26208-B_pctmp.jpg,,1914-07,,Schweizerische Nationalbibliothek,F.L.,https://commons.wikimedia.org/entity/M145253177,"Italia, Verbania, Pallanza, Landschaft",Boote am Ufer des Lago Maggiore bei Pallanza,1914,F.L.,,Italy,Piemonte,Pallanza,45.92298,8.55045,3,True,0,0.05,https://www.openstreetmap.org/?mlat=45.92298&mlon=8.55045&zoom=14
"Locarno, Ponte Brolla, Ortsteilansicht","Schlucht bei Ponte Brolla mit Steinbrücke, Blick flussaufwärts, rechts im Bild Pension Belforte",46.1857997,8.7532797,Nein,Ponte Brolla,lcmt-nabi-pctmp_ead_wehr_26209-B_pctmp.jpg,Tessin,1914-07,,Schweizerische Nationalbibliothek,F.L.,https://commons.wikimedia.org/entity/M145253143,"Locarno, Ponte Brolla, Ortsteilansicht","Schlucht bei Ponte Brolla mit Steinbrücke, Blick flussaufwärts, rechts im Bild Pension Belforte",1914,F.L.,,Switzerland,Cantone Ticino,Ponte Brolla,46.18715,8.75281,3,True,0,0.15,https://www.openstreetmap.org/?mlat=46.18715&mlon=8.75281&zoom=14
"Italia, Como, Ortsteilansicht",Uferpromende von Como,45.9394759,9.1494101,Nein,Como,lcmt-nabi-pctmp_ead_wehr_26213-B_pctmp.jpg,,1914-07,,Schweizerische Nationalbibliothek,F.L.,https://commons.wikimedia.org/entity/M145253040,"Italia, Como, Ortsteilansicht",Uferpromende von Como,1914,F.L.,,Italy,Lombardia,Como,45.80819,9.0832,3,True,0,15.47,https://www.openstreetmap.org/?mlat=45.80819&mlon=9.0832&zoom=14
"Italia, Como, Ortsteilansicht",Uferpromende von Como,45.9394759,9.1494101,Nein,Como,lcmt-nabi-pctmp_ead_wehr_26214-B_pctmp.jpg,,1914-07,,Schweizerische Nationalbibliothek,F.L.,https://commons.wikimedia.org/entity/M145253016,"Italia, Como, Ortsteilansicht",Uferpromende von Como,1914,F.L.,,Italy,Lombardia,Como,45.80819,9.0832,3,True,0,15.47,https://www.openstreetmap.org/?mlat=45.80819&mlon=9.0832&zoom=14
"Italia, Lago di Como, Teilansicht",Blick auf den Lago di Como,45.9394759,9.1494101,Nein,Como,lcmt-nabi-pctmp_ead_wehr_26215-B_pctmp.jpg,,1914-07,,Schweizerische Nationalbibliothek,F.L.,https://commons.wikimedia.org/entity/M145252903,"Italia, Lago di Como, Teilansicht",Blick auf den Lago di Como,1914,F.L.,,Italy,Lombardia,Como,45.80819,9.0832,3,True,0,15.47,https://www.openstreetmap.org/?mlat=45.80819&mlon=9.0832&zoom=14
"Italia, Lago di Como, Teilansicht",Blick auf den Lago di Como,45.9394759,9.1494101,Nein,Como,lcmt-nabi-pctmp_ead_wehr_26216-B_pctmp.jpg,,1914-07,,Schweizerische Nationalbibliothek,F.L.,https://commons.wikimedia.org/entity/M145252836,"Italia, Lago di Como, Teilansicht",Blick auf den Lago di Como,1914,F.L.,,Italy,Lombardia,Como,45.80819,9.0832,3,True,0,15.47,https://www.openstreetmap.org/?mlat=45.80819&mlon=9.0832&zoom=14
"Italia, Cernobbio, Villa d'Este, Teilaussenansicht",Teil der Villa d'Este und des Parks,45.8413945,9.0759048,Nein,Cernobbio,lcmt-nabi-pctmp_ead_wehr_26217-B_pctmp.jpg,,1914-07,,Schweizerische Nationalbibliothek,F.L.,https://commons.wikimedia.org/entity/M145252760,"Italia, Cernobbio, Villa d'Este, Teilaussenansicht",Teil der Villa d'Este und des Parks,1914,F.L.,,Italy,Lombardia,Cernobbio,45.84461,9.07962,5,False,0,0.46,https://www.openstreetmap.org/?mlat=45.84461&mlon=9.07962&zoom=14
"Italia, Cernobbio, Villa d'Este, Teilaussenansicht",Blick auf die Villa d'Este und eines Teils des Parks durch zwei Mauern hindurch,45.8413945,9.0759048,Nein,Cernobbio,lcmt-nabi-pctmp_ead_wehr_26218-B_pctmp.jpg,,1914-07,,Schweizerische Nationalbibliothek,F.L.,https://commons.wikimedia.org/entity/M145252722,"Italia, Cernobbio, Villa d'Este, Teilaussenansicht",Blick auf die Villa d'Este und eines Teils des Parks durch zwei Mauern hindurch,1914,F.L.,,Italy,Lombardia,Cernobbio,45.84461,9.07962,5,False,0,0.46,https://www.openstreetmap.org/?mlat=45.84461&mlon=9.07962&zoom=14
"Italia, Cernobbio, Villa d'Este, Parco, Landschaft",Teil des Parks der Villa d'Este,45.8413945,9.0759048,Nein,Cernobbio,lcmt-nabi-pctmp_ead_wehr_26219-B_pctmp.jpg,,1914-07,,Schweizerische Nationalbibliothek,F.L.,https://commons.wikimedia.org/entity/M145252690,"Italia, Cernobbio, Villa d'Este, Parco, Landschaft",Teil des Parks der Villa d'Este,1914,F.L.,,Italy,Lombardia,Cernobbio,45.84461,9.07962,5,False,0,0.46,https://www.openstreetmap.org/?mlat=45.84461&mlon=9.07962&zoom=14
"Italia, Cadenabbia, Ortsteilansicht",Blick vom Lago di Como auf Cadenabbia,45.995284,9.235538,Nein,Griante,lcmt-nabi-pctmp_ead_wehr_26220-B_pctmp.jpg,,1914-07,,Schweizerische Nationalbibliothek,F.L.,https://commons.wikimedia.org/entity/M145252648,"Italia, Cadenabbia, Ortsteilansicht",Blick vom Lago di Como auf Cadenabbia,1914,F.L.,,Italy,Lombardia,Griante,45.99528,9.23554,3,True,0,0.0,https://www.openstreetmap.org/?mlat=45.99528&mlon=9.23554&zoom=14
"Italia, Cadenabbia, Ortsteilansicht",Blick vom Lago di Como auf Cadenabbia,45.995284,9.235538,Nein,Griante,lcmt-nabi-pctmp_ead_wehr_26221-B_pctmp.jpg,,1914-07,,Schweizerische Nationalbibliothek,F.L.,https://commons.wikimedia.org/entity/M145252618,"Italia, Cadenabbia, Ortsteilansicht",Blick vom Lago di Como auf Cadenabbia,1914,F.L.,,Italy,Lombardia,Griante,45.99528,9.23554,3,True,0,0.0,https://www.openstreetmap.org/?mlat=45.99528&mlon=9.23554&zoom=14
"Italia, Cadenabbia, Villa Carlotta, Gesamtaussenansicht","Villa Carlotta in Cadenabbia, im Hintergrund der Monte Crocione",45.995284,9.235538,Nein,Griante,lcmt-nabi-pctmp_ead_wehr_26222-B_pctmp.jpg,,1914-07,,Schweizerische Nationalbibliothek,F.L.,https://commons.wikimedia.org/entity/M145252590,"Italia, Cadenabbia, Villa Carlotta, Gesamtaussenansicht","Villa Carlotta in Cadenabbia, im Hintergrund der Monte Crocione",1914,F.L.,,Italy,Lombardia,Griante,45.98636,9.23073,5,False,0,1.06,https://www.openstreetmap.org/?mlat=45.98636&mlon=9.23073&zoom=14
"Italia, Cadenabbia, Ortsteilansicht","Blick vom Lago di Como auf Cadenabbia, im Vordergrund ein Boot",45.995284,9.235538,Nein,Griante,lcmt-nabi-pctmp_ead_wehr_26223-B_pctmp.jpg,,1914-07,,Schweizerische Nationalbibliothek,F.L.,https://commons.wikimedia.org/entity/M145252558,"Italia, Cadenabbia, Ortsteilansicht","Blick vom Lago di Como auf Cadenabbia, im Vordergrund ein Boot",1914,F.L.,,Italy,Lombardia,Griante,45.99528,9.23554,3,True,0,0.0,https://www.openstreetmap.org/?mlat=45.99528&mlon=9.23554&zoom=14
"Italia, Tremezzo, Ortsteilansicht",Blick vom Lago di Como auf Tremezzo,45.983484,9.218538,Nein,Tremezzo,lcmt-nabi-pctmp_ead_wehr_26224-B_pctmp.jpg,,1914-07,,Schweizerische Nationalbibliothek,F.L.,https://commons.wikimedia.org/entity/M145252536,"Italia, Tremezzo, Ortsteilansicht",Blick vom Lago di Como auf Tremezzo,1914:07,F.L.,,Italy,Lombardia,Tremezzo,45.98423,9.21613,3,True,0,0.2,https://www.openstreetmap.org/?mlat=45.98423&mlon=9.21613&zoom=14
"Italia, Bellagio, Ortsgesamtansicht","Ansicht von Bellagio von einer Anhöhe aus, im Hintergrund der Lago di Como",45.9872549,9.2613001,Nein,Bellagio,lcmt-nabi-pctmp_ead_wehr_26225-B_pctmp.jpg,,1914-07,,Schweizerische Nationalbibliothek,F.L.,https://commons.wikimedia.org/entity/M145252517,"Italia, Bellagio, Ortsgesamtansicht","Ansicht von Bellagio von einer Anhöhe aus, im Hintergrund der Lago di Como",1914:07,F.L.,,Italy,Lombardia,Bellagio,45.98772,9.26182,3,True,0,0.07,https://www.openstreetmap.org/?mlat=45.98772&mlon=9.26182&zoom=14
"Italia, Bellagio, Ortsgesamtansicht","Ansicht von Bellagio von einer Anhöhe aus, im Hintergrund der Lago di Como",45.9872549,9.2613001,Nein,Bellagio,lcmt-nabi-pctmp_ead_wehr_26226-B_pctmp.jpg,,1914-07,,Schweizerische Nationalbibliothek,F.L.,https://commons.wikimedia.org/entity/M145252491,"Italia, Bellagio, Ortsgesamtansicht","Ansicht von Bellagio von einer Anhöhe aus, im Hintergrund der Lago di Como",1914:07,F.L.,,Italy,Lombardia,Bellagio,45.98772,9.26182,3,True,0,0.07,https://www.openstreetmap.org/?mlat=45.98772&mlon=9.26182&zoom=14
"Italia, Bellagio, Ortsgesamtansicht","Ansicht von Bellagio von einer Anhöhe aus, im Hintergrund der Lago di Como",45.9872549,9.2613001,Nein,Bellagio,lcmt-nabi-pctmp_ead_wehr_26227-B_pctmp.jpg,,1914-07,,Schweizerische Nationalbibliothek,F.L.,https://commons.wikimedia.org/entity/M145252452,"Italia, Bellagio, Ortsgesamtansicht","Ansicht von Bellagio von einer Anhöhe aus, im Hintergrund der Lago di Como",1914:07,F.L.,,Italy,Lombardia,Bellagio,45.98772,9.26182,3,True,0,0.07,https://www.openstreetmap.org/?mlat=45.98772&mlon=9.26182&zoom=14
"Italia, Bellagio, Ortsgesamtansicht",Blick vom Lago di Como auf Bellagio,45.9872549,9.2613001,Nein,Bellagio,lcmt-nabi-pctmp_ead_wehr_26228-B_pctmp.jpg,,1914-07,,Schweizerische Nationalbibliothek,F.L.,https://commons.wikimedia.org/entity/M145252392,"Italia, Bellagio, Ortsgesamtansicht",Blick vom Lago di Como auf Bellagio,1914:07,F.L.,,Italy,Lombardia,Bellagio,45.98772,9.26182,3,True,0,0.07,https://www.openstreetmap.org/?mlat=45.98772&mlon=9.26182&zoom=14
"Italia, Bellagio, Hotel Bellagio, Gesamtaussenansicht",Ansicht des Hotel Bellagio,45.9872549,9.2613001,Nein,Bellagio,lcmt-nabi-pctmp_ead_wehr_26229-B_pctmp.jpg,,1914-07,,Schweizerische Nationalbibliothek,F.L.,https://commons.wikimedia.org/entity/M145252369,"Italia, Bellagio, Hotel Bellagio",Ansicht des Hotel Bellagio,1914:07,F.L.,,Italy,Lombardia,Bellagio,45.9845,9.259,5,False,0,0.35,https://www.openstreetmap.org/?mlat=45.9845&mlon=9.259&zoom=14
"Italia, Bellagio, Via Serbelloni, Ortsteilansicht",Via Serbelloni in Bellagio,45.9872549,9.2613001,Nein,Bellagio,lcmt-nabi-pctmp_ead_wehr_26230-B_pctmp.jpg,,1914-07,,Schweizerische Nationalbibliothek,F.L.,https://commons.wikimedia.org/entity/M145252355,"Italia, Bellagio, Via Serbelloni",Via Serbelloni in Bellagio,1914:07,F.L.,,Italy,Lombardia,Bellagio,45.9870494,9.2642058,4,False,1,0.23,https://www.openstreetmap.org/?mlat=45.9870494&mlon=9.2642058&zoom=14
"Italia, Bellagio, Via Serbelloni, Ortsteilansicht",Via Serbelloni in Bellagio,45.9872549,9.2613001,Nein,Bellagio,lcmt-nabi-pctmp_ead_wehr_26231-B_pctmp.jpg,,1914-07,,Schweizerische Nationalbibliothek,F.L.,https://commons.wikimedia.org/entity/M145252320,"Italia, Bellagio, Via Serbelloni",Via Serbelloni in Bellagio,1914:07,F.L.,,Italy,Lombardia,Bellagio,45.9870494,9.2642058,4,False,1,0.23,https://www.openstreetmap.org/?mlat=45.9870494&mlon=9.2642058&zoom=14
"Italia, Bellagio, Hotel Bellagio, Teilaussenansicht","Ansicht des Hotel Bellagio, links eine Mauer",45.9872549,9.2613001,Nein,Bellagio,lcmt-nabi-pctmp_ead_wehr_26232-B_pctmp.jpg,,1914-07,,Schweizerische Nationalbibliothek,F.L.,https://commons.wikimedia.org/entity/M145252264,"Italia, Bellagio, Hotel Bellagio","Ansicht des Hotel Bellagio, links eine Mauer",1914:07,F.L.,,Italy,Lombardia,Bellagio,45.9845,9.259,5,False,0,0.35,https://www.openstreetmap.org/?mlat=45.9845&mlon=9.259&zoom=14
"Italia, Griante, Chiesa San Martino, Gesamtaussenansicht","Ansicht der Kirche San Martino in Griante, im Hintergrund der Lago di Como sowie Bellagio",45.995284,9.235538,Nein,Griante,lcmt-nabi-pctmp_ead_wehr_26233-B_pctmp.jpg,,1914-07,,Schweizerische Nationalbibliothek,F.L.,https://commons.wikimedia.org/entity/M145252187,"Italia, Griante, Chiesa San Martino","Ansicht der Kirche San Martino in Griante, im Hintergrund der Lago di Como sowie Bellagio",1914:07,F.L.,,Italy,Lombardia,Griante,46.0046488,9.2306995,4,False,1,1.11,https://www.openstreetmap.org/?mlat=46.0046488&mlon=9.2306995&zoom=14
"Italia, Bellagio, Villa Serbelloni, Teilaussenansicht",Blick von einem Tor zur Villa Serbelloni in Bellagio,45.9872549,9.2613001,Nein,Bellagio,lcmt-nabi-pctmp_ead_wehr_26234-B_pctmp.jpg,,1914-07,,Schweizerische Nationalbibliothek,F.L.,https://commons.wikimedia.org/entity/M145252159,"Italia, Bellagio, Villa Serbelloni",Blick von einem Tor zur Villa Serbelloni in Bellagio,1914:07,F.L.,,Italy,Lombardia,Bellagio,45.9870494,9.2642058,4,False,1,0.23,https://www.openstreetmap.org/?mlat=45.9870494&mlon=9.2642058&zoom=14
"Italia, Bellagio, Villa Serbelloni, Teilaussenansicht",Blick von einem Tor zur Villa Serbelloni in Bellagio,45.9872549,9.2613001,Nein,Bellagio,lcmt-nabi-pctmp_ead_wehr_26235-B_pctmp.jpg,,1914-07,,Schweizerische Nationalbibliothek,F.L.,https://commons.wikimedia.org/entity/M145252147,"Italia, Bellagio, Villa Serbelloni",Blick von einem Tor zur Villa Serbelloni in Bellagio,1914:07,F.L.,,Italy,Lombardia,Bellagio,45.9870494,9.2642058,4,False,1,0.23,https://www.openstreetmap.org/?mlat=45.9870494&mlon=9.2642058&zoom=14
"Italia, Bellagio, San Giovanni, Villa Giulia, Gesamtaussenansicht",Villa Giulia im Stadtteil San Giovanni in Bellagio,45.9872549,9.2613001,Nein,Bellagio,lcmt-nabi-pctmp_ead_wehr_26236-B_pctmp.jpg,,1914-07,,Schweizerische Nationalbibliothek,F.L.,https://commons.wikimedia.org/entity/M145252125,"Italia, Bellagio, Villa Giulia",Villa Giulia im Stadtteil San Giovanni in Bellagio,1914:07,F.L.,,Italy,Lombardia,Bellagio,45.9758486,9.2636392,4,False,1,1.28,https://www.openstreetmap.org/?mlat=45.9758486&mlon=9.2636392&zoom=14
"Italia, Bellagio, San Giovanni, Ortsteilansicht",Strasse in San Giovanni in Bellagio,35.9093052,14.4788042,Nein,San Giovanni,lcmt-nabi-pctmp_ead_wehr_26237-B_pctmp.jpg,,1914-07,,Schweizerische Nationalbibliothek,F.L.,https://commons.wikimedia.org/entity/M145252094,"Italia, Bellagio, San Giovanni",Strasse in San Giovanni in Bellagio,1914:07,F.L.,,Italy,Lombardia,San Giovanni,44.96627,11.08114,3,True,0,1047.07,https://www.openstreetmap.org/?mlat=44.96627&mlon=11.08114&zoom=14
"Italia, Bellagio, Loppia, Ortsteilansicht","Weg in Loppia, rechts und links davon Zypressen, im Hintergrund di Chiesa Santa Maria di Loppia",45.9776513,9.2521778,Nein,Loppia,lcmt-nabi-pctmp_ead_wehr_26238-B_pctmp.jpg,,1914-07,,Schweizerische Nationalbibliothek,F.L.,https://commons.wikimedia.org/entity/M145252073,"Italia, Bellagio, Loppia","Weg in Loppia, rechts und links davon Zypressen, im Hintergrund di Chiesa Santa Maria di Loppia",1914:07,F.L.,,Italy,Lombardia,Loppia,45.9776513,9.2521778,2,True,1,0.0,https://www.openstreetmap.org/?mlat=45.9776513&mlon=9.2521778&zoom=14
"Italia, Bellagio, Loppia, Ortsteilansicht","Weg in Loppia, rechts davon Zypressen und einige Häuser",45.9776513,9.2521778,Nein,Loppia,lcmt-nabi-pctmp_ead_wehr_26239-B_pctmp.jpg,,1914-07,,Schweizerische Nationalbibliothek,F.L.,https://commons.wikimedia.org/entity/M145252055,"Italia, Bellagio, Loppia","Weg in Loppia, rechts davon Zypressen und einige Häuser",1914:07,F.L.,,Italy,Lombardia,Loppia,45.9776513,9.2521778,2,True,1,0.0,https://www.openstreetmap.org/?mlat=45.9776513&mlon=9.2521778&zoom=14
"Italia, Bellagio, Loppia, Ortsteilansicht","Weg in Loppia, rechts und links davon Zypressen, links im Hintergrund die Chiesa Santa Maria di Loppia",45.9776513,9.2521778,Nein,Loppia,lcmt-nabi-pctmp_ead_wehr_26240-B_pctmp.jpg,,1914-07,,Schweizerische Nationalbibliothek,F.L.,https://commons.wikimedia.org/entity/M145252044,"Italia, Bellagio, Loppia","Weg in Loppia, rechts und links davon Zypressen, links im Hintergrund die Chiesa Santa Maria di Loppia",1914:07,F.L.,,Italy,Lombardia,Loppia,45.9776513,9.2521778,2,True,1,0.0,https://www.openstreetmap.org/?mlat=45.9776513&mlon=9.2521778&zoom=14
"Italia, Varenna, Ortsteilansicht",Blick über ein Dach eines Hauses in Varenna auf den Lago di Como,46.0099785,9.2831593,Nein,Varenna,lcmt-nabi-pctmp_ead_wehr_26241-B_pctmp.jpg,,1914-07,,Schweizerische Nationalbibliothek,F.L.,https://commons.wikimedia.org/entity/M145252026,"Italia, Varenna, Ortsteilansicht",Blick über ein Dach eines Hauses in Varenna auf den Lago di Como,1914:07,F.L.,,Italy,Lombardia,Varenna,46.01078,9.28465,3,True,0,0.15,https://www.openstreetmap.org/?mlat=46.01078&mlon=9.28465&zoom=14
"Italia, Varenna, Ortsteilansicht",Marktplatz in Varenna,46.0099785,9.2831593,Nein,Varenna,lcmt-nabi-pctmp_ead_wehr_26242-B_pctmp.jpg,,1914-07,,Schweizerische Nationalbibliothek,F.L.,https://commons.wikimedia.org/entity/M145251990,"Italia, Varenna, Ortsteilansicht",Marktplatz in Varenna,1914:07,F.L.,,Italy,Lombardia,Varenna,46.01078,9.28465,3,True,0,0.15,https://www.openstreetmap.org/?mlat=46.01078&mlon=9.28465&zoom=14
"Italia, Varenna, Ortsgesamtansicht",Blick vom Lago di Como auf Varenna mit dem Castello di Vezio,46.0099785,9.2831593,Nein,Varenna,lcmt-nabi-pctmp_ead_wehr_26243-B_pctmp.jpg,,1914-07,,Schweizerische Nationalbibliothek,F.L.,https://commons.wikimedia.org/entity/M145251970,"Italia, Varenna, Ortsgesamtansicht",Blick vom Lago di Como auf Varenna mit dem Castello di Vezio,1914:07,F.L.,,Italy,Lombardia,Varenna,46.01078,9.28465,3,True,0,0.15,https://www.openstreetmap.org/?mlat=46.01078&mlon=9.28465&zoom=14
"Italia, Varenna, Castello di Vezio, Teilaussenansicht",Blick auf das Castello di Vezio,46.0099785,9.2831593,Nein,Varenna,lcmt-nabi-pctmp_ead_wehr_26244-B_pctmp.jpg,,1914-07,,Schweizerische Nationalbibliothek,F.L.,https://commons.wikimedia.org/entity/M145251942,"Italia, Varenna, Castello di Vezio",Blick auf das Castello di Vezio,1914:07,F.L.,,Italy,Lombardia,Varenna,46.01068,9.28673,5,False,0,0.29,https://www.openstreetmap.org/?mlat=46.01068&mlon=9.28673&zoom=14
"Italia, Varenna, Ortsteilansicht",Häuser und Brücke beim Fiumelatte in Varenna,46.0099785,9.2831593,Nein,Varenna,lcmt-nabi-pctmp_ead_wehr_26245-B_pctmp.jpg,,1914-07,,Schweizerische Nationalbibliothek,F.L.,https://commons.wikimedia.org/entity/M145251916,"Italia, Varenna, Ortsteilansicht",Häuser und Brücke beim Fiumelatte in Varenna,1914:07,F.L.,,Italy,Lombardia,Varenna,46.01078,9.28465,3,True,0,0.15,https://www.openstreetmap.org/?mlat=46.01078&mlon=9.28465&zoom=14
"Italia, Perledo, Ortsteilansicht","Ansicht von Perledo, im Vordergrund eine Wiese",46.0128352,9.2963201,Nein,Perledo,lcmt-nabi-pctmp_ead_wehr_26246-B_pctmp.jpg,,1914-07,,Schweizerische Nationalbibliothek,F.L.,https://commons.wikimedia.org/entity/M145251895,"Italia, Perledo, Ortsteilansicht","Ansicht von Perledo, im Vordergrund eine Wiese",1914:07,F.L.,,Italy,Lombardia,Perledo,46.01529,9.2956,3,True,0,0.28,https://www.openstreetmap.org/?mlat=46.01529&mlon=9.2956&zoom=14
"Italia, Lago di Como, Landschaft",Garten einer Villa am Lago di Como,45.9917589,9.264881,Nein,Lago di Como,lcmt-nabi-pctmp_ead_wehr_26247-B_pctmp.jpg,,1914-07,,Schweizerische Nationalbibliothek,F.L.,https://commons.wikimedia.org/entity/M145251844,"Italia, Lago di Como, Landschaft",Garten einer Villa am Lago di Como,1914:07,F.L.,,Italy,Lombardia,Lago di Como,46.00793,9.26079,5,False,0,1.83,https://www.openstreetmap.org/?mlat=46.00793&mlon=9.26079&zoom=14
"Italia, Lago di Como, Landschaft",Garten einer Villa am Lago di Como,45.9917589,9.264881,Nein,Lago di Como,lcmt-nabi-pctmp_ead_wehr_26248-B_pctmp.jpg,,1914-07,,Schweizerische Nationalbibliothek,F.L.,https://commons.wikimedia.org/entity/M145251784,"Italia, Lago di Como, Landschaft",Garten einer Villa am Lago di Como,1914:07,F.L.,,Italy,Lombardia,Lago di Como,46.00793,9.26079,5,False,0,1.83,https://www.openstreetmap.org/?mlat=46.00793&mlon=9.26079&zoom=14
"San Salvatore, Landschaft",Lago di Lugano und Monte San Salvatore,46.0050102,8.9520281,Nein,Lugano,lcmt-nabi-pctmp_ead_wehr_26249-B_pctmp.jpg,Tessin,1914-07,,Schweizerische Nationalbibliothek,F.L.,https://commons.wikimedia.org/entity/M145251759,"San Salvatore, Landschaft",Lago di Lugano und Monte San Salvatore,1914:07,F.L.,,Switzerland,Cantone Ticino,Lugano,45.9746,8.944,5,False,0,3.44,https://www.openstreetmap.org/?mlat=45.9746&mlon=8.944&zoom=14
"Italia, Valsolda, San Mamete, Ortsteilansicht",Boote Ufer von San Mamete,45.5121798,9.2536963,Nein,San Mamete,lcmt-nabi-pctmp_ead_wehr_26264-B_pctmp.jpg,,1914-07,,Schweizerische Nationalbibliothek,F.L.,https://commons.wikimedia.org/entity/M145251419,"Italia, Valsolda, San Mamete, Ortsteilansicht",Boote Ufer von San Mamete,1914:07,F.L.,,Italy,Lombardia,San Mamete,46.02505,9.05364,3,True,0,59.1,https://www.openstreetmap.org/?mlat=46.02505&mlon=9.05364&zoom=14
"Morcote, Kirche Madonna des Sasso, Gesamtaussenansicht",Blick auf Friedhof und Kirche,45.9226781,8.9150466,Nein,Morcote,lcmt-nabi-pctmp_ead_wehr_26265-B_pctmp.jpg,Tessin,1914-07,,Schweizerische Nationalbibliothek,F.L.,https://commons.wikimedia.org/entity/M145251377,"Morcote, Kirche Madonna des Sasso",Blick auf Friedhof und Kirche,1914:07,F.L.,,Switzerland,Cantone Ticino,Morcote,45.925,8.916,3,True,0,0.27,https://www.openstreetmap.org/?mlat=45.925&mlon=8.916&zoom=14
"Soldaten, Gruppenbild und Landschaft [Lokalisierung unsicher]",Landsturm-Soldaten vor einem Tunneleingang,,,Nein,"Schweiz, [Lokalisierung unsicher]",lcmt-nabi-pctmp_ead_wehr_26293-B_pctmp.jpg,,1914,,Schweizerische Nationalbibliothek,F.L.,https://commons.wikimedia.org/entity/M145164334,"Soldaten, Gruppenbild und Landschaft",Landsturm-Soldaten vor einem Tunneleingang,1914,F.L.,,Switzerland,,"Schweiz, [Lokalisierung unsicher]",,,0,False,0,,
"Soldaten, Gruppenbild und Landschaft [Lokalisierung unsicher]",Landsturm-Soldaten vor einem Unterstand an der Sihl,,,Nein,"Schweiz, [Lokalisierung unsicher]",lcmt-nabi-pctmp_ead_wehr_26294-B_pctmp.jpg,,1914,,Schweizerische Nationalbibliothek,F.L.,https://commons.wikimedia.org/entity/M145164320,"Soldaten, Gruppenbild und Landschaft",Landsturm-Soldaten vor einem Unterstand an der Sihl,1914,F.L.,,Switzerland,Kanton Zürich,"Schweiz, [Lokalisierung unsicher]",,,0,False,0,,
"Luzern, Ortsteilansicht",Blick auf Luzern runter vom Gütsch aus gesehen,47.0505452,8.3054682,Nein,Luzern,lcmt-nabi-pctmp_ead_wehr_26295-B_pctmp.jpg,Luzern,1914-12,,Schweizerische Nationalbibliothek,Artur Wehrli,https://commons.wikimedia.org/entity/M145164259,"Luzern, Ortsteilansicht",Blick auf Luzern runter vom Gütsch aus gesehen,1914:12,Artur Wehrli,,Switzerland,Kanton Luzern,Luzern,47.05048,8.30635,3,True,0,0.07,https://www.openstreetmap.org/?mlat=47.05048&mlon=8.30635&zoom=14
"Baden, Schloss Schartenfels, Teilaussenansicht",Teilansicht des Schartenfels bei Baden,48.0076713,16.2343693,Nein,Baden,lcmt-nabi-pctmp_ead_wehr_2706-B_pctmp.jpg,Aargau,1906,,Schweizerische Nationalbibliothek,unknown photographer,https://commons.wikimedia.org/entity/M143741948,"Baden, Schloss Schartenfels",Teilansicht des Schartenfels bei Baden,1906,unknown photographer,,Switzerland,Kanton Aargau,Baden,47.4744369,8.3142883,4,False,1,594.93,https://www.openstreetmap.org/?mlat=47.4744369&mlon=8.3142883&zoom=14
"Au, Halbinsel, Ortsteilansicht",Halbinsel Au am Zürichsee,-24.7761086,134.755,Nein,Au,lcmt-nabi-pctmp_ead_wehr_2800-B_pctmp.jpg,Zürich,1906,,Schweizerische Nationalbibliothek,unknown photographer,https://commons.wikimedia.org/entity/M144171628,"Au, Halbinsel, Ortsteilansicht",Halbinsel Au am Zürichsee,1906,unknown photographer,,Switzerland,Kanton Zürich,Au,47.42135,8.57187,3,True,0,14696.01,https://www.openstreetmap.org/?mlat=47.42135&mlon=8.57187&zoom=14
"Zürich, Kreis 1, Inneres Seebecken, Ortsteilansicht","Zürich, Ansicht des Fraumünsters mit Blick entlang des Utoquais auf die Alpen",47.3744489,8.5410422,Nein,Zürich,lcmt-nabi-pctmp_ead_wehr_2902-B_pctmp.jpg,Zürich,circa 1906,,Schweizerische Nationalbibliothek,unknown photographer,https://commons.wikimedia.org/entity/M144176562,"Zürich, Inneres Seebecken, Ortsteilansicht","Zürich, Ansicht des Fraumünsters mit Blick entlang des Utoquais auf die Alpen",1906,unknown photographer,,Switzerland,Kanton Zürich,Müstair,47.36966,8.54145,5,False,0,0.53,https://www.openstreetmap.org/?mlat=47.36966&mlon=8.54145&zoom=14
"Luzern, Frau in Luzerner Tracht, Teilansicht",Seitenansicht einer stehenden Frau mit Luzerner Tracht,47.0908207,8.1719611,Nein,Kanton Luzern,lcmt-nabi-pctmp_ead_wehr_30-B_pctmp.jpg,Luzern,circa 1905,,Schweizerische Nationalbibliothek,unknown photographer,https://commons.wikimedia.org/entity/M144182359,"Luzern, Frau in Luzerner Tracht",Seitenansicht einer stehenden Frau mit Luzerner Tracht,1905,unknown photographer,,Switzerland,Kanton Luzern,Luzern,47.05048,8.30635,3,True,0,11.12,https://www.openstreetmap.org/?mlat=47.05048&mlon=8.30635&zoom=14
"Bern, Ortsteilansicht",Blick von Nordwesten auf die Kornhausbrücke und die Berner Altstadt. Im Hintergrund das Alpenpanorama,46.9484742,7.4521749,Nein,Bern,lcmt-nabi-pctmp_ead_wehr_3001-B_pctmp.jpg,Bern,circa 1906,,Schweizerische Nationalbibliothek,unknown photographer,https://commons.wikimedia.org/entity/M144179483,"Bern, Ortsteilansicht",Blick von Nordwesten auf die Kornhausbrücke und die Berner Altstadt. Im Hintergrund das Alpenpanorama,1906,unknown photographer,,Switzerland,Canton de Berne,Bern,46.9505379,7.4484506,4,False,1,0.36,https://www.openstreetmap.org/?mlat=46.9505379&mlon=7.4484506&zoom=14
"Brienz, Giessbachfälle, Teilansicht",Blick auf die Giessbachfälle und den umliegenden Wald,46.7560001,8.0303006,Nein,Brienz,lcmt-nabi-pctmp_ead_wehr_3100-B_pctmp.jpg,Bern,circa 1906,,Schweizerische Nationalbibliothek,unknown photographer,https://commons.wikimedia.org/entity/M144182424,"Brienz, Giessbachfälle",Blick auf die Giessbachfälle und den umliegenden Wald,1906,unknown photographer,,Switzerland,Canton de Berne,Brienz,46.73121,8.02474,5,False,0,2.79,https://www.openstreetmap.org/?mlat=46.73121&mlon=8.02474&zoom=14
"Luzern, Ortsteilansicht",Teilansicht von Luzern mit dem Bahnhof vom See aus gesehen gegen den Pilatus,47.0505452,8.3054682,Nein,Luzern,lcmt-nabi-pctmp_ead_wehr_31707-B_pctmp.jpg,Luzern,1923-08,,Schweizerische Nationalbibliothek,P. Bösch,https://commons.wikimedia.org/entity/M147031382,"Luzern, Ortsteilansicht",Teilansicht von Luzern mit dem Bahnhof vom See aus gesehen gegen den Pilatus,1923:08,P. Bösch,,Switzerland,Kanton Luzern,Luzern,47.05048,8.30635,3,True,0,0.07,https://www.openstreetmap.org/?mlat=47.05048&mlon=8.30635&zoom=14
"Lenzspitze, Dom, Täschhorn","Gebirge, Ballonaufnahme",,,Nein,  ,lcmt-nabi-pctmp_ead_wehr_32001-A_pctmp.jpg,Wallis,1893-1924,,Schweizerische Nationalbibliothek,Eduard Spelterini,https://commons.wikimedia.org/entity/M149025082,"Lenzspitze, Dom, Täschhorn","Gebirge, Ballonaufnahme",1893-1924,Eduard Spelterini,,Switzerland,Canton du Valais,Lantsch/Lenz,46.10454,7.8686,5,False,0,,https://www.openstreetmap.org/?mlat=46.10454&mlon=7.8686&zoom=14
"Matterhorn, Gesamtansicht","Matterhorn von Westen, Berg, Ballonaufnahme",,,Nein,  Matterhorn,lcmt-nabi-pctmp_ead_wehr_32006-A_pctmp.jpg,,1893-1924,,Schweizerische Nationalbibliothek,Eduard Spelterini,https://commons.wikimedia.org/entity/M32914723,"Matterhorn, Gesamtansicht","Matterhorn von Westen, Berg, Ballonaufnahme",1893-1924,Eduard Spelterini,,Switzerland,Canton du Valais,Matterhorn,45.97641,7.65861,5,False,0,,https://www.openstreetmap.org/?mlat=45.97641&mlon=7.65861&zoom=14
"Val d'Hérens, Blick nach Süden","Ballonfaufnahme, unten Sasseneire mit Lac de Lona. Mitte, Val d'Arolla, links über der Mitte, Glacier du Mont Collon",,,Nein,  Sasseneire,lcmt-nabi-pctmp_ead_wehr_32014-A_pctmp.jpg,,1893-1924,,Schweizerische Nationalbibliothek,Eduard Spelterini,https://commons.wikimedia.org/entity/M32914800,"Val d'Hérens, Blick nach Süden","Ballonfaufnahme, unten Sasseneire mit Lac de Lona. Mitte, Val d'Arolla, links über der Mitte, Glacier du Mont Collon",1893-1924,Eduard Spelterini,,Switzerland,Canton du Valais,Sasseneire,46.1667,7.4333,5,False,0,,https://www.openstreetmap.org/?mlat=46.1667&mlon=7.4333&zoom=14
"Arabische Wüste, Landschaft","Arabische Wüste, Ballonaufnahme",,,Nein,  Arabische Wüste,lcmt-nabi-pctmp_ead_wehr_32033-B_pctmp.jpg,,1893-1924,,Schweizerische Nationalbibliothek,Eduard Spelterini,https://commons.wikimedia.org/entity/M32913030,"Arabische Wüste, Landschaft","Arabische Wüste, Ballonaufnahme",1893-1924,Eduard Spelterini,,Egypt,,Arabische Wüste,,,0,False,0,,
"Ägypten, Ortsteilansicht","Ägypten, Grab Barkuk und Moschee El Aschraf, umgeben von Krawanen-Wegen, Ballonaufnahme aus ca. 800 m Höhe",,,Nein,  Ägypten,lcmt-nabi-pctmp_ead_wehr_32034-B_pctmp.jpg,,1904,,Schweizerische Nationalbibliothek,Eduard Spelterini,https://commons.wikimedia.org/entity/M32910710,"Ägypten, Grab Barkuk und Moschee El Aschraf","Ägypten, Grab Barkuk und Moschee El Aschraf, umgeben von Krawanen-Wegen, Ballonaufnahme aus ca. 800 m Höhe",1904,Eduard Spelterini,,Egypt,,Ägypten,,,0,False,0,,
"Aegypten, Ortsteilansicht","Aegypten, Moschee El Aschraf und Moschee El Barkuk, umgeben von Krawanen-Wegen, Ballonaufnahme aus ca. 800 m Höhe",,,Nein,  Ägypten,lcmt-nabi-pctmp_ead_wehr_32035-B_pctmp.jpg,,1904,,Schweizerische Nationalbibliothek,Eduard Spelterini,https://commons.wikimedia.org/entity/M32910316,"Ägypten, Moschee El Aschraf und El Barkuk","Aegypten, Moschee El Aschraf und Moschee El Barkuk, umgeben von Krawanen-Wegen, Ballonaufnahme aus ca. 800 m Höhe",1904,Eduard Spelterini,,Egypt,,Ägypten,,,0,False,0,,
"Kairo, Ortsteilansicht","Kairo, Ballonaufnahme aus ca. 800 m Höhe",,,Nein,  Kairo,lcmt-nabi-pctmp_ead_wehr_32036-B_pctmp.jpg,,1904,,Schweizerische Nationalbibliothek,Eduard Spelterini,https://commons.wikimedia.org/entity/M32911057,"Kairo, Ortsteilansicht","Kairo, Ballonaufnahme aus ca. 800 m Höhe",1904,Eduard Spelterini,,Egypt,Cairo Governorate,Kairo,30.06263,31.24967,3,True,0,,https://www.openstreetmap.org/?mlat=30.06263&mlon=31.24967&zoom=14
"Kairo, Ortsteilansicht","Aegypten, Kairo, Ballonaufnahme der Stadt",,,Nein,  Kairo,lcmt-nabi-pctmp_ead_wehr_32038-B_pctmp.jpg,,1893-1904,,Schweizerische Nationalbibliothek,Eduard Spelterini,https://commons.wikimedia.org/entity/M32911066,"Kairo, Ortsteilansicht","Aegypten, Kairo, Ballonaufnahme der Stadt",1893-1904,Eduard Spelterini,,Egypt,Cairo Governorate,Kairo,30.06263,31.24967,3,True,0,,https://www.openstreetmap.org/?mlat=30.06263&mlon=31.24967&zoom=14
"Gasterntal, Landschaft","Unten einige Hütten, oben die Berge",46.4558576,7.6937386,Nein,Gasterntal,lcmt-nabi-pctmp_ead_wehr_3204-B_pctmp.jpg,Bern,1906,,Schweizerische Nationalbibliothek,unknown photographer,https://commons.wikimedia.org/entity/M144187224,"Gasterntal, Landschaft","Unten einige Hütten, oben die Berge",1906,,,Switzerland,Canton de Berne,Gasterntal,46.45264,7.75214,5,False,0,4.49,https://www.openstreetmap.org/?mlat=46.45264&mlon=7.75214&zoom=14
"Kairo, Ortsteilansicht","Aegypten, Totenstadt, Kalifengräber bei Kairo aus ca. 1200 m Höhe, Ballonaufnahme",,,Nein,  Ägypten,lcmt-nabi-pctmp_ead_wehr_32041-B_pctmp.jpg,,1904,,Schweizerische Nationalbibliothek,Eduard Spelterini,https://commons.wikimedia.org/entity/M32910670,"Kairo, Kalifengräber","Aegypten, Totenstadt, Kalifengräber bei Kairo aus ca. 1200 m Höhe, Ballonaufnahme",1904,Eduard Spelterini,,Egypt,,Ägypten,,,0,False,0,,
"Kairo, Landschaft","Aegypten, Nil-Ebene, Kairo, Ballonaufnahme",,,Nein,  Ägypten,lcmt-nabi-pctmp_ead_wehr_32042-B_pctmp.jpg,,1904,,Schweizerische Nationalbibliothek,Eduard Spelterini,https://commons.wikimedia.org/entity/M32910314,"Kairo, Nil-Ebene","Aegypten, Nil-Ebene, Kairo, Ballonaufnahme",1904,Eduard Spelterini,,Egypt,,Ägypten,,,0,False,0,,
"Kairo, Landschaft","Aegypten, Kairo und Nil aus ca. 500 m Höhe, Ballonaufnahme",,,Nein,  Kairo,lcmt-nabi-pctmp_ead_wehr_32043-B_pctmp.jpg,,1904,,Schweizerische Nationalbibliothek,Eduard Spelterini,https://commons.wikimedia.org/entity/M32910584,"Kairo, Landschaft","Aegypten, Kairo und Nil aus ca. 500 m Höhe, Ballonaufnahme",1904,Eduard Spelterini,,Egypt,Cairo Governorate,Kairo,30.06263,31.24967,3,True,0,,https://www.openstreetmap.org/?mlat=30.06263&mlon=31.24967&zoom=14
"Kairo, Landschaft","Aegypten, Pyramiden von Gizeh bei Kairo aus ca. 600 m Höhe, Ballonaufnahme",,,Nein,  Ägypten,lcmt-nabi-pctmp_ead_wehr_32044-B_pctmp.jpg,,1904,,Schweizerische Nationalbibliothek,Eduard Spelterini,https://commons.wikimedia.org/entity/M32910614,Pyramiden von Gizeh bei Kairo,"Aegypten, Pyramiden von Gizeh bei Kairo aus ca. 600 m Höhe, Ballonaufnahme",1904,Eduard Spelterini,,Egypt,,Ägypten,,,0,False,0,,
"Kopenhagen, Ortsteilansicht","Kopenhagen, Blick auf die Innenstadt mit der Christiansborg, Ballonaufnahme",,,Nein,  Kopenhagen,lcmt-nabi-pctmp_ead_wehr_32046-B_pctmp.jpg,,1893-1924,,Schweizerische Nationalbibliothek,Eduard Spelterini,https://commons.wikimedia.org/entity/M32913011,"Kopenhagen, Innenstadt mit Christiansborg","Kopenhagen, Blick auf die Innenstadt mit der Christiansborg, Ballonaufnahme",1893-1924,Eduard Spelterini,,Denmark,Region Hovedstaden,Kopenhagen,55.67594,12.57952,5,False,0,,https://www.openstreetmap.org/?mlat=55.67594&mlon=12.57952&zoom=14
"Kopenhagen, Ortsteilansicht","Kopenhagen, Blick auf die Innenstadt, Ballonaufnahme",,,Nein,  Kopenhagen,lcmt-nabi-pctmp_ead_wehr_32047-B_pctmp.jpg,,1893-1924,,Schweizerische Nationalbibliothek,Eduard Spelterini,https://commons.wikimedia.org/entity/M32912906,"Kopenhagen, Ortsteilansicht","Kopenhagen, Blick auf die Innenstadt, Ballonaufnahme",1893-1924,Eduard Spelterini,,Denmark,Region Hovedstaden,Kopenhagen,55.67594,12.56553,3,True,0,,https://www.openstreetmap.org/?mlat=55.67594&mlon=12.56553&zoom=14
"Kopenhagen, Ortsteilansicht","Kopenhagen, Blick auf die Innenstadt mit Bahnhof, Ballonaufnahme",,,Nein,  Kopenhagen,lcmt-nabi-pctmp_ead_wehr_32048-B_pctmp.jpg,,1893-1924,,Schweizerische Nationalbibliothek,Eduard Spelterini,https://commons.wikimedia.org/entity/M32912919,"Kopenhagen, Innenstadt mit Bahnhof","Kopenhagen, Blick auf die Innenstadt mit Bahnhof, Ballonaufnahme",1893-1924,Eduard Spelterini,,Denmark,Region Hovedstaden,Kopenhagen,55.6724527,12.5653736,4,False,1,,https://www.openstreetmap.org/?mlat=55.6724527&mlon=12.5653736&zoom=14
"Kopenhagen, Ortsteilansicht","Kopenhagen, Blick auf die Innenstadt, Ballonaufnahme",,,Nein,  Kopenhagen,lcmt-nabi-pctmp_ead_wehr_32049-B_pctmp.jpg,,1893-1924,,Schweizerische Nationalbibliothek,Eduard Spelterini,https://commons.wikimedia.org/entity/M32912935,"Kopenhagen, Ortsteilansicht","Kopenhagen, Blick auf die Innenstadt, Ballonaufnahme",1893-1924,Eduard Spelterini,,Denmark,Region Hovedstaden,Kopenhagen,55.67594,12.56553,3,True,0,,https://www.openstreetmap.org/?mlat=55.67594&mlon=12.56553&zoom=14
"Kanderfirn, Landschaft",Ansicht des Kanderfirns,46.4740308,7.81832,Nein,Kanderfirn,lcmt-nabi-pctmp_ead_wehr_3205-B_pctmp.jpg,Bern,circa 1906,,Schweizerische Nationalbibliothek,unknown photographer,https://commons.wikimedia.org/entity/M144187293,"Kanderfirn, Landschaft",Ansicht des Kanderfirns,1906,,,Switzerland,Canton de Berne,Kanderfirn,46.47496,7.80365,5,False,0,1.13,https://www.openstreetmap.org/?mlat=46.47496&mlon=7.80365&zoom=14
"Kopenhagen, Ortsteilansicht","Kopenhagen, Blick auf den Vergnügungspark Tivoli, Ballonaufnahme",,,Nein,  Kopenhagen,lcmt-nabi-pctmp_ead_wehr_32051-B_pctmp.jpg,,1922,,Schweizerische Nationalbibliothek,Eduard Spelterini,https://commons.wikimedia.org/entity/M32912979,"Kopenhagen, Vergnügungspark Tivoli","Kopenhagen, Blick auf den Vergnügungspark Tivoli, Ballonaufnahme",1922,Eduard Spelterini,,Denmark,Region Hovedstaden,Kopenhagen,55.6734266,12.5691891,4,False,1,,https://www.openstreetmap.org/?mlat=55.6734266&mlon=12.5691891&zoom=14
"Andermatt, Landschaft","Andermatt, von Süden gesehen, rechts die Oberalpstrasse, Ballonaufnahme",,,Nein,  Andermatt,lcmt-nabi-pctmp_ead_wehr_32052-B_pctmp.jpg,,1893-1916,,Schweizerische Nationalbibliothek,Eduard Spelterini,https://commons.wikimedia.org/entity/M32915136,"Andermatt, Landschaft","Andermatt, von Süden gesehen, rechts die Oberalpstrasse, Ballonaufnahme",1893-1916,Eduard Spelterini,,Switzerland,Kanton Uri,Andermatt,46.63565,8.59388,3,True,0,,https://www.openstreetmap.org/?mlat=46.63565&mlon=8.59388&zoom=14
"Mont-Blanc-Gebiet, Landschaft","Mont-Blanc-Gebiet, Ballonaufnahme",,,Nein,  Mont Blanc,lcmt-nabi-pctmp_ead_wehr_32059-B_pctmp.jpg,,1893-1924,,Schweizerische Nationalbibliothek,Eduard Spelterini,https://commons.wikimedia.org/entity/M32985540,"Mont-Blanc-Gebiet, Landschaft","Mont-Blanc-Gebiet, Ballonaufnahme",1893-1924,Eduard Spelterini,,France,Auvergne-Rhône-Alpes,Mont Blanc,45.33932,4.31275,3,True,0,,https://www.openstreetmap.org/?mlat=45.33932&mlon=4.31275&zoom=14
"Lagginhorn, Landschaft","Lagginhorn, 4010 m, Südseite, Ballonaufnahme",,,Nein,  Lagginhorn,lcmt-nabi-pctmp_ead_wehr_32060-B_pctmp.jpg,,1913,,Schweizerische Nationalbibliothek,Eduard Spelterini,https://commons.wikimedia.org/entity/M32914690,"Lagginhorn, Landschaft","Lagginhorn, 4010 m, Südseite, Ballonaufnahme",1913,Eduard Spelterini,,Switzerland,Canton du Valais,Lagginhorn,46.15705,8.00308,5,False,0,,https://www.openstreetmap.org/?mlat=46.15705&mlon=8.00308&zoom=14
"Gemmipass, Hotel Schwarenbach, Landschaft","Links das Hotel, rechts der steinerne Hang, oben ein Schneefeld",46.3963126,7.6114172,Nein,Gemmipass,lcmt-nabi-pctmp_ead_wehr_3207-B_pctmp.jpg,Wallis,1906,,Schweizerische Nationalbibliothek,unknown photographer,https://commons.wikimedia.org/entity/M144187364,"Gemmipass, Hotel Schwarenbach","Links das Hotel, rechts der steinerne Hang, oben ein Schneefeld",1906,,,Switzerland,Canton du Valais,Gemmipass,46.39757,7.61405,3,True,0,0.25,https://www.openstreetmap.org/?mlat=46.39757&mlon=7.61405&zoom=14
"France, Massif du Mont-Blanc, Mer de Glace, Landschaft","Gletscher Mer de Glace, Massif du Mont-Blanc (auch: Mont-Blanc-Gruppe), Ballonaufnahme",,,Nein,  Chamonix,lcmt-nabi-pctmp_ead_wehr_32071-B_pctmp.jpg,,1909,,Schweizerische Nationalbibliothek,Eduard Spelterini,https://commons.wikimedia.org/entity/M32914273,"Mer de Glace, Massif du Mont-Blanc","Gletscher Mer de Glace, Massif du Mont-Blanc (auch: Mont-Blanc-Gruppe), Ballonaufnahme",1909,Eduard Spelterini,,France,Auvergne-Rhône-Alpes,Chamonix,45.91906,6.93045,5,False,0,,https://www.openstreetmap.org/?mlat=45.91906&mlon=6.93045&zoom=14
"France, Massif du Mont-Blanc, Glacier d'Argentière, Landschaft","Massif du Mont-Blanc (auch: Mont-Blanc-Gruppe) mit Glacier d'Argentière im Vordergrund, Ballonaufnahme",,,Nein,  Mont Blanc,lcmt-nabi-pctmp_ead_wehr_32072-B_pctmp.jpg,,1909,,Schweizerische Nationalbibliothek,Eduard Spelterini,https://commons.wikimedia.org/entity/M32985511,"Glacier d'Argentière, Massif du Mont-Blanc","Massif du Mont-Blanc (auch: Mont-Blanc-Gruppe) mit Glacier d'Argentière im Vordergrund, Ballonaufnahme",1909,Eduard Spelterini,,France,Auvergne-Rhône-Alpes,Mont Blanc,45.33932,4.31275,3,True,0,,https://www.openstreetmap.org/?mlat=45.33932&mlon=4.31275&zoom=14
"Massif du Mont-Blanc, Glacier du Trient, Landschaft","Glacier du Trient auf der Nordseite des Massif du Mont-Blanc (auch: Mont-Blanc-Gruppe), Ballonaufnahme",,,Nein,  Glacier du Trient,lcmt-nabi-pctmp_ead_wehr_32073-B_pctmp.jpg,,1909,,Schweizerische Nationalbibliothek,Eduard Spelterini,https://commons.wikimedia.org/entity/M32914381,"Glacier du Trient, Massif du Mont-Blanc","Glacier du Trient auf der Nordseite des Massif du Mont-Blanc (auch: Mont-Blanc-Gruppe), Ballonaufnahme",1909,Eduard Spelterini,,Switzerland,Canton du Valais,Glacier du Trient,46.00777,7.02586,5,False,0,,https://www.openstreetmap.org/?mlat=46.00777&mlon=7.02586&zoom=14
"France, Massif du Mont-Blanc, Landschaft","Massif du Mont-Blanc (auch: Mont-Blanc-Gruppe) von Norden gesehen mit dem Mer du Glace und den Aiguilles du Charmoz im Vordergrund, Ballonaufnahme",,,Nein,  Chamonix,lcmt-nabi-pctmp_ead_wehr_32075-B_pctmp.jpg,,1909,,Schweizerische Nationalbibliothek,Eduard Spelterini,https://commons.wikimedia.org/entity/M32985508,Massif du Mont-Blanc mit Aiguilles du Charmoz,"Massif du Mont-Blanc (auch: Mont-Blanc-Gruppe) von Norden gesehen mit dem Mer du Glace und den Aiguilles du Charmoz im Vordergrund, Ballonaufnahme",1909,Eduard Spelterini,,France,Auvergne-Rhône-Alpes,Chamonix,45.92375,6.86933,3,True,0,,https://www.openstreetmap.org/?mlat=45.92375&mlon=6.86933&zoom=14
"France, Massif du Mont-Blanc, Landschaft","Massif du Mont-Blanc (auch: Mont-Blanc-Gruppe) aus ca. 2600 m Höhe, von Norden gesehen, mit Mont Blanc du Tacul und Glacier des Bossons, Ballonaufnahme",,,Nein,  Mont Blanc,lcmt-nabi-pctmp_ead_wehr_32076-B_pctmp.jpg,,1909,,Schweizerische Nationalbibliothek,Eduard Spelterini,https://commons.wikimedia.org/entity/M32985509,Mont-Blanc-Gruppe mit Glacier des Bossons,"Massif du Mont-Blanc (auch: Mont-Blanc-Gruppe) aus ca. 2600 m Höhe, von Norden gesehen, mit Mont Blanc du Tacul und Glacier des Bossons, Ballonaufnahme",1909,Eduard Spelterini,,France,Auvergne-Rhône-Alpes,Mont Blanc,45.33932,4.31275,3,True,0,,https://www.openstreetmap.org/?mlat=45.33932&mlon=4.31275&zoom=14
"Massif du Mont-Blanc, Pointe d'Orny, Landschaft","Massif du Mont-Blanc (auch: Mont-Blanc-Gruppe) mit Pointe d'Orny, ganz rechts im Bild, Ballonaufnahme",,,Nein,  Mont Blanc,lcmt-nabi-pctmp_ead_wehr_32077-B_pctmp.jpg,,1909,,Schweizerische Nationalbibliothek,Eduard Spelterini,https://commons.wikimedia.org/entity/M32985514,"Pointe d'Orny, Massif du Mont-Blanc","Massif du Mont-Blanc (auch: Mont-Blanc-Gruppe) mit Pointe d'Orny, ganz rechts im Bild, Ballonaufnahme",1909,Eduard Spelterini,,Switzerland,Canton du Valais,Mont Blanc,46.00217,7.04272,5,False,0,,https://www.openstreetmap.org/?mlat=46.00217&mlon=7.04272&zoom=14
"France, Massif du Mont-Blanc, Landschaft","Massif du Mont-Blanc (auch: Mont-Blanc-Gruppe) von Norden gesehen, mit Mer de Glace und Aiguilles du Charmoz im Vordergrund, Ballonaufnahme",,,Nein,  Mont Blanc,lcmt-nabi-pctmp_ead_wehr_32078-B_pctmp.jpg,,1909,,Schweizerische Nationalbibliothek,Eduard Spelterini,https://commons.wikimedia.org/entity/M32985516,Massif du Mont-Blanc mit Mer de Glace,"Massif du Mont-Blanc (auch: Mont-Blanc-Gruppe) von Norden gesehen, mit Mer de Glace und Aiguilles du Charmoz im Vordergrund, Ballonaufnahme",1909,Eduard Spelterini,,France,Auvergne-Rhône-Alpes,Mont Blanc,45.33932,4.31275,3,True,0,,https://www.openstreetmap.org/?mlat=45.33932&mlon=4.31275&zoom=14
"France, Massif du Mont-Blanc, Landschaft","Massif du Mont-Blanc (auch: Mont-Blanc-Gruppe), Aiguille du tour, Aiguilles Dorées, Ballonaufnahme",,,Nein,  Mont Blanc,lcmt-nabi-pctmp_ead_wehr_32079-B_pctmp.jpg,,1893-1924,,Schweizerische Nationalbibliothek,Eduard Spelterini,https://commons.wikimedia.org/entity/M32985520,"Aiguille du Tour, Massif du Mont-Blanc","Massif du Mont-Blanc (auch: Mont-Blanc-Gruppe), Aiguille du tour, Aiguilles Dorées, Ballonaufnahme",1893-1924,Eduard Spelterini,,France,Auvergne-Rhône-Alpes,Mont Blanc,45.33932,4.31275,3,True,0,,https://www.openstreetmap.org/?mlat=45.33932&mlon=4.31275&zoom=14
"Gemmipass, Daubensee, Landschaft",Blick auf den Daubensee und die umliegende Landschaft,46.3963126,7.6114172,Nein,Gemmipass,lcmt-nabi-pctmp_ead_wehr_3208-B_pctmp.jpg,Wallis,circa 1906,,Schweizerische Nationalbibliothek,unknown photographer,https://commons.wikimedia.org/entity/M144187425,Daubensee am Gemmipass,Blick auf den Daubensee und die umliegende Landschaft,1906,,,Switzerland,Canton du Valais,Gemmipass,46.4114,7.6192,5,False,0,1.78,https://www.openstreetmap.org/?mlat=46.4114&mlon=7.6192&zoom=14
"Interlaken, Ortsteilansicht","Interlaken, Höhematte mit Startplatz des Ballons, Ballonaufnahme",,,Nein,  Interlaken,lcmt-nabi-pctmp_ead_wehr_32081-B_pctmp.jpg,,1893-1924,,Schweizerische Nationalbibliothek,Eduard Spelterini,https://commons.wikimedia.org/entity/M32913066,"Interlaken, Höhematte","Interlaken, Höhematte mit Startplatz des Ballons, Ballonaufnahme",1893-1924,Eduard Spelterini,,Switzerland,Canton de Berne,Interlaken,46.6860146,7.8573349,4,False,1,,https://www.openstreetmap.org/?mlat=46.6860146&mlon=7.8573349&zoom=14
"Gspaltenhorn, Landschaft","de 1=Gspaltenhorn von Nordosten, Ballonaufnahme en 1=The end of the Sefinen valley in the Bernese Alps, Switzerland, seen from a ballon from about 3400m above sea level. In the center, the north-east wall of the Gspaltenhorn (3436m), to its left, Tschingelspitz and right behind that, Tschingelhorn (3562m). In the background between Tschingelhorn and Gspaltenhorn, the Bietschhorn (3934m).",,,Nein,  Gspaltenhorn,lcmt-nabi-pctmp_ead_wehr_32091-B_pctmp.jpg,,1893-1924,,Schweizerische Nationalbibliothek,Eduard Spelterini,https://commons.wikimedia.org/entity/M32914190,"Gspaltenhorn, Bernese Alps","de 1=Gspaltenhorn von Nordosten, Ballonaufnahme en 1=The end of the Sefinen valley in the Bernese Alps, Switzerland, seen from a ballon from about 3400m above sea level. In the center, the north-east wall of the Gspaltenhorn (3436m), to its left, Tschingelspitz and right behind that, Tschingelhorn (3562m). In the background between Tschingelhorn and Gspaltenhorn, the Bietschhorn (3934m).",,,,Switzerland,Canton de Berne,Gspaltenhorn,46.5116,7.82728,5,False,0,,https://www.openstreetmap.org/?mlat=46.5116&mlon=7.82728&zoom=14
"Teufelsgrat, Landschaft","Teufelsgrat, Festigletscher, Adlerhorn, Kingletscher, Monte Rosa, Liskamm, Ballonaufnahme",,,Nein,  Teufelsgrat,lcmt-nabi-pctmp_ead_wehr_32095-B_pctmp.jpg,,1908,,Schweizerische Nationalbibliothek,Eduard Spelterini,https://commons.wikimedia.org/entity/M32986611,"Teufelsgrat, Monte Rosa","Teufelsgrat, Festigletscher, Adlerhorn, Kingletscher, Monte Rosa, Liskamm, Ballonaufnahme",1908,Eduard Spelterini,,Switzerland,Canton du Valais,Teufelsgrat,46.08041,7.84666,5,False,0,,https://www.openstreetmap.org/?mlat=46.08041&mlon=7.84666&zoom=14
"Südafrika, Johannesburg, Ortsteilansicht","Johannesburg, Ballonaufnahme",,,Nein,  Johannesburg,lcmt-nabi-pctmp_ead_wehr_32111-B_pctmp.jpg,,1911,,Schweizerische Nationalbibliothek,Eduard Spelterini,https://commons.wikimedia.org/entity/M32911039,"Johannesburg, Ortsteilansicht","Johannesburg, Ballonaufnahme",1911,Eduard Spelterini,,South Africa,Gauteng,Johannesburg,-26.20227,28.04363,3,True,0,,https://www.openstreetmap.org/?mlat=-26.20227&mlon=28.04363&zoom=14
"Südafrika, Transvaal, Landschaft","Minen bei Johannesburg, Ballonaufnahme",,,Nein,  Johannesburg,lcmt-nabi-pctmp_ead_wehr_32113-B_pctmp.jpg,,1911,,Schweizerische Nationalbibliothek,Eduard Spelterini,https://commons.wikimedia.org/entity/M32910782,Minen bei Johannesburg,"Minen bei Johannesburg, Ballonaufnahme",1911,Eduard Spelterini,,South Africa,Gauteng,Johannesburg,-26.20227,28.04363,3,True,0,,https://www.openstreetmap.org/?mlat=-26.20227&mlon=28.04363&zoom=14
"Südafrika, Transvaal, Landschaft","Transvaal, Südafrika, Industriegebiet, Ballonaufnahme",,,Nein,  Südafrika,lcmt-nabi-pctmp_ead_wehr_32114-B_pctmp.jpg,,1893-1924,,Schweizerische Nationalbibliothek,Eduard Spelterini,https://commons.wikimedia.org/entity/M32910804,Industriegebiet Transvaal,"Transvaal, Südafrika, Industriegebiet, Ballonaufnahme",1893-1924,Eduard Spelterini,,South Africa,Gauteng,Südafrika,,,0,False,0,,
"Südafrika, Transvaal, Landschaft","Transvaal, Südafrika, Industriegebiet, Ballonaufnahme",,,Nein,  Südafrika,lcmt-nabi-pctmp_ead_wehr_32115-B_pctmp.jpg,,1893-1924,,Schweizerische Nationalbibliothek,Eduard Spelterini,https://commons.wikimedia.org/entity/M32910829,Industriegebiet Transvaal,"Transvaal, Südafrika, Industriegebiet, Ballonaufnahme",1893-1924,Eduard Spelterini,,South Africa,Gauteng,Südafrika,,,0,False,0,,
"Südafrika, Transvaal, Ortsteilansicht","de 1=Minengebiet im Transvaal, Südafrika, Industriegebiet, Ballonaufnahmeen 1=City and Suburban Gold Mine, Johannesburg, South Africa",,,Nein,  Johannesburg,lcmt-nabi-pctmp_ead_wehr_32116-B_pctmp.jpg,,1893-1924,,Schweizerische Nationalbibliothek,Eduard Spelterini,https://commons.wikimedia.org/entity/M32910838,"City and Suburban Gold Mine, Johannesburg","de 1=Minengebiet im Transvaal, Südafrika, Industriegebiet, Ballonaufnahmeen 1=City and Suburban Gold Mine, Johannesburg, South Africa",1893-1924,Eduard Spelterini,,South Africa,Gauteng,Johannesburg,-26.20227,28.04363,3,True,0,,https://www.openstreetmap.org/?mlat=-26.20227&mlon=28.04363&zoom=14
"Südafrika, Transvaal, Landschaft","Transvaal, Witwatersrand, Südafrika, Goldminen, Ballonaufnahme",,,Nein,  Südafrika,lcmt-nabi-pctmp_ead_wehr_32117-B_pctmp.jpg,,1893-1924,,Schweizerische Nationalbibliothek,Eduard Spelterini,https://commons.wikimedia.org/entity/M32910843,Goldminen Witwatersrand,"Transvaal, Witwatersrand, Südafrika, Goldminen, Ballonaufnahme",1893-1924,Eduard Spelterini,,South Africa,Gauteng,Südafrika,,,0,False,0,,
"Südafrika, Transvaal, Ortsteilansicht","Transvaal, Minen, Ballonaufnahme",,,Nein,  Südafrika,lcmt-nabi-pctmp_ead_wehr_32119-B_pctmp.jpg,,1893-1924,,Schweizerische Nationalbibliothek,Eduard Spelterini,https://commons.wikimedia.org/entity/M32910856,Minengebiet Transvaal,"Transvaal, Minen, Ballonaufnahme",1893-1924,Eduard Spelterini,,South Africa,Gauteng,Südafrika,,,0,False,0,,
